序号,供应商大类,供应商编码,供应商名称,供应商简称,城市,街道,联系人,联系电话,邮件地址,供应商类型,账户组,供应商等级,资质是否临期,状态,创建时间
1,备件,,上海能煜精工机械有限公司,,,,,,,,,,否,已启用,2026-04-23 15:22:28
2,综合物资,,贵州华彬饮料销售有限公司,,,,,,,,,,否,已启用,2026-03-20 10:25:55
3,服务商,,贵州胜安消防技术服务有限公司,,,,,,,,,,否,已启用,2026-02-13 09:12:35
4,原材料,,江西天新药业股份有限公司,,,,,,,内容物,,,否,已启用,2026-02-11 16:01:41
5,,,北京恒远科技有限公司,,,,,,,,,,否,已启用,2026-01-14 18:00:08
6,,,郑州瑞斯福食品科技有限公司,香山供应商,,,,,,香精,,,否,已启用,2025-12-31 11:21:52
7,,,北京陆远国际供应链管理有限公司,,,,,,,香精,,,否,已启用,2025-12-31 11:19:15
8,,,网上平台,,,,,,,,,,否,已启用,2025-12-26 11:07:33
9,,,战马（北京）饮料有限公司,,,,,,,,,,否,已启用,2025-12-19 08:57:43
10,,,贵州博锐科技有限公司,,,,,,,,,,否,已启用,2025-11-18 15:31:05
11,,,南京诺朗科技有限公司,南京诺朗,,,,,,内容物,,,否,已启用,2025-08-13 13:45:50
12,,,津药药业股份有限公司,,,,,,,内容物,,,否,已启用,2025-08-10 10:13:51
13,,,广西东亚扶南精糖有限公司,,,,,,,一级白砂糖,,,否,已启用,2025-06-18 13:40:38
14,,,华彬力美科技（湖北）有限公司,,,,,,,香精,,,否,已启用,2025-06-18 13:40:03
15,,,北京香山香精香料有限公司,,,,,,,香精,,,否,已启用,2025-06-18 13:39:49
16,,,山东博瑞特包装科技有限公司,,,,,,,顶盖/底盖,,,否,已启用,2025-06-18 13:39:36
17,,,遵义市友联包装实业有限公司,,,,,,,纸皮,,,否,已启用,2025-06-18 13:38:47
18,,,河南华洋纸塑包装有限公司,,,,,,,"纸皮,热缩膜",,,否,已启用,2025-06-18 13:38:31
19,,,贵州奥瑞金包装有限公司（弃用勿选）,,,,,,,空罐,,,否,已启用,2025-06-17 16:34:26
20,,,贵阳花溪鑫亿图文广告部,,,,,,,,,,否,已启用,2025-05-12 16:51:08
21,,,北京宝莱尔科技有限公司,,,,,,,,,,否,已启用,2025-04-01 11:58:01
22,,,无,,,,,,,纸皮,,,否,已启用,2025-03-09 15:51:25
23,,,河南航睿环保科技有限公司,,,,,,,纸皮,,,否,已启用,2025-03-06 17:34:26
24,,,黔印吧图文快印有限公司,,,,,,,纸皮,,,否,已启用,2025-02-21 14:26:30
25,,,史泰博（上海）有限公司,,,,,,,纸皮,,,否,已启用,2025-02-14 15:00:44
26,,,中粮可口可乐,,,,,,,,,,否,已启用,2025-02-14 11:30:00
27,,, 重庆巴吉度贸易有限公司,,,,,,,纸皮,,,否,已启用,2025-02-10 15:53:26
28,,,北京润帮科技有限公司,,,,,,,,,,否,已启用,2025-01-10 14:18:34
29,,,贵州嘉杰智能设备有限公司,,,,,,,,,,否,已启用,2025-01-09 14:22:32
30,,,广州国新电子科技有限公司,,,,,,,,,,否,已启用,2025-01-09 13:38:41
31,,,贵阳花溪联诚消防器材经营部,,,,,,,,,,否,已启用,2024-11-27 16:11:48
32,,,广东赛利弗智能装备有限公司,,,,,,,,,,否,已启用,2024-11-22 17:27:16
33,,,杭州晨岚科技有限公司,,,淘宝店家（工牌外壳）,,,,,,,否,已启用,2024-11-19 14:19:01
34,,,武汉金国昌机械设备有限公司,,,,,,,,,,否,已启用,2024-11-12 10:59:52
35,,,贵州国谊广告有限公司,,,,,,,,,,否,已启用,2024-10-14 14:14:47
36,,,美美刺绣定制（淘宝）,,,,,,,,,,否,已启用,2024-10-14 10:56:12
37,,,北京瑞丰嘉城机电设备有限公司,,,,,,,,,,否,已启用,2024-09-20 16:03:04
38,,,安捷伦科技,,,,,,,,,,否,已启用,2024-09-20 14:23:05
39,,,天宝消防,,,,,,,,,,否,已启用,2024-08-28 16:06:17
40,,,沃尔玛购物广场,,,花溪甲秀南路16号亨特公园里,,,,,,,否,已启用,2024-08-23 15:45:49
41,,,泰安市丽源工贸有限公司,,,,米西峰,18805387686,,,,,否,已启用,2024-08-19 13:54:13
42,,,中山市汇明贸易有限公司,,,中山市沙溪镇岐江路乐群龙聚还路段,,,,,,,否,已启用,2024-07-31 14:20:04
43,,,巩义市新奇聚合物有限公司,,,,,,,,,,否,已启用,2024-07-29 09:04:37
44,,,山东超华环保智能装备有限公司,,,,,,,,,,否,已启用,2024-07-19 11:16:43
45,,,贵州生产基地（品管部）,,,,,,,,,,否,已启用,2024-07-09 14:10:24
46,,,贵州七巧板文化旅游有限公司,,,,,,,,,,否,已启用,2024-06-28 14:21:31
47,,,广州芬锦服装有限公司,,,,,,,,,,否,已启用,2024-06-07 08:42:26
48,,,贵州龙膳香坊食品有限公司,,,贵州省,,,,,,,否,已启用,2024-06-05 15:36:08
49,,,华彬快速消费品集团,,,,,,,,,,否,已启用,2024-06-05 11:09:50
50,,,星巴克（上海）商业有限公司,,,淘宝官方旗舰店,,,,,,,否,已启用,2024-06-03 10:43:21
51,,,嘉之速电脑办公专营店,,,,,,,,,,否,已启用,2024-05-30 11:46:11
52,,,贵阳京东永航贸易有限公司,,,,,,,,,,否,已启用,2024-05-30 11:38:26
53,,,滴金数码科技（深圳）有限公司,,,,,,,,,,否,已启用,2024-05-30 11:37:17
54,,,贵州国酒茅台销售有限公司,,,,,,,,,,否,已启用,2024-04-23 16:41:11
55,,,重庆赛普实业有限公司,,,,,,,,,,否,已启用,2024-03-22 16:04:28
56,,,贵州省仁怀市几回名酒业有限公司,,,,,,,,,,否,已启用,2024-03-06 08:45:21
57,,,贵阳花溪海龙顶尖刻章店,,,,,,,,,,否,已启用,2024-02-21 15:00:27
58,,,北京瑞泰鼎元信息技术有限公司,,,,,,,,,,否,已启用,2024-01-25 14:40:44
59,,,佛山市南化区小塘碧图吹印厂,,,,,,,,,,否,已启用,2024-01-15 10:49:53
60,,,上海勋翔机械科技有限公司,,,,,,,,,,否,已启用,2024-01-05 10:54:35
61,,,无锡市江大联盛水处理科技有限公司,,,,,,,,,,否,已启用,2024-01-05 10:33:14
62,,,上海汉尔得自动化科技有限公司,,,,,,,,,,否,已启用,2024-01-04 10:01:07
63,,,北京瑞丰嘉诚机电设备有限公司,,,,,,,,,,否,已启用,2024-01-04 09:55:07
64,,,贵州群杰慧科技有限公司,,,,,,,,,,否,已启用,2024-01-03 16:08:26
65,,,衡水明鑫橡塑机械配件有限公司,,,,,,,,,,否,已启用,2024-01-03 16:06:17
66,,,诺信（中国）有限公司,,,,,,,,,,否,已启用,2024-01-03 16:00:03
67,,,茂硕（武汉）机电工程设备有限公司,,,,,,,,,,否,已启用,2024-01-03 12:46:41
68,,,中嘉瑞智能装备（北京）有限公司,,,,,,,,,,否,已启用,2024-01-03 09:53:47
69,,,咸宁市立兴商贸有限公司,,,,,,,,,,否,已启用,2024-01-03 09:44:00
70,,,深圳市恒荣水处理设备有限公司,,,,,,,,,,否,已启用,2024-01-02 14:46:08
71,,,广州市预成工业用品有限公司,,,,,,,,,,否,已启用,2023-12-29 11:08:55
72,,,贵阳市经济开发区莉合花卉店,,,,,,,,,,否,已启用,2023-12-29 10:47:11
73,,,贵安新区锦源饮用水服务站,,,,,,,,,,否,已启用,2023-11-23 18:12:19
74,,,无锡海特力工业设备有限公司,,,,,,,,,,否,已启用,2023-11-22 13:55:34
75,,,农源达生鲜超市,,,贵州贵安新区大学城,,,,,,,否,已启用,2023-11-16 14:52:59
76,,,上海康跃供货,,,,,,,,,,否,已启用,2023-10-26 15:35:08
77,,,龙口奥瑞金包装有限公司,,,,,,,顶盖/底盖,,,否,已启用,2023-08-02 09:33:15
78,,,临沂奥瑞金印铁制罐有限公司,,,,,,,,,,否,已启用,2023-08-02 09:33:15
79,,,珠海博瑞特包装科技有限公司,,,,,,,顶盖/底盖,,,否,已启用,2023-08-02 09:33:15
80,,,华源包装（清远）有限公司,,,,,,,彩印铁,,,否,已启用,2023-08-02 09:33:15
81,,,上海宝钢包装股份有限公司佛山印铁分公司,,,,,,,,,,否,已启用,2023-08-02 09:33:15
82,,,华源包装（咸宁）有限公司,,,,,,,彩印铁,,,否,已启用,2023-08-02 09:33:15
83,,,贵州奥瑞金包装有限公司,,,,,,,"顶盖/底盖,空罐",,,否,已启用,2023-08-02 09:33:15
84,,,广东凯林科技股份有限公司,,,,,,,"包材,热熔胶",,,否,已启用,2023-08-02 09:33:15
85,,,咸宁市振源塑料有限公司,,,,,,,包材,,,否,已启用,2023-08-02 09:33:15
86,,,佛山市三水华彩包装材料有限公司,,,,,,,热缩膜,,,否,已启用,2023-08-02 09:33:15
87,,,河南信谊纸塑包装股份有限公司,,,,,,,纸皮,,,否,已启用,2023-08-02 09:33:15
88,,,新乡市博太彩印实业有限公司,,,,,,,纸皮,,,否,已启用,2023-08-02 09:33:15
89,,,艾地盟香精（平湖）有限公司,,,,,,,香精,,,否,已启用,2023-08-02 09:33:15
90,,,杭州安赛生物科技有限公司,,,,,,,香精,,,否,已启用,2023-08-02 09:33:15
91,,,上海宝开生物科技有限公司,,,,,,,香精,,,否,已启用,2023-08-02 09:33:15
92,,,广西崇左东亚糖业有限公司,,,,,,,一级白砂糖,,,否,已启用,2023-08-02 09:33:15
93,,,天津多福源实业有限公司,,,,,,,内容物,,,否,已启用,2023-08-02 09:33:15
94,,,广州龙沙制药有限公司,,,,,,,内容物,,,否,已启用,2023-08-02 09:33:15
95,,,河北华荣制药有限公司,,,,,,,内容物,,,否,已启用,2023-08-02 09:33:15
96,,,江西天新药业有限公司,,,,,,,内容物,,,否,已启用,2023-08-02 09:33:15
97,,,武汉有机实业有限公司,,,,,,,内容物,,,否,已启用,2023-08-02 09:33:15
98,,,潜江永安药业股份有限公司,,,,,,,内容物,,,否,已启用,2023-08-02 09:33:15
99,,,石药创新制药股份有限公司,,,,,,,内容物,,,否,已启用,2023-08-02 09:33:15
100,,,日照金禾博源生化有限公司,,,,,,,内容物,,,否,已启用,2023-08-02 09:33:15
101,,,中粮生化能源（榆树）有限公司,,,,,,,,,,否,已启用,2023-08-02 09:33:15
102,,,天津天药药业股份有限公司,,,,,,,内容物,,,否,已启用,2023-08-02 09:33:15
103,,,诸城市浩天药业有限公司,,,,,,,内容物,,,否,已启用,2023-08-02 09:33:15
104,,,贵州爱康嘉医疗科技有限公司,,,,,13984010559,,,,,否,已启用,2023-08-02 09:33:15
105,,,贵安新区腾旺商贸有限公司,,,,,13984076487,,,,,否,已启用,2023-08-02 09:33:15
106,,,北京市海洁尔水环境科技公司,,,,,15801113634,,,,,否,已启用,2023-08-02 09:33:15
107,,,贵州星注安科技有限公司,,,,,18985020309,,,,,否,已启用,2023-08-02 09:33:15
108,,,广西中测防雷检测服务有限公司,,,,,13167312167,,,,,否,已启用,2023-08-02 09:33:15
109,,,贵州友盟得胜建设工程有限公司,,,,,13397561379,,,,,否,已启用,2023-08-02 09:33:15
110,,,贵阳巨龙光彩科技有限公司,,,,,18085139991,,,,,否,已启用,2023-08-02 09:33:15
111,,,贵州千洁源清洁服务有限公司,,,,,17784120312,,,,,否,已启用,2023-08-02 09:33:15
112,,,贵州爱康国宾卓悦健康体检有限公司,,,,,13639059920,,,,,否,已启用,2023-08-02 09:33:15
113,,,无锡鸿勤服装有限公司,,,,,18961882858,,,,,否,已启用,2023-08-02 09:33:15
114,,,贵州大唐暖通设备有限公司,,,,,18984196829,,,,,否,已启用,2023-08-02 09:33:15
115,,,贵州诺奇智盛文化传媒有限公司,,,,,13984367165,,,,,否,已启用,2023-08-02 09:33:15
116,,,贵州赋峰环保有限公司,,,,,18798789917,,,,,否,已启用,2023-08-02 09:33:15
117,,,贵州硕博仪器技术有限公司,,,,,13078516512,,,,,否,已启用,2023-08-02 09:33:15
118,,,贵州亚港气体有限公司,,,,,13984798842,,辅料,,,否,已启用,2023-08-02 09:33:15
119,,,贵安新区黔印吧图文快印有限公司,,,,,0851-88900898,,,,,否,已启用,2023-08-02 09:33:15
120,,,贵州龙洋鸿运商贸有限公司,,,,,13511024537,,,,,否,已启用,2023-08-02 09:33:15
121,,,上海博取仪器有限公司,,,,,13482032101,,,,,否,已启用,2023-08-02 09:33:15
122,,,北京悠然睿智技术有限公司,,,,,010-64863859,,,,,否,已启用,2023-08-02 09:33:15
123,,,厦门德莱科仪实业有限公司,,,,,13959247030,,,,,否,已启用,2023-08-02 09:33:15
124,,,北京新澳科兰科技发展有限公司,,,,,18910265348,,,,,否,已启用,2023-08-02 09:33:15
125,,,贵州页川机械制造有限公司,,,,,15699756085,,,,,否,已启用,2023-08-02 09:33:15
126,,,贵阳市南明区刘炀空分配件经营部,,,,,13984827972,,,,,否,已启用,2023-08-02 09:33:15
127,,,武汉森杰机电设备有限公司,,,,,15871427710,,,,,否,已启用,2023-08-02 09:33:15
128,,,镇田科能机械（北京）有限公司,,,,,13901097573,,,,,否,已启用,2023-08-02 09:33:15
129,,,上海问鼎环保科技有限公司,,,,,13817423988,,,,,否,已启用,2023-08-02 09:33:15
130,,,天津贝尔特机械设备有限公司,,,,,13701090103,,,,,否,已启用,2023-08-02 09:33:15
131,,,南京克莱尔输送机械有限公司,,,,,18017388153,,,,,否,已启用,2023-08-02 09:33:15
132,,,武汉易瑞德标识设备有限公司,,,,,18971116555,,,,,否,已启用,2023-08-02 09:33:15
133,,,北京天宇协力能源科技有限公司,,,,,18600226778,,,,,否,已启用,2023-08-02 09:33:15
134,,,北京铂力曼科技有限公司,,,,,13901237741,,,,,否,已启用,2023-08-02 09:33:15
135,,,贵州汇裕升自动化设备有限公司,,,,,15329707420,,,,,否,已启用,2023-08-02 09:33:15
136,,,贵州美顺达工业科技有限公司,,,,,15285016350,,,,,否,已启用,2023-08-02 09:33:15
137,,,瑞迩利世自动化设备（南京）有限公司,,,,,18301205128,,,,,否,已启用,2023-08-02 09:33:15
