id,dict_id,standard_level_id,standard_level_name,process_post_id,process_post_name,process_node,check_object_name,goods_cate_id,goods_cate_name,mat_name,mat_code,tech_standard_version,org_id,org_code,org_name,inspection_project_id,inspection_project_name,inspection_item_id,inspection_item_code,is_judge,sampling_dept_org_id,sampling_dept_org_name,inspection_dept_org_id,inspection_dept_org_name,inner_outer_inspection,quant_qual_type,initial_reinspect,sampling_check_position_id,sampling_check_position_name,inspection_cycle_id,inspection_cycle_name,inspect_unit_qty,status,order_status,ct_uid,up_uid,create_time,check_user_signature,process_arr,remark,inspection_unit_id,inspection_unit,push_system,start_time,can_skip_day,calculate_id,calculate_name,sampling_qty,sampling_unit_id,sampling_unit,inspection_frequency_id,inspection_frequency,inspection_rate_id,inspection_rate,inspection_tool,parameter_standard,abnormal_standard_id,abnormal_standard,indicator_unit_id,indicator_unit,lower_limit,upper_limit,decimal_places,min_unqualified_abnormal,abnormal_result_id,abnormal_result,exceed_plan,inspection_method,valid_begin_date,valid_end_date,is_sync,version,assoc_type
1,CMZI0001,7,集团标准,1,制水,配料,原水,,,,,Q/RW-TS-001-2023,,,,41,感官,40,GC00000001,1,6,生产部,6,生产部,1,2,1,1,原水箱,2,定期检测,,3,1,139,1,2026-06-24 17:47:31,,,,,,1,,,1,单次,,,,11,大于等于1,,1次/班,玻璃烧杯、目测、嗅觉,清澈透明、无异味,17,浑浊/异味,,,,,,1,14,复检,若有不合格，取同一工作班次制水岗位原水500ml进行复检。,接班后1小时内，通过目测和嗅觉感官，从制水岗位取原水500ml进行检测。,2025-01-01,9999-12-31,1,001,"{'assoc_type': 0, 'formPerms': [], 'needSign': ''}"
2,CMZI0002,7,集团标准,1,制水,配料,原水,,,,,Q/RW-TS-001-2023,,,,41,感官,97,GF00000001,1,6,生产部,6,生产部,1,2,2,1,原水箱,2,定期检测,,3,1,139,,2026-06-24 17:47:31,,,,,,1,,,1,单次,,,,11,大于等于1,,1次/班,玻璃烧杯、目测、嗅觉,清澈透明、无异味,17,浑浊/异味,,,,,,1,5,停机汇报,若仍有不合格，立即停机汇报,通过目测和嗅觉感官，取同一工作班次制水岗位原水500ml进行复检。,2025-01-01,9999-12-31,1,001,"{'assoc_type': 0, 'formPerms': [], 'needSign': ''}"
3,CMZI0003,7,集团标准,1,制水,配料,原水,,,,,Q/RW-TS-001-2023,5,8883,红牛维他命饮料（湖北）有限公司,41,感官,41,GC00000002,1,6,生产部,6,生产部,1,1,1,1,原水箱,2,定期检测,,3,1,139,,2026-06-24 17:47:31,,,,,,1,,,1,单次,,,,11,大于等于1,,1次/周,色度计,≤5,,,33,PCU,0.00,5.00,2,1,14,复检,若有不合格，取同一工作班次制水岗位原水50ml进行复检,接班后1小时内，色度计，从制水岗位取原水50ml进行检测。,2025-01-01,9999-12-31,1,001,"{'assoc_type': 0, 'formPerms': [], 'needSign': ''}"
4,CMZI0004,7,集团标准,1,制水,配料,原水,,,,,Q/RW-TS-001-2023,5,8883,红牛维他命饮料（湖北）有限公司,41,感官,98,GF00000002,1,6,生产部,6,生产部,1,1,2,1,原水箱,2,定期检测,,3,1,139,,2026-06-24 17:47:31,,,,,,1,,,1,单次,,,,11,大于等于1,,1次/周,色度计,≤5,,,33,PCU,0.00,5.00,2,1,5,停机汇报,若仍有不合格，立即停机汇报,使用色度计，取同一工作班次制水岗位原水50ml进行复检。,2025-01-01,9999-12-31,1,001,"{'assoc_type': 0, 'formPerms': [], 'needSign': ''}"
5,CMZI0005,7,集团标准,1,制水,配料,原水,,,,,Q/RW-TS-001-2023,,,,41,感官,42,GC00000003,1,5,品管部,5,品管部,1,1,1,1,原水箱,2,定期检测,,3,1,139,,2026-06-24 17:47:31,,,,,,1,,,1,单次,,,,11,大于等于1,,1次/CIP,色度计,≤5,,,33,PCU,0.00,5.00,2,1,14,复检,若有不合格，取同一工作班次制水岗位原水50ml进行复检,接班后1小时内，色度计，从制水岗位取原水50ml进行检测。,2025-01-01,9999-12-31,1,001,"{'assoc_type': 0, 'formPerms': [], 'needSign': ''}"
6,CMZI0006,7,集团标准,1,制水,配料,原水,,,,,Q/RW-TS-001-2023,,,,41,感官,99,GF00000003,1,5,品管部,5,品管部,1,1,2,1,原水箱,2,定期检测,,3,1,139,,2026-06-24 17:47:31,,,,,,1,,,1,单次,,,,11,大于等于1,,1次/周,色度计,≤5,,,33,PCU,0.00,5.00,2,1,5,停机汇报,若仍有不合格，立即停机汇报,使用色度计，取同一工作班次制水岗位原水50ml进行复检。,2025-01-01,9999-12-31,1,001,"{'assoc_type': 0, 'formPerms': [], 'needSign': ''}"
7,CMZI0007,7,集团标准,1,制水,配料,原水,,,,,Q/RW-TS-001-2023,,,,65,菌落总数,42,GC00000003,1,5,品管部,5,品管部,1,1,1,1,原水箱,2,定期检测,,3,1,139,,2026-06-24 17:47:31,,,,,,1,,,1,单次,,,,11,大于等于1,,1次/CIP,滤膜组架、培养箱,≤100CFU/100ml,,,29,CFU/100mL,0,100,0,1,14,复检,若有不合格，取同一CIP期间制水岗位原水100ml进行复检。,车间CIP过程中，通过滤膜法，取制水岗位原水100ml原水进行初检。,2025-01-01,9999-12-31,1,001,"{'assoc_type': 0, 'formPerms': [], 'needSign': ''}"
8,CMZI0008,7,集团标准,1,制水,配料,原水,,,,,Q/RW-TS-001-2023,,,,83,大肠菌群,42,GC00000003,1,5,品管部,5,品管部,1,1,1,1,原水箱,2,定期检测,,3,1,139,,2026-06-24 17:47:31,,,,,,1,,,1,单次,,,,11,大于等于1,,1次/CIP,滤膜组架、培养箱,不得检出,,,29,CFU/100mL,0,0,0,1,14,复检,若有不合格，取同一CIP期间制水岗位原水100ml进行复检。,车间CIP过程中，通过滤膜法，取制水岗位原水100ml原水进行初检。,2025-01-01,9999-12-31,1,001,"{'assoc_type': 0, 'formPerms': [], 'needSign': ''}"
9,CMZI0009,7,集团标准,1,制水,配料,原水,,,,,Q/RW-TS-001-2023,,,,84,霉菌,42,GC00000003,1,5,品管部,5,品管部,1,1,1,1,原水箱,2,定期检测,,3,1,139,,2026-06-24 17:47:31,,,,,,1,,,1,单次,,,,11,大于等于1,,1次/CIP,滤膜组架、培养箱,不得检出,,,29,CFU/100mL,0,0,0,1,14,复检,若有不合格，取同一CIP期间制水岗位原水100ml进行复检。,车间CIP过程中，通过滤膜法，取制水岗位原水100ml原水进行初检。,2025-01-01,9999-12-31,1,001,"{'assoc_type': 0, 'formPerms': [], 'needSign': ''}"
10,CMZI0010,7,集团标准,1,制水,配料,原水,,,,,Q/RW-TS-001-2023,,,,85,酵母菌,42,GC00000003,1,5,品管部,5,品管部,1,1,1,1,原水箱,2,定期检测,,3,1,139,,2026-06-24 17:47:31,,,,,,1,,,1,单次,,,,11,大于等于1,,1次/CIP,滤膜组架、培养箱,不得检出,,,29,CFU/100mL,0,0,0,1,14,复检,若有不合格，取同一CIP期间制水岗位原水100ml进行复检。,车间CIP过程中，通过滤膜法，取制水岗位原水100ml原水进行初检。,2025-01-01,9999-12-31,1,001,"{'assoc_type': 0, 'formPerms': [], 'needSign': ''}"
11,CMZI0011,7,集团标准,1,制水,配料,原水,,,,,Q/RW-TS-001-2023,,,,86,pH,42,GC00000003,1,,,5,品管部,1,1,1,1,原水箱,2,定期检测,,3,1,139,,2026-06-24 17:47:31,,,,,,1,,,1,单次,,,,11,大于等于1,,1次/CIP,在线数显pH计,6.5-8.5,,,,,6.50,8.50,2,1,14,复检,若有不合格，取同一CIP期间制水岗位原水100ml进行复检。,车间CIP过程中，在线数显pH计定期进行检测。,2025-01-01,9999-12-31,1,001,"{'assoc_type': 0, 'formPerms': [], 'needSign': ''}"
12,CMZI0012,7,集团标准,1,制水,配料,原水,,,,,Q/RW-TS-001-2023,,,,65,菌落总数,99,GF00000003,1,5,品管部,5,品管部,1,1,2,1,原水箱,2,定期检测,,3,1,139,,2026-06-24 17:47:31,,,,,,1,,,1,单次,,,,11,大于等于1,,1次/CIP,滤膜组架、培养箱,≤100CFU/100ml,,,29,CFU/100mL,0,100,0,1,12,异常汇报,若仍有不合格，立即汇报。,滤膜法，取同一CIP期间制水岗位原水100ml进行复检。,2025-01-01,9999-12-31,1,001,"{'assoc_type': 0, 'formPerms': [], 'needSign': ''}"
13,CMZI0013,7,集团标准,1,制水,配料,原水,,,,,Q/RW-TS-001-2023,,,,83,大肠菌群,99,GF00000003,1,5,品管部,5,品管部,1,1,2,1,原水箱,2,定期检测,,3,1,139,,2026-06-24 17:47:31,,,,,,1,,,1,单次,,,,11,大于等于1,,1次/CIP,滤膜组架、培养箱,不得检出,,,29,CFU/100mL,0,0,0,1,12,异常汇报,若仍有不合格，立即汇报。,滤膜法，取同一CIP期间制水岗位原水100ml进行复检。,2025-01-01,9999-12-31,1,001,"{'assoc_type': 0, 'formPerms': [], 'needSign': ''}"
14,CMZI0014,7,集团标准,1,制水,配料,原水,,,,,Q/RW-TS-001-2023,,,,84,霉菌,99,GF00000003,1,5,品管部,5,品管部,1,1,2,1,原水箱,2,定期检测,,3,1,139,,2026-06-24 17:47:31,,,,,,1,,,1,单次,,,,11,大于等于1,,1次/CIP,滤膜组架、培养箱,不得检出,,,29,CFU/100mL,0,0,0,1,12,异常汇报,若仍有不合格，立即汇报。,滤膜法，取同一CIP期间制水岗位原水100ml进行复检。,2025-01-01,9999-12-31,1,001,"{'assoc_type': 0, 'formPerms': [], 'needSign': ''}"
15,CMZI0015,7,集团标准,1,制水,配料,原水,,,,,Q/RW-TS-001-2023,,,,85,酵母菌,99,GF00000003,1,5,品管部,5,品管部,1,1,2,1,原水箱,2,定期检测,,3,1,139,,2026-06-24 17:47:31,,,,,,1,,,1,单次,,,,11,大于等于1,,1次/CIP,滤膜组架、培养箱,不得检出,,,29,CFU/100mL,0,0,0,1,12,异常汇报,若仍有不合格，立即汇报。,滤膜法，取同一CIP期间制水岗位原水100ml进行复检。,2025-01-01,9999-12-31,1,001,"{'assoc_type': 0, 'formPerms': [], 'needSign': ''}"
16,CMZI0016,7,集团标准,1,制水,配料,原水,,,,,Q/RW-TS-001-2023,,,,86,pH,99,GF00000003,1,5,品管部,5,品管部,1,1,2,1,原水箱,2,定期检测,,3,1,139,,2026-06-24 17:47:31,,,,,,1,,,1,单次,,,,11,大于等于1,,1次/CIP,在线数显pH计,5.2～6.8,,,,,6.50,8.50,2,1,12,异常汇报,若仍有不合格，立即汇报。,台式pH计，取同一CIP期间制水岗位原水100ml进行复检。,2025-01-01,9999-12-31,1,001,"{'assoc_type': 0, 'formPerms': [], 'needSign': ''}"
17,CMZI0017,8,基地标准,1,制水,配料,原水,,,,,-,8,6865,华彬快速消费品饮料（贵州）有限公司,87,浑浊度,43,GC00000004,1,5,品管部,5,品管部,1,1,1,1,原水箱,4,随机检测,,3,1,139,,2026-06-24 17:47:31,,,,,,0,,,1,单次,,,,11,大于等于1,,,浊度仪,0-1NTU,,,32,NTU,0.00,1.00,2,1,14,复检,若有不合格，进行复检。,每周检测一次,2025-01-01,9999-12-31,1,001,"{'assoc_type': 0, 'formPerms': [], 'needSign': ''}"
18,CMZI0018,8,基地标准,1,制水,配料,原水,,,,,-,8,6865,华彬快速消费品饮料（贵州）有限公司,87,浑浊度,100,GF00000004,1,5,品管部,5,品管部,1,1,2,1,原水箱,4,随机检测,,3,1,139,,2026-06-24 17:47:31,,,,,,0,,,1,单次,,,,11,大于等于1,,,浊度仪,0-1NTU,,,32,NTU,0.00,1.00,2,1,12,异常汇报,若仍有不合格，立即汇报。,复检,2025-01-01,9999-12-31,1,001,"{'assoc_type': 0, 'formPerms': [], 'needSign': ''}"
19,CMZI0019,7,集团标准,1,制水,配料,原水,,,,,Q/RW-TS-001-2023,,,,88,型式检验,44,GC00000005,1,7,第三方检测机构,7,第三方检测机构,2,2,1,1,原水箱,2,定期检测,,3,1,139,,2026-06-24 17:47:31,,,"每年按GB5749检验共4个样品
自来水1个+3口井各1个",,,1,,,1,单次,,,,11,大于等于1,,1次/年,按国标执行,符合GB5749,,,,,,,,1,15,不合格,,按国标执行,2025-01-01,9999-12-31,0,001,"{'assoc_type': 0, 'formPerms': [], 'needSign': ''}"
20,CMZI0020,7,集团标准,1,制水,配料,井水,,,,,Q/RW-TS-001-2023,,,,88,型式检验,45,GC00000006,1,7,第三方检测机构,7,第三方检测机构,2,2,1,16,深水井泵房,2,定期检测,,3,1,139,,2026-06-24 17:47:31,,,按GB14848每年检测2次，每次随机取2口井的水样,,,1,,,1,单次,,,,11,大于等于1,,2次/年,按国标执行,符合地下水标准GB14848,,,,,,,,1,15,不合格,,按国标执行,2025-01-01,9999-12-31,0,001,"{'assoc_type': 0, 'formPerms': [], 'needSign': ''}"
21,CMZI0021,7,集团标准,1,制水,配料,RO水,,,,,Q/RW-TS-001-2023,,,,86,pH,119,无,1,,,6,生产部,1,1,1,2,RO水罐,2,定期检测,,3,1,139,,2026-06-24 17:47:31,,,,,,1,,,1,单次,,,,11,大于等于1,,1次/小时,在线数显pH计,5.2～6.8,,,,,5.20,6.80,2,1,14,复检,若有不合格，立即停机并取100ml制水岗位RO水通过台式PH计进行复检,在线pH计测量读数，pH计,2025-01-01,9999-12-31,1,001,"{'assoc_type': 0, 'formPerms': [], 'needSign': ''}"
22,CMZI0022,7,集团标准,1,制水,配料,RO水,,,,,Q/RW-TS-001-2023,,,,86,pH,101,GF00000005,1,6,生产部,6,生产部,1,1,2,2,RO水罐,2,定期检测,,3,1,139,,2026-06-24 17:47:31,,,,,,1,,,1,单次,,,,11,大于等于1,,1次/小时,台式pH计,5.2～6.8,,,,,5.20,6.80,2,1,9,汇报整改,若仍不合格，汇报并进行排水，直至检测合格为止,取100ml制水岗位RO水通过台式PH计进行复检,2025-01-01,9999-12-31,1,001,"{'assoc_type': 0, 'formPerms': [], 'needSign': ''}"
23,CMZI0023,7,集团标准,1,制水,配料,RO水,,,,,Q/RW-TS-001-2023,,,,86,pH,46,GC00000007,1,6,生产部,5,品管部,1,1,1,13,配料冷水缸,2,定期检测,,3,1,139,,2026-06-24 17:47:31,,,,,,1,,,1,单次,,,,11,大于等于1,,1次/4小时,台式pH计,5.2～6.8,,,,,5.20,6.80,2,1,14,复检,若有不合格，取制水岗位配料冷水缸中RO水50ml，通过台式PH计进行复检,取制水岗位配料冷水缸中RO水50ml，通过台式PH计进行初检。,2025-01-01,9999-12-31,1,001,"{'assoc_type': 0, 'formPerms': [], 'needSign': ''}"
24,CMZI0024,7,集团标准,1,制水,配料,RO水,,,,,Q/RW-TS-001-2023,,,,86,pH,102,GF00000006,1,6,生产部,5,品管部,1,1,2,13,配料冷水缸,2,定期检测,,3,1,139,,2026-06-24 17:47:31,,,,,,1,,,1,单次,,,,11,大于等于1,,1次/4小时,台式pH计,5.2～6.8,,,,,5.20,6.80,2,1,9,汇报整改,若仍不合格，汇报并进行排水，直至检测合格为止。,取制水岗位配料冷水缸中RO水50ml，通过台式PH计进行复检。,2025-01-01,9999-12-31,1,001,"{'assoc_type': 0, 'formPerms': [], 'needSign': ''}"
25,CMZI0025,7,集团标准,1,制水,配料,RO水,,,,,Q/RW-TS-001-2023,,,,89,电导率,119,无,1,,,6,生产部,1,1,1,2,RO水罐,2,定期检测,,3,1,139,,2026-06-24 17:47:31,,,,,,1,,,1,单次,,,,11,大于等于1,,1次/小时,在线数显电导率仪,≤3μs/cm,,,34,μS/cm,0.00,2.99,2,1,14,复检,若有不合格，立即取100ml制水岗位RO水，通过台式数显电导率仪进行复检,电导率仪在线测量读数,2025-01-01,9999-12-31,1,001,"{'assoc_type': 0, 'formPerms': [], 'needSign': ''}"
26,CMZI0026,7,集团标准,1,制水,配料,RO水,,,,,Q/RW-TS-001-2023,,,,89,电导率,103,GF00000007,1,6,生产部,6,生产部,1,1,2,2,RO水罐,2,定期检测,,3,1,139,,2026-06-24 17:47:31,,,,,,1,,,1,单次,,,,11,大于等于1,,1次/小时,台式数显电导率仪,≤3μs/cm,,,34,μS/cm,0.00,2.99,2,1,9,汇报整改,若仍不合格，汇报并进行排水，直至检测合格为止,取100ml制水岗位RO水，通过台式数显电导率仪进行复检,2025-01-01,9999-12-31,1,001,"{'assoc_type': 0, 'formPerms': [], 'needSign': ''}"
27,CMZI0027,7,集团标准,1,制水,配料,RO水,,,,,Q/RW-TS-001-2023,,,,89,电导率,46,GC00000007,1,6,生产部,5,品管部,1,1,1,2,RO水罐,2,定期检测,,3,1,139,,2026-06-24 17:47:31,,,,,,1,,,1,单次,,,,11,大于等于1,,1次/4小时,台式数显电导率仪,≤3μs/cm,,,34,μS/cm,0.00,2.99,2,1,14,复检,若有不合格，取制水岗位配料冷水缸中RO水50ml，通过台式数显电导率仪进行复检。,取制水岗位配料冷水缸中RO水50ml，通过台式数显电导率仪进行初检。,2025-01-01,9999-12-31,1,001,"{'assoc_type': 0, 'formPerms': [], 'needSign': ''}"
28,CMZI0028,7,集团标准,1,制水,配料,RO水,,,,,Q/RW-TS-001-2023,,,,89,电导率,102,GF00000006,1,6,生产部,5,品管部,1,1,2,2,RO水罐,2,定期检测,,3,1,139,,2026-06-24 17:47:31,,,,,,1,,,1,单次,,,,11,大于等于1,,1次/4小时,台式数显电导率仪,≤3μs/cm,,,34,μS/cm,0.00,2.99,2,1,9,汇报整改,若仍不合格，汇报并进行排水，直至检测合格为止,取制水岗位配料冷水缸中RO水50ml，通过台式数显电导率仪进行复检。,2025-01-01,9999-12-31,1,001,"{'assoc_type': 0, 'formPerms': [], 'needSign': ''}"
29,CMZI0029,7,集团标准,1,制水,配料,RO水,,,,,Q/RW-TS-001-2023,,,,65,菌落总数,47,GC00000008,1,5,品管部,5,品管部,1,1,1,2,RO水罐,2,定期检测,,3,1,139,,2026-06-24 17:47:31,,,,,,1,,,1,单次,,,,11,大于等于1,,1次/CIP,滤膜组架、培养箱,≤20CFU/100ml,,,29,CFU/100mL,0,20,0,1,14,复检,若有不合格，立即从制水岗位取RO水100ml进行复检。,车间CIP过程中，通过滤膜法，取制水岗位RO水100ml进行初检。,2025-01-01,9999-12-31,1,001,"{'assoc_type': 0, 'formPerms': [], 'needSign': ''}"
30,CMZI0030,7,集团标准,1,制水,配料,RO水,,,,,Q/RW-TS-001-2023,,,,83,大肠菌群,47,GC00000008,1,5,品管部,5,品管部,1,1,1,2,RO水罐,2,定期检测,,3,1,139,,2026-06-24 17:47:31,,,,,,1,,,1,单次,,,,11,大于等于1,,1次/CIP,滤膜组架、培养箱,不得检出,,,29,CFU/100mL,0,0,0,1,14,复检,若有不合格，立即从制水岗位取RO水100ml进行复检。,车间CIP过程中，通过滤膜法，取制水岗位RO水100ml进行初检。,2025-01-01,9999-12-31,1,001,"{'assoc_type': 0, 'formPerms': [], 'needSign': ''}"
31,CMZI0031,7,集团标准,1,制水,配料,RO水,,,,,Q/RW-TS-001-2023,,,,84,霉菌,47,GC00000008,1,5,品管部,5,品管部,1,1,1,2,RO水罐,2,定期检测,,3,1,139,,2026-06-24 17:47:31,,,,,,1,,,1,单次,,,,11,大于等于1,,1次/CIP,滤膜组架、培养箱,不得检出,,,29,CFU/100mL,0,0,0,1,14,复检,若有不合格，立即从制水岗位取RO水100ml进行复检。,车间CIP过程中，通过滤膜法，取制水岗位RO水100ml进行初检。,2025-01-01,9999-12-31,1,001,"{'assoc_type': 0, 'formPerms': [], 'needSign': ''}"
32,CMZI0032,7,集团标准,1,制水,配料,RO水,,,,,Q/RW-TS-001-2023,,,,85,酵母菌,47,GC00000008,1,5,品管部,5,品管部,1,1,1,2,RO水罐,2,定期检测,,3,1,139,,2026-06-24 17:47:31,,,,,,1,,,1,单次,,,,11,大于等于1,,1次/CIP,滤膜组架、培养箱,不得检出,,,29,CFU/100mL,0,0,0,1,14,复检,若有不合格，立即从制水岗位取RO水100ml进行复检。,车间CIP过程中，通过滤膜法，取制水岗位RO水100ml进行初检。,2025-01-01,9999-12-31,1,001,"{'assoc_type': 0, 'formPerms': [], 'needSign': ''}"
33,CMZI0033,7,集团标准,1,制水,配料,RO水,,,,,Q/RW-TS-001-2023,,,,65,菌落总数,104,GF00000008,1,5,品管部,5,品管部,1,1,2,2,RO水罐,2,定期检测,,3,1,139,,2026-06-24 17:47:31,,,,,,1,,,1,单次,,,,11,大于等于1,,1次/CIP,滤膜组架、培养箱,≤20CFU/100ml,,,29,CFU/100mL,0,20,0,1,12,异常汇报,若仍有不合格，立即汇报。,滤膜法，从制水岗位取RO水100ml进行复检。,2025-01-01,9999-12-31,1,001,"{'assoc_type': 0, 'formPerms': [], 'needSign': ''}"
34,CMZI0034,7,集团标准,1,制水,配料,RO水,,,,,Q/RW-TS-001-2023,,,,83,大肠菌群,104,GF00000008,1,5,品管部,5,品管部,1,1,2,2,RO水罐,2,定期检测,,3,1,139,,2026-06-24 17:47:31,,,,,,1,,,1,单次,,,,11,大于等于1,,1次/CIP,滤膜组架、培养箱,不得检出,,,29,CFU/100mL,0,0,0,1,12,异常汇报,若仍有不合格，立即汇报。,滤膜法，从制水岗位取RO水100ml进行复检。,2025-01-01,9999-12-31,1,001,"{'assoc_type': 0, 'formPerms': [], 'needSign': ''}"
35,CMZI0035,7,集团标准,1,制水,配料,RO水,,,,,Q/RW-TS-001-2023,,,,84,霉菌,104,GF00000008,1,5,品管部,5,品管部,1,1,2,2,RO水罐,2,定期检测,,3,1,139,,2026-06-24 17:47:31,,,,,,1,,,1,单次,,,,11,大于等于1,,1次/CIP,滤膜组架、培养箱,不得检出,,,29,CFU/100mL,0,0,0,1,12,异常汇报,若仍有不合格，立即汇报。,滤膜法，从制水岗位取RO水100ml进行复检。,2025-01-01,9999-12-31,1,001,"{'assoc_type': 0, 'formPerms': [], 'needSign': ''}"
36,CMZI0036,7,集团标准,1,制水,配料,RO水,,,,,Q/RW-TS-001-2023,,,,85,酵母菌,104,GF00000008,1,5,品管部,5,品管部,1,1,2,2,RO水罐,2,定期检测,,3,1,139,,2026-06-24 17:47:31,,,,,,1,,,1,单次,,,,11,大于等于1,,1次/CIP,滤膜组架、培养箱,不得检出,,,29,CFU/100mL,0,0,0,1,12,异常汇报,若仍有不合格，立即汇报。,滤膜法，从制水岗位取RO水100ml进行复检。,2025-01-01,9999-12-31,1,001,"{'assoc_type': 0, 'formPerms': [], 'needSign': ''}"
37,CMZI0037,8,基地标准,1,制水,配料,RO水,,,,,,8,6865,华彬快速消费品饮料（贵州）有限公司,90,余氯,119,无,1,5,品管部,5,品管部,1,1,1,13,配料冷水缸,4,随机检测,,3,1,139,,2026-06-24 17:47:31,,,,,,0,,,1,单次,,,,11,大于等于1,,,余氯检测仪,≤0.05mg/L,,,30,mg/L,0.00,0.05,2,1,14,复检,若有不合格，进行复检。,使用余氯检测仪检测。,2025-01-01,9999-12-31,0,001,"{'assoc_type': 0, 'formPerms': [], 'needSign': ''}"
38,CMZI0038,8,基地标准,1,制水,配料,RO水,,,,,,8,6865,华彬快速消费品饮料（贵州）有限公司,90,余氯,119,无,1,5,品管部,5,品管部,1,1,2,13,配料冷水缸,4,随机检测,,3,1,139,,2026-06-24 17:47:31,,,,,,0,,,1,单次,,,,11,大于等于1,,,余氯检测仪,≤0.05mg/L,,,30,mg/L,0.00,0.05,2,1,12,异常汇报,若仍有不合格，立即汇报。,使用余氯检测仪检测。,2025-01-01,9999-12-31,0,001,"{'assoc_type': 0, 'formPerms': [], 'needSign': ''}"
39,CMZI0039,8,基地标准,1,制水,配料,RO水,,,,,,6,8885,广东红牛维他命饮料有限公司,90,余氯,119,无,1,5,品管部,5,品管部,1,1,1,13,配料冷水缸,4,随机检测,,3,1,139,,2026-06-24 17:47:31,,,,,,0,,,1,单次,,,,11,大于等于1,,,余氯检测仪,≤0.05mg/L,,,30,mg/L,0.00,0.05,2,1,14,复检,若有不合格，进行复检。,使用余氯检测仪检测。,2025-01-01,9999-12-31,0,001,"{'assoc_type': 0, 'formPerms': [], 'needSign': ''}"
40,CMZI0040,8,基地标准,1,制水,配料,RO水,,,,,,6,8885,广东红牛维他命饮料有限公司,90,余氯,105,GF00000009,1,5,品管部,5,品管部,1,1,2,13,配料冷水缸,4,随机检测,,3,1,139,,2026-06-24 17:47:31,,,,,,0,,,1,单次,,,,11,大于等于1,,,余氯检测仪,≤0.05mg/L,,,30,mg/L,0.00,0.05,2,1,12,异常汇报,若仍有不合格，立即汇报。,使用余氯检测仪检测。,2025-01-01,9999-12-31,0,001,"{'assoc_type': 0, 'formPerms': [], 'needSign': ''}"
41,CMZI0041,8,基地标准,1,制水,配料,RO水,,,,,,9,6866,华彬快速消费品饮料（福建）有限公司,90,余氯,48,GC00000009,1,5,品管部,5,品管部,1,1,1,13,配料冷水缸,2,定期检测,,3,1,139,,2026-06-24 17:47:31,,,,,,1,,,1,单次,,,,11,大于等于1,,1次/季度,余氯检测仪,≤0.05mg/L,,,30,mg/L,0.00,0.05,2,1,14,复检,若有不合格，进行复检。,使用余氯检测仪检测。,2025-01-01,9999-12-31,0,001,"{'assoc_type': 0, 'formPerms': [], 'needSign': ''}"
42,CMZI0042,8,基地标准,1,制水,配料,RO水,,,,,,9,6866,华彬快速消费品饮料（福建）有限公司,90,余氯,106,GF00000010,1,5,品管部,5,品管部,1,1,2,13,配料冷水缸,2,定期检测,,3,1,139,,2026-06-24 17:47:31,,,,,,1,,,1,单次,,,,11,大于等于1,,1次/季度,余氯检测仪,≤0.05mg/L,,,30,mg/L,0.00,0.05,2,1,12,异常汇报,若仍有不合格，立即汇报。,使用余氯检测仪检测。,2025-01-01,9999-12-31,0,001,"{'assoc_type': 0, 'formPerms': [], 'needSign': ''}"
43,CMZI0043,7,集团标准,1,制水,配料,RO水,,,,,Q/RW-TS-001-2023,,,,88,型式检验,49,GC00000010,1,7,第三方检测机构,7,第三方检测机构,2,2,1,2,RO水罐,2,定期检测,,3,1,139,,2026-06-24 17:47:31,,,按药典标准每年检测2次，每次均全部覆盖取样（AB组、C组），线下留存文件,,,1,,,1,单次,,,,11,大于等于1,,2次/年,按药典标准执行,中国药典纯化水质量要求,,,,,,,,1,15,不合格,,按药典标准执行,2025-01-01,9999-12-31,0,001,"{'assoc_type': 0, 'formPerms': [], 'needSign': ''}"
44,CMZI0044,7,集团标准,4,称料,分装检测,内容物,,,,,Q/RW-TS-001-2023,,,,42,内容物质量,119,无,1,6,生产部,6,生产部,1,2,1,6,称料间,1,定量检测,,3,1,139,,2026-06-24 17:47:31,,,,,,0,,,1,单次,,,,11,大于等于1,,1次/包装,目视、嗅觉、触觉,无变色、异物、异味、结晶颗粒正常,18,变色/异物/异味/结晶颗粒异常,,,,,,1,11,退库,若有不合格，此批货物退货给储运部，并做补货处理。,感官检测,2025-01-01,9999-12-31,1,001,"{'assoc_type': 0, 'formPerms': [], 'needSign': ''}"
45,CMZI0045,7,集团标准,4,称料,称料是否有差异,内容物,,,,,Q/RW-TS-001-2023,,,,91,配方内容物重量,119,无,1,,,5,品管部,1,2,1,6,称料间,4,随机检测,,3,1,139,,2026-06-24 17:47:31,,,,,,0,,,1,单次,,,,12,2,,1配方/日,电子称,配方重量与系统库存一致,,,,,,,,1,4,隔离,发现错误开展追溯以及原因分析，并隔离相关的配方,称重，抽查配方中某一物料的重量是否与系统中库存数据一致。,2025-01-01,9999-12-31,1,001,"{'assoc_type': 0, 'formPerms': [], 'needSign': ''}"
46,CMZI0046,7,集团标准,4,称料,称料是否有差异,内容物,,,,,Q/RW-TS-001-2023,,,,92,剩余内容物重量,119,无,1,,,5,品管部,1,2,1,6,称料间,4,随机检测,,3,1,139,,2026-06-24 17:47:31,,,,,,0,,,1,单次,,,,12,2,,,电子称,实物剩余重量与记录或系统库存一致,,,,,,,,1,4,隔离,发现错误开展追溯以及原因分析，并隔离相关的配方,称重，对抽查的配方物料在称料岗的剩余重量与系统库存数据核对是否一致。,2025-01-01,9999-12-31,1,001,"{'assoc_type': 0, 'formPerms': [], 'needSign': ''}"
47,CMZI0047,7,集团标准,9,配料,配料,RO水,,,,,Q/RW-TS-001-2023,,,,41,感官,50,GC00000011,1,6,生产部,5,品管部,1,2,1,13,配料冷水缸,2,定期检测,,3,1,139,,2026-06-24 17:47:31,,,,,,1,,,1,单次,,,,11,大于等于1,,1次/4小时,玻璃烧杯、目测、嗅觉,清澈透明、无异味,17,浑浊/异味,,,,,,1,14,复检,若有不合格，通知配料人员重新取300ml配料岗位RO水进行复检。,取300ml配料岗位RO水，以正常视力观察，RO水无可见外来杂质，嗅觉无异味。,2025-01-01,9999-12-31,1,001,"{'assoc_type': 0, 'formPerms': [], 'needSign': ''}"
48,CMZI0048,7,集团标准,9,配料,配料,RO水,,,,,Q/RW-TS-001-2023,,,,41,感官,107,GF00000011,1,6,生产部,5,品管部,1,2,2,13,配料冷水缸,2,定期检测,,3,1,139,,2026-06-24 17:47:31,,,,,,1,,,1,单次,,,,11,大于等于1,,1次/4小时,玻璃烧杯、目测、嗅觉,清澈透明、无异味,17,浑浊/异味,,,,,,1,6,停止供水，调试,若仍有不合格，通知制水车间停止供水，待指标检测合格后方可恢复供水。,重新取300ml配料岗位RO水进行复检，以正常视力观察，RO水无可见外来杂质，嗅觉无异味。,2025-01-01,9999-12-31,1,001,"{'assoc_type': 0, 'formPerms': [], 'needSign': ''}"
49,CMZI0049,7,集团标准,9,配料,配料,RO水,,,,,Q/RW-TS-001-2023,,,,89,电导率,50,GC00000011,1,6,生产部,5,品管部,1,1,1,13,配料冷水缸,2,定期检测,,3,1,139,,2026-06-24 17:47:31,,,,,,1,,,1,单次,,,,11,大于等于1,,1次/4小时,电导率仪,≤3μs/cm,,,34,μS/cm,0.00,3.00,2,1,14,复检,若有不合格，通知配料人员重新取300ml配料岗位RO水进行复检。,取300ml配料岗位RO水，使用电导率仪进行测量。,2025-01-01,9999-12-31,1,001,"{'assoc_type': 0, 'formPerms': [], 'needSign': ''}"
50,CMZI0050,7,集团标准,9,配料,配料,RO水,,,,,Q/RW-TS-001-2023,,,,89,电导率,107,GF00000011,1,6,生产部,5,品管部,1,1,2,13,配料冷水缸,2,定期检测,,3,1,139,,2026-06-24 17:47:31,,,,,,1,,,1,单次,,,,11,大于等于1,,1次/4小时,电导率仪,≤3μs/cm,,,34,μS/cm,0.00,3.00,2,1,6,停止供水，调试,若仍有不合格，通知制水车间停止供水，待指标检测合格后方可恢复供水。,重新取300ml配料岗位RO水，使用电导率仪进行复检。,2025-01-01,9999-12-31,1,001,"{'assoc_type': 0, 'formPerms': [], 'needSign': ''}"
51,CMZI0051,7,集团标准,9,配料,配料,RO水,,,,,Q/RW-TS-001-2023,,,,86,pH,50,GC00000011,1,6,生产部,5,品管部,1,1,1,13,配料冷水缸,2,定期检测,,3,1,139,,2026-06-24 17:47:31,,,,,,1,,,1,单次,,,,11,大于等于1,,1次/4小时,台式酸度计,5.2～6.8,,,,,5.20,6.80,2,1,14,复检,若有不合格，通知配料人员重新取300ml配料岗位RO水进行复检。,取300ml配料岗位RO水，使用台式酸度计进行测量。,2025-01-01,9999-12-31,1,001,"{'assoc_type': 0, 'formPerms': [], 'needSign': ''}"
52,CMZI0052,7,集团标准,9,配料,配料,RO水,,,,,Q/RW-TS-001-2023,,,,86,pH,107,GF00000011,1,6,生产部,5,品管部,1,1,2,13,配料冷水缸,2,定期检测,,3,1,139,,2026-06-24 17:47:31,,,,,,1,,,1,单次,,,,11,大于等于1,,1次/4小时,台式酸度计,5.2～6.8,,,,,5.20,6.80,2,1,6,停止供水，调试,若仍有不合格，通知制水车间停止供水，待指标检测合格后方可恢复供水。,重新取300ml配料岗位RO水，使用台式酸度计进行复检。,2025-01-01,9999-12-31,1,001,"{'assoc_type': 0, 'formPerms': [], 'needSign': ''}"
53,CMZI0053,7,集团标准,9,配料,配料,配料,,,,,Q/RW-TS-001-2023,,,,93,温度,119,无,1,6,生产部,6,生产部,1,1,1,12,配料缸,3,实时监测,,3,1,139,,2026-06-24 17:47:31,,,配料到罐装结束期间，温度要持续保持在正常范围内。,,,0,,,1,单次,,,,,,,,电子温度计,48～52℃,,,28,℃,48,52,0,1,13,调试,若有不合格，温度调试至合格范围后方可使用。,数显温度计测量。,2025-01-01,9999-12-31,1,001,"{'assoc_type': 0, 'formPerms': [], 'needSign': ''}"
54,CMZI0054,7,集团标准,9,配料,配料,CIP用水,,,,,Q/RW-TS-001-2023,,,,94,水温,119,无,1,6,生产部,6,生产部,1,1,1,10,化糖缸,3,实时监测,,3,1,139,,2026-06-24 17:47:31,,,CIP期间所用RO水需持续保持在正常范围内。,,,0,,,1,单次,,,,,,,,感应温度计,≥90℃,,,28,℃,90,,0,1,13,调试,若有不合格，温度调试至合格范围后方可使用。,目视：配料操作屏上查看水温。,2025-01-01,9999-12-31,1,001,"{'assoc_type': 0, 'formPerms': [], 'needSign': ''}"
55,CMZI0055,7,集团标准,9,配料,取样、送检,半成品理化,,,,,Q/RW-TS-001-2023,,,,67,可溶性固形物,51,GC00000012,1,6,生产部,5,品管部,1,1,1,12,配料缸,1,定量检测,1,3,1,139,,2026-06-24 17:47:31,,,,44,批次,0,,,1,单次,,,,11,大于等于1,,1次/批,数显糖度计,普通型：12.1～12.6%,,,26,%,12.1,12.6,1,1,14,复检,若有不合格，通知生产部重新取50ml配料岗位半成品进行复检。,半成品配料后半小时内，取50ml配料岗位半成品，将待测样品温度调至20℃-23℃，使用数显糖度计进行检测。,2025-01-01,9999-12-31,1,001,"{'assoc_type': 0, 'formPerms': [], 'needSign': ''}"
56,CMZI0056,7,集团标准,9,配料,取样、送检,半成品理化,,,,,Q/RW-TS-001-2023,,,,67,可溶性固形物,51,GC00000012,1,6,生产部,5,品管部,1,1,1,12,配料缸,1,定量检测,1,3,1,139,,2026-06-24 17:47:31,,,,44,批次,0,,,1,单次,,,,11,大于等于1,,1次/批,数显糖度计,普通型：12.1～12.6%,,,26,%,12.1,12.6,1,1,14,复检,若有不合格，通知生产部重新取50ml配料岗位半成品进行复检。,半成品配料后半小时内，取50ml配料岗位半成品，将待测样品温度调至20℃-23℃，使用数显糖度计进行检测。,2025-01-01,9999-12-31,1,001,"{'assoc_type': 0, 'formPerms': [], 'needSign': ''}"
57,CMZI0057,7,集团标准,9,配料,取样、送检,半成品理化,,,,,Q/RW-TS-001-2023,,,,67,可溶性固形物,108,GF00000012,1,6,生产部,5,品管部,1,1,2,12,配料缸,1,定量检测,1,3,1,139,,2026-06-24 17:47:31,,,,44,批次,0,,,1,单次,,,,11,大于等于1,,1次/批,数显糖度计,普通型：12.1～12.6%,,,26,%,12.1,12.6,1,1,13,调试,若仍有不合格，应进行调试，直至调试合格。,重新取50ml配料岗位半成品进行复检，将待测样品温度调至20℃-23℃，使用数显糖度计进行检测。,2025-01-01,9999-12-31,1,001,"{'assoc_type': 0, 'formPerms': [], 'needSign': ''}"
58,CMZI0058,7,集团标准,9,配料,取样、送检,半成品理化,,,,,Q/RW-TS-001-2023,,,,67,可溶性固形物,108,GF00000012,1,6,生产部,5,品管部,1,1,2,12,配料缸,1,定量检测,1,3,1,139,,2026-06-24 17:47:31,,,,44,批次,0,,,1,单次,,,,11,大于等于1,,1次/批,数显糖度计,普通型：12.1～12.6%,,,26,%,12.1,12.6,1,1,13,调试,若仍有不合格，应进行调试，直至调试合格。,重新取50ml配料岗位半成品进行复检，将待测样品温度调至20℃-23℃，使用数显糖度计进行检测。,2025-01-01,9999-12-31,1,001,"{'assoc_type': 0, 'formPerms': [], 'needSign': ''}"
59,CMZI0059,7,集团标准,9,配料,取样、送检,半成品理化,,,,,Q/RW-TS-001-2023,,,,67,可溶性固形物,51,GC00000012,1,6,生产部,5,品管部,1,1,1,12,配料缸,1,定量检测,1,3,1,139,,2026-06-24 17:47:31,,,,44,批次,0,,,1,单次,,,,11,大于等于1,,1次/批,数显糖度计,强化型：15.2～15.6%,,,26,%,15.2,15.6,1,1,14,复检,若有不合格，通知生产部重新取50ml配料岗位半成品进行复检。,半成品配料后半小时内，取50ml配料岗位半成品，将待测样品温度调至20℃-23℃，使用数显糖度计进行检测。,2025-01-01,9999-12-31,1,001,"{'assoc_type': 0, 'formPerms': [], 'needSign': ''}"
60,CMZI0060,7,集团标准,9,配料,取样、送检,半成品理化,,,,,Q/RW-TS-001-2023,,,,67,可溶性固形物,108,GF00000012,1,6,生产部,5,品管部,1,1,2,12,配料缸,1,定量检测,1,3,1,139,,2026-06-24 17:47:31,,,,44,批次,0,,,1,单次,,,,11,大于等于1,,1次/批,数显糖度计,强化型：15.2～15.6%,,,26,%,15.2,15.6,1,1,13,调试,若仍有不合格，应进行调试，直至调试合格。,重新取50ml配料岗位半成品进行复检，将待测样品温度调至20℃-23℃，使用数显糖度计进行检测。,2025-01-01,9999-12-31,1,001,"{'assoc_type': 0, 'formPerms': [], 'needSign': ''}"
61,CMZI0061,7,集团标准,9,配料,取样、送检,半成品理化,,,,,Q/RW-TS-001-2023,,,,41,感官,51,GC00000012,1,6,生产部,5,品管部,1,2,1,12,配料缸,1,定量检测,1,3,1,139,,2026-06-24 17:47:31,,,,44,批次,0,,,1,单次,,,,11,大于等于1,,1次/批,视觉,呈柠檬黄色,,,,,,,,1,14,复检,若有不合格，通知生产部重新取50ml配料岗位半成品进行复检。,"半成品配料后半小时内，取50ml配料岗位半成品，将待测样品与""CT""做对比观察是否有颜色差异。",2025-01-01,9999-12-31,1,001,"{'assoc_type': 0, 'formPerms': [], 'needSign': ''}"
62,CMZI0062,7,集团标准,9,配料,取样、送检,半成品理化,,,,,Q/RW-TS-001-2023,,,,41,感官,108,GF00000012,1,6,生产部,5,品管部,1,2,2,12,配料缸,1,定量检测,1,3,1,139,,2026-06-24 17:47:31,,,,44,批次,0,,,1,单次,,,,11,大于等于1,,1次/批,视觉,呈柠檬黄色,,,,,,,,1,13,调试,若仍有不合格，应进行调试，直至调试合格。,"重新取50ml配料岗位半成品进行复检，将待测样品与""CT""做对比观察是否有颜色差异。",2025-01-01,9999-12-31,1,001,"{'assoc_type': 0, 'formPerms': [], 'needSign': ''}"
63,CMZI0063,7,集团标准,9,配料,取样、送检,半成品理化,,,,,Q/RW-TS-001-2023,,,,41,感官,51,GC00000012,1,6,生产部,5,品管部,1,2,1,12,配料缸,1,定量检测,1,3,1,139,,2026-06-24 17:47:31,,,,44,批次,0,,,1,单次,,,,11,大于等于1,,1次/批,味觉,酸甜适口，具本品应有的滋味。,,,,,,,,1,14,复检,若有不合格，通知生产部重新取50ml配料岗位半成品进行复检。,"半成品配料后半小时内，取50ml配料岗位半成品，将待测样品温度调至20℃-23℃，滋味和气味对照""CT""的感官特征。",2025-01-01,9999-12-31,1,001,"{'assoc_type': 0, 'formPerms': [], 'needSign': ''}"
64,CMZI0064,7,集团标准,9,配料,取样、送检,半成品理化,,,,,Q/RW-TS-001-2023,,,,41,感官,51,GC00000012,1,6,生产部,5,品管部,1,2,1,12,配料缸,1,定量检测,1,3,1,139,,2026-06-24 17:47:31,,,,44,批次,0,,,1,单次,,,,11,大于等于1,,1次/批,嗅觉,无不相关气味。,,,,,,,,1,14,复检,若有不合格，通知生产部重新取50ml配料岗位半成品进行复检。,"半成品配料后半小时内，取50ml配料岗位半成品，将待测样品温度调至20℃-23℃，滋味和气味对照""CT""的感官特征。",2025-01-01,9999-12-31,1,001,"{'assoc_type': 0, 'formPerms': [], 'needSign': ''}"
65,CMZI0065,7,集团标准,9,配料,取样、送检,半成品理化,,,,,Q/RW-TS-001-2023,,,,41,感官,108,GF00000012,1,6,生产部,5,品管部,1,2,2,12,配料缸,1,定量检测,1,3,1,139,,2026-06-24 17:47:31,,,,44,批次,0,,,1,单次,,,,11,大于等于1,,1次/批,味觉,酸甜适口，具本品应有的滋味。,,,,,,,,1,13,调试,若仍有不合格，应进行调试，直至调试合格。,"重新取50ml配料岗位半成品进行复检，将温度调至20℃-23℃，滋味和气味对照""CT""的感官特征。",2025-01-01,9999-12-31,1,001,"{'assoc_type': 0, 'formPerms': [], 'needSign': ''}"
66,CMZI0066,7,集团标准,9,配料,取样、送检,半成品理化,,,,,Q/RW-TS-001-2023,,,,41,感官,108,GF00000012,1,6,生产部,5,品管部,1,2,2,12,配料缸,1,定量检测,1,3,1,139,,2026-06-24 17:47:31,,,,44,批次,0,,,1,单次,,,,11,大于等于1,,1次/批,嗅觉,无不相关气味。,,,,,,,,1,13,调试,若仍有不合格，应进行调试，直至调试合格。,"重新取50ml配料岗位半成品进行复检，将温度调至20℃-23℃，滋味和气味对照""CT""的感官特征。",2025-01-01,9999-12-31,1,001,"{'assoc_type': 0, 'formPerms': [], 'needSign': ''}"
67,CMZI0067,7,集团标准,9,配料,取样、送检,半成品理化,,,,,Q/RW-TS-001-2023,,,,41,感官,51,GC00000012,1,6,生产部,5,品管部,1,2,1,12,配料缸,1,定量检测,1,3,1,139,,2026-06-24 17:47:31,,,,44,批次,0,,,1,单次,,,,11,大于等于1,,1次/批,视觉,汁液均匀，澄清,,,,,,,,1,14,复检,若有不合格，通知生产部重新取50ml配料岗位半成品进行复检。,半成品配料后半小时内，取50ml配料岗位半成品，目视检查待测样品的组织形态，汁液均匀，澄清。,2025-01-01,9999-12-31,1,001,"{'assoc_type': 0, 'formPerms': [], 'needSign': ''}"
68,CMZI0068,7,集团标准,9,配料,取样、送检,半成品理化,,,,,Q/RW-TS-001-2023,,,,41,感官,108,GF00000012,1,6,生产部,5,品管部,1,2,2,12,配料缸,1,定量检测,1,3,1,139,,2026-06-24 17:47:31,,,,44,批次,0,,,1,单次,,,,11,大于等于1,,1次/批,视觉,汁液均匀，澄清,,,,,,,,1,13,调试,若仍有不合格，应进行调试，直至调试合格。,重新取50ml配料岗位半成品进行复检，目视检查样品的组织形态，汁液均匀，澄清。,2025-01-01,9999-12-31,1,001,"{'assoc_type': 0, 'formPerms': [], 'needSign': ''}"
69,CMZI0069,7,集团标准,9,配料,取样、送检,半成品理化,,,,,Q/RW-TS-001-2023,,,,95,杂质,51,GC00000012,1,6,生产部,5,品管部,1,2,1,12,配料缸,1,定量检测,1,3,1,139,,2026-06-24 17:47:31,,,,44,批次,0,,,1,单次,,,,11,大于等于1,,1次/批,视觉,无正常视力可见外来杂质,,,,,,,,1,14,复检,若有不合格，通知生产部重新取50ml配料岗位半成品进行复检。,半成品配料后半小时内，取50ml配料岗位半成品，目视检测待测样品无正常视力可见外来杂质。,2025-01-01,9999-12-31,1,001,"{'assoc_type': 0, 'formPerms': [], 'needSign': ''}"
70,CMZI0070,7,集团标准,9,配料,取样、送检,半成品理化,,,,,Q/RW-TS-001-2023,,,,95,杂质,108,GF00000012,1,6,生产部,5,品管部,1,2,2,12,配料缸,1,定量检测,1,3,1,139,,2026-06-24 17:47:31,,,,44,批次,0,,,1,单次,,,,11,大于等于1,,1次/批,视觉,无正常视力可见外来杂质,,,,,,,,1,13,调试,若仍有不合格，应进行过滤调试，直至调试合格。,重新取50ml配料岗位半成品进行复检，目视检查待测样品无正常视力可见外来杂质。,2025-01-01,9999-12-31,1,001,"{'assoc_type': 0, 'formPerms': [], 'needSign': ''}"
71,CMZI0071,7,集团标准,9,配料,取样、送检,半成品理化,,,,,Q/RW-TS-001-2023,,,,86,pH,51,GC00000012,1,6,生产部,5,品管部,1,1,1,12,配料缸,1,定量检测,1,3,1,139,,2026-06-24 17:47:31,,,,44,批次,0,,,1,单次,,,,11,大于等于1,,1次/批,台式酸度计,普通型：3.40～3.55,,,,,3.40,3.55,2,1,14,复检,若有不合格，通知生产部重新取50ml配料岗位半成品进行复检。,半成品配料后半小时内，取50ml配料岗位半成品，将待测样品温度调至23℃-25℃，使用台式酸度计进行检测。,2025-01-01,9999-12-31,1,001,"{'assoc_type': 0, 'formPerms': [], 'needSign': ''}"
72,CMZI0072,7,集团标准,9,配料,取样、送检,半成品理化,,,,,Q/RW-TS-001-2023,,,,86,pH,51,GC00000012,1,6,生产部,5,品管部,1,1,1,12,配料缸,1,定量检测,1,3,1,139,,2026-06-24 17:47:31,,,,44,批次,0,,,1,单次,,,,11,大于等于1,,1次/批,台式酸度计,普通型：3.40～3.55,,,,,3.40,3.55,2,1,14,复检,若有不合格，通知生产部重新取50ml配料岗位半成品进行复检。,半成品配料后半小时内，取50ml配料岗位半成品，将待测样品温度调至23℃-25℃，使用台式酸度计进行检测。,2025-01-01,9999-12-31,1,001,"{'assoc_type': 0, 'formPerms': [], 'needSign': ''}"
73,CMZI0073,7,集团标准,9,配料,取样、送检,半成品理化,,,,,Q/RW-TS-001-2023,,,,86,pH,108,GF00000012,1,6,生产部,5,品管部,1,1,2,12,配料缸,1,定量检测,1,3,1,139,,2026-06-24 17:47:31,,,,44,批次,0,,,1,单次,,,,11,大于等于1,,1次/批,台式酸度计,普通型：3.40～3.55,,,,,3.40,3.55,2,1,13,调试,若仍有不合格，应进行调试，直至调试合格。,重新取50ml配料岗位半成品进行复检，将待测样品温度调至23℃-25℃，使用台式酸度计进行检测。,2025-01-01,9999-12-31,1,001,"{'assoc_type': 0, 'formPerms': [], 'needSign': ''}"
74,CMZI0074,7,集团标准,9,配料,取样、送检,半成品理化,,,,,Q/RW-TS-001-2023,,,,86,pH,108,GF00000012,1,6,生产部,5,品管部,1,1,2,12,配料缸,1,定量检测,1,3,1,139,,2026-06-24 17:47:31,,,,44,批次,0,,,1,单次,,,,11,大于等于1,,1次/批,台式酸度计,普通型：3.40～3.55,,,,,3.40,3.55,2,1,13,调试,若仍有不合格，应进行调试，直至调试合格。,重新取50ml配料岗位半成品进行复检，将待测样品温度调至23℃-25℃，使用台式酸度计进行检测。,2025-01-01,9999-12-31,1,001,"{'assoc_type': 0, 'formPerms': [], 'needSign': ''}"
75,CMZI0075,7,集团标准,9,配料,取样、送检,半成品理化,,,,,Q/RW-TS-001-2023,,,,86,pH,51,GC00000012,1,6,生产部,5,品管部,1,1,1,12,配料缸,1,定量检测,1,3,1,139,,2026-06-24 17:47:31,,,,44,批次,0,,,1,单次,,,,11,大于等于1,,1次/批,台式酸度计,强化型：3.30～3.40,,,,,3.30,3.40,2,1,14,复检,若有不合格，通知生产部重新取50ml配料岗位半成品进行复检。,半成品配料后半小时内，取50ml配料岗位半成品，将待测样品温度调至23℃-25℃，使用台式酸度计进行检测。,2025-01-01,9999-12-31,1,001,"{'assoc_type': 0, 'formPerms': [], 'needSign': ''}"
76,CMZI0076,7,集团标准,9,配料,取样、送检,半成品理化,,,,,Q/RW-TS-001-2023,,,,86,pH,108,GF00000012,1,6,生产部,5,品管部,1,1,2,12,配料缸,1,定量检测,1,3,1,139,,2026-06-24 17:47:31,,,,44,批次,0,,,1,单次,,,,11,大于等于1,,1次/批,台式酸度计,强化型：3.30～3.40,,,,,3.30,3.40,2,1,13,调试,若仍有不合格，应进行调试，直至调试合格。,重新取50ml配料岗位半成品进行复检，将待测样品温度调至23℃-25℃，使用台式酸度计进行检测。,2025-01-01,9999-12-31,1,001,"{'assoc_type': 0, 'formPerms': [], 'needSign': ''}"
77,CMZI0077,7,集团标准,9,配料,取样、送检,半成品理化,,,,,Q/RW-TS-001-2023,,,,96,UV,51,GC00000012,1,6,生产部,5,品管部,1,2,1,12,配料缸,1,定量检测,1,3,1,139,,2026-06-24 17:47:31,,,,44,批次,0,,,1,单次,,,,11,大于等于1,,1次/批,紫外分光光度计,与标准曲线吻合,,,,,,,,1,14,复检,若有不合格，通知生产部重新取50ml配料岗位半成品进行复检。,半成品配料后半小时内，取50ml配料岗位半成品，将待测样品温度调至20℃-23℃，用紫外分光光度计测定样品成分。,2025-01-01,9999-12-31,1,001,"{'assoc_type': 0, 'formPerms': [], 'needSign': ''}"
78,CMZI0078,7,集团标准,9,配料,取样、送检,半成品理化,,,,,Q/RW-TS-001-2023,,,,96,UV,108,GF00000012,1,6,生产部,5,品管部,1,2,2,12,配料缸,1,定量检测,1,3,1,139,,2026-06-24 17:47:31,,,,44,批次,0,,,1,单次,,,,11,大于等于1,,1次/批,紫外分光光度计,与标准曲线吻合,,,,,,,,1,13,调试,若仍有不合格，应进行调试，直至调试合格。,重新取50ml配料岗位半成品进行复检，将待测样品温度调至20℃-23℃，紫外分光光度计测定样品成分。,2025-01-01,9999-12-31,1,001,"{'assoc_type': 0, 'formPerms': [], 'needSign': ''}"
79,CMZI0079,7,集团标准,3,拆包,拆包,空罐,,,,,Q/RW-TS-001-2023,,,,97,版本,52,GC00000013,1,6,生产部,6,生产部,1,2,1,5,拆包区,1,定量检测,1,3,1,139,,2026-06-24 17:47:31,,,,9,托,0,,,1,单次,,,,11,大于等于1,,1次/托,目视,空罐版本正确,,,,,,,,1,11,退库,若有不合格，该托空罐做退库处理。,每托空罐投入使用前逐字阅读标签标识。,2025-01-01,9999-12-31,1,001,"{'assoc_type': 0, 'formPerms': [], 'needSign': ''}"
80,CMZI0080,7,集团标准,3,拆包,拆包,空罐,,,,,Q/RW-TS-001-2023,,,,98,包装情况,119,无,1,6,生产部,6,生产部,1,2,1,5,拆包区,1,定量检测,1,3,1,139,,2026-06-24 17:47:31,,,,9,托,0,,,1,单次,,,,11,大于等于1,,1次/托,目视,整托缠绕膜覆膜完整。,,,,,,,,1,11,退库,若有不合格，该托空罐做退库处理。,空罐扫码投料前，目视检查整托缠绕膜覆膜是否完整。,2025-01-01,9999-12-31,1,001,"{'assoc_type': 0, 'formPerms': [], 'needSign': ''}"
81,CMZI0081,7,集团标准,3,拆包,拆包,空罐,,,,,Q/RW-TS-001-2023,,,,98,包装情况,119,无,1,6,生产部,6,生产部,1,2,1,5,拆包区,1,定量检测,1,3,1,139,,2026-06-24 17:47:31,,,,9,托,0,,,1,单次,,,,11,大于等于1,,1次/托,目视,托盘中每层隔板清洁、无杂质。,,,,,,,,1,11,退库,若有不合格，该托空罐做退库处理。,空罐扫码投料前，目视检查托盘中每层隔板是否清洁、无杂质。,2025-01-01,9999-12-31,1,001,"{'assoc_type': 0, 'formPerms': [], 'needSign': ''}"
82,CMZI0082,7,集团标准,3,拆包,拆包,空罐,,,,,Q/RW-TS-001-2023,,,,99,数量,119,无,1,6,生产部,6,生产部,1,2,1,5,拆包区,1,定量检测,1,3,1,139,,2026-06-24 17:47:31,,,因为有零头托，首付执行退库需通过审批流程。,9,托,0,,,1,单次,,,,11,大于等于1,,1次/托,目视,实物需与系统数量一致,,,,,,,,1,11,退库,若有不合格，该托空罐做退库处理。,空罐扫码投料前，进行数量统计,2025-01-01,9999-12-31,1,001,"{'assoc_type': 0, 'formPerms': [], 'needSign': ''}"
83,CMZI0083,7,集团标准,3,拆包,拆包,空罐,,,,,Q/RW-TS-001-2023,,,,43,外观,53,GC00000014,1,5,品管部,5,品管部,1,2,1,5,拆包区,2,定期检测,1,3,1,139,,2026-06-24 17:47:31,,,若有异常，需统计到异常项目及对应数量,9,托,1,,,1,单次,,,,11,大于等于1,,1次/小时,目视,无A类不合格项,19,内涂发霉/罐内有异物/罐内有油污/罐体印刷脏/罐体外焊缝发黑/内流胶/焊缝有毛刺/砂眼/大于1cm²的凹痕/焊缝端两边错位大于0.5mm/内涂膜及焊缝补涂带有明显气泡/焊缝粉末喷涂擦伤露铁/罐体变形/罐体印刷有严重色差/罐体颜色超出标准/内印色/翻边损伤/缩颈变形/印刷图案倒置/罐身有明显划痕/翻边严重变形/罐底无蓝点/蓝点严重划伤/冷焊/漏焊/孔洞/裂口/二重卷边假封/大塌边/快口,,,,,,1,14,复检,若有不合格，取同一托的空罐复检1000罐外观质量。,目视检查：生产产线已备料的空罐每小时随机抽取20罐检测外观质量,2025-01-01,9999-12-31,1,001,"{'assoc_type': 0, 'formPerms': [], 'needSign': ''}"
84,CMZI0084,7,集团标准,3,拆包,拆包,空罐,,,,,Q/RW-TS-001-2023,,,,43,外观,109,GF00000013,1,5,品管部,5,品管部,1,2,2,5,拆包区,2,定期检测,1,3,1,139,,2026-06-24 17:47:31,,,若有异常，需统计到异常项目及对应数量,9,托,1,,,1,单次,,,,11,大于等于1,,1次/小时,目视,无A类不合格项,19,内涂发霉/罐内有异物/罐内有油污/罐体印刷脏/罐体外焊缝发黑/内流胶/焊缝有毛刺/砂眼/大于1cm²的凹痕/焊缝端两边错位大于0.5mm/内涂膜及焊缝补涂带有明显气泡/焊缝粉末喷涂擦伤露铁/罐体变形/罐体印刷有严重色差/罐体颜色超出标准/内印色/翻边损伤/缩颈变形/印刷图案倒置/罐身有明显划痕/翻边严重变形/罐底无蓝点/蓝点严重划伤/冷焊/漏焊/孔洞/裂口/二重卷边假封/大塌边/快口,,,,,,1,11,退库,若有不合格，做退库处理。,若抽检不合格，取同一托的空罐复检1000罐外观质量。,2025-01-01,9999-12-31,1,001,"{'assoc_type': 0, 'formPerms': [], 'needSign': ''}"
85,CMZI0085,7,集团标准,3,拆包,拆包,空罐,,,,,Q/RW-TS-001-2023,,,,43,外观,53,GC00000014,1,5,品管部,5,品管部,1,2,1,5,拆包区,2,定期检测,1,3,1,139,,2026-06-24 17:47:31,,,若有异常，需统计到异常项目及对应数量,9,托,1,,,1,单次,,,,11,大于等于1,,1次/小时,目视,无B类不合格项,20,轻度凹痕但缺陷电流合格/罐体轻微色差/内涂不匀/内涂有小气泡/内涂有轻微划痕但缺陷电流合格/罐内有焊接飞溅点/填料轻微外挤出/翻边轻度变形/罐底蓝点脏污/罐底蓝点不全/蓝点轻微划伤/翻边轻微损伤/罐身有较多补涂飞溅点/翻边轻度损伤,,,,,,1,14,复检,若有不合格，取同一托的空罐复检1000罐外观质量。,目视检查：生产产线已备料的空罐每小时随机抽取20罐检测外观质量,2025-01-01,9999-12-31,1,001,"{'assoc_type': 0, 'formPerms': [], 'needSign': ''}"
86,CMZI0086,7,集团标准,3,拆包,拆包,空罐,,,,,Q/RW-TS-001-2023,,,,43,外观,109,GF00000013,1,5,品管部,5,品管部,1,2,2,5,拆包区,2,定期检测,1,3,1,139,,2026-06-24 17:47:31,,,若有异常，需统计到异常项目及对应数量,9,托,1,,,1,单次,,,,11,大于等于1,,1次/小时,目视,无B类不合格项,20,轻度凹痕但缺陷电流合格/罐体轻微色差/内涂不匀/内涂有小气泡/内涂有轻微划痕但缺陷电流合格/罐内有焊接飞溅点/填料轻微外挤出/翻边轻度变形/罐底蓝点脏污/罐底蓝点不全/蓝点轻微划伤/翻边轻微损伤/罐身有较多补涂飞溅点/翻边轻度损伤,,,,,,50,11,退库,若复检仍发现≥5%的B类缺陷罐做退库处理。,若抽检不合格，取同一托的空罐复检1000罐外观质量。,2025-01-01,9999-12-31,1,001,"{'assoc_type': 0, 'formPerms': [], 'needSign': ''}"
87,CMZI0087,7,集团标准,3,拆包,拆包,空罐检测仪,,,,,Q/RW-TS-001-2023,,,,100,设备有效性,119,无,1,,,6,生产部,1,2,1,4,拆包间,2,定期检测,,3,1,139,,2026-06-24 17:47:31,,,上班后半小时内完成检测。,,,1,,,1,单次,,,,13,14,,1次/8小时,标准验证罐,验证确保样罐能检出,,,,,,,,1,10,调机,若有不合格，通知设备人员调试检测仪，直至验证合格。,将14个标准样罐模拟正常罐放入链道，验证检测仪是否将14个标准样罐全部剔除,2025-01-01,9999-12-31,1,001,"{'assoc_type': 0, 'formPerms': [], 'needSign': ''}"
88,CMZI0088,7,集团标准,7,灌装,灌装,顶盖,,,,,Q/RW-TS-001-2023,,,,43,外观,54,GC00000015,1,6,生产部,6,生产部,1,2,1,15,上盖间,1,定量检测,1,3,1,139,,2026-06-24 17:47:31,,,,9,托,0,,,1,单次,,,,11,大于等于1,,15片/托,目视,无A类不合格项,19,内涂发霉/罐内有异物/罐内有油污/罐体印刷脏/罐体外焊缝发黑/内流胶/焊缝有毛刺/砂眼/大于1cm²的凹痕/焊缝端两边错位大于0.5mm/内涂膜及焊缝补涂带有明显气泡/焊缝粉末喷涂擦伤露铁/罐体变形/罐体印刷有严重色差/罐体颜色超出标准/内印色/翻边损伤/缩颈变形/印刷图案倒置/罐身有明显划痕/翻边严重变形/罐底无蓝点/蓝点严重划伤/冷焊/漏焊/孔洞/裂口/二重卷边假封/大塌边/快口,,,,,,1,15,不合格,若有不合格，按照异常处理流程处理。,目视检查,2025-01-01,9999-12-31,1,001,"{'assoc_type': 0, 'formPerms': [], 'needSign': ''}"
89,CMZI0089,7,集团标准,7,灌装,灌装,顶盖,,,,,Q/RW-TS-001-2023,,,,43,外观,54,GC00000015,1,6,生产部,6,生产部,1,2,1,15,上盖间,1,定量检测,1,3,1,139,,2026-06-24 17:47:31,,,,9,托,0,,,1,单次,,,,11,大于等于1,,15片/托,目视,无B类不合格项,20,轻度凹痕但缺陷电流合格/罐体轻微色差/内涂不匀/内涂有小气泡/内涂有轻微划痕但缺陷电流合格/罐内有焊接飞溅点/填料轻微外挤出/翻边轻度变形/罐底蓝点脏污/罐底蓝点不全/蓝点轻微划伤/翻边轻微损伤/罐身有较多补涂飞溅点/翻边轻度损伤,,,,,,1,15,不合格,若有不合格，按照异常处理流程处理。,目视检查,2025-01-01,9999-12-31,1,001,"{'assoc_type': 0, 'formPerms': [], 'needSign': ''}"
90,CMZI0090,7,集团标准,7,灌装,灌装,罐体,,,,,Q/RW-TS-001-2023,,,,43,外观,55,GC00000016,1,6,生产部,6,生产部,1,2,1,9,灌装间,2,定期检测,,3,1,139,,2026-06-24 17:47:31,,,,,,1,,,1,单次,,,,11,大于等于1,,1次/20分钟,目视,无印刷缺陷，无变形、划痕、皱褶，涂膜破损，无内压偏高或偏低，无倒罐,21,印刷缺陷/变形/划痕/皱褶/涂膜破损/内压偏高/内压偏低/倒罐,,,,,,1,15,不合格,若有不合格，按照异常处理流程处理。,目视检查,2025-01-01,9999-12-31,1,001,"{'assoc_type': 0, 'formPerms': [], 'needSign': ''}"
91,CMZI0091,7,集团标准,7,灌装,灌装,封口卷封,,,,,Q/RW-TS-001-2023,,,,44,卷封外观质量,55,GC00000016,1,6,生产部,6,生产部,1,2,1,9,灌装间,2,定期检测,,3,1,139,,2026-06-24 17:47:31,,,,,,1,,,1,单次,,,,11,大于等于1,,1次/20分钟,目视,卷边不完全、跳封、假封、快口、锐边、牙齿、垂唇、双线、大塌边、填料挤出等,22,卷边不完全/跳封/假封/快口/锐边/牙齿/垂唇/双线/大塌边/填料挤出/其他,,,,,,1,15,不合格,若有不合格，按照异常处理流程处理。,目视检查,2025-01-01,9999-12-31,1,001,"{'assoc_type': 0, 'formPerms': [], 'needSign': ''}"
92,CMZI0092,7,集团标准,7,灌装,灌装,灌装间控制柜仪表,,,,,Q/RW-TS-001-2023,,,,101,注氮量,119,无,1,,,6,生产部,1,2,1,9,灌装间,2,定期检测,,3,1,139,,2026-06-24 17:47:31,,,,,,1,,,1,单次,,,,11,大于等于1,,1次/小时,目视,依据内压标准进行调整,,,,,,,,1,13,调试,若有不合格，通知设备人员进行停机调试，直至调试合格。不合格商品按照异常处理流程处理。,目视检查,2025-01-01,9999-12-31,1,001,"{'assoc_type': 0, 'formPerms': [], 'needSign': ''}"
93,CMZI0093,7,集团标准,7,灌装,灌装,灌装间控制柜仪表,,,,,Q/RW-TS-001-2023,,,,102,产品灌装温度,119,无,1,,,6,生产部,1,1,1,9,灌装间,2,定期检测,,3,1,139,,2026-06-24 17:47:31,,,,,,1,,,1,单次,,,,11,大于等于1,,1次/小时,目视,≥85℃,,,28,℃,85,,0,1,13,调试,若有不合格，通知设备人员进行停机调试，直至调试合格。不合格商品按照异常处理流程处理。,目视检查,2025-01-01,9999-12-31,1,001,"{'assoc_type': 0, 'formPerms': [], 'needSign': ''}"
94,CMZI0094,7,集团标准,7,灌装,灌装,灌装间控制柜仪表,,,,,Q/RW-TS-001-2023,,,,102,产品灌装温度,119,无,1,,,5,品管部,1,1,1,9,灌装间,2,定期检测,,3,1,139,,2026-06-24 17:47:31,,,,,,1,,,1,单次,,,,11,大于等于1,,1次/4小时,目视,≥85℃,,,28,℃,85,,0,1,13,调试,若有不合格，通知设备人员进行停机调试，直至调试合格。不合格商品按照异常处理流程处理。,目视检查,2025-01-01,9999-12-31,1,001,"{'assoc_type': 0, 'formPerms': [], 'needSign': ''}"
95,CMZI0095,7,集团标准,7,灌装,灌装,杀菌间控制柜仪表,,,,,Q/RW-TS-001-2023,,,,103,杀菌温度,119,无,1,,,6,生产部,1,1,1,9,灌装间,2,定期检测,,3,1,139,,2026-06-24 17:47:31,,,,,,1,,,1,单次,,,,11,大于等于1,,1次/小时,目视,≥90℃,,,28,℃,90,,0,1,13,调试,若有不合格，通知设备人员进行停机调试，直至调试合格。不合格商品按照异常处理流程处理。,目视检查,2025-01-01,9999-12-31,1,001,"{'assoc_type': 0, 'formPerms': [], 'needSign': ''}"
96,CMZI0096,7,集团标准,7,灌装,灌装,杀菌间控制柜仪表,,,,,Q/RW-TS-001-2023,,,,103,杀菌温度,119,无,1,,,5,品管部,1,1,1,9,灌装间,2,定期检测,,3,1,139,,2026-06-24 17:47:31,,,,,,1,,,1,单次,,,,11,大于等于1,,1次/4小时,目视,≥90℃,,,28,℃,90,,0,1,13,调试,若有不合格，通知设备人员进行停机调试，直至调试合格。不合格商品按照异常处理流程处理。,目视检查,2025-01-01,9999-12-31,1,001,"{'assoc_type': 0, 'formPerms': [], 'needSign': ''}"
97,CMZI0097,7,集团标准,7,灌装,灌装,杀菌间控制柜仪表,,,,,Q/RW-TS-001-2023,,,,104,洗罐水温度,119,无,1,,,6,生产部,1,1,1,9,灌装间,2,定期检测,,3,1,139,,2026-06-24 17:47:31,,,,,,1,,,1,单次,,,,11,大于等于1,,1次/小时,目视,≥90℃,,,28,℃,90,,0,1,13,调试,若有不合格，通知设备人员进行停机调试，直至调试合格。不合格商品按照异常处理流程处理。,目视检查,2025-01-01,9999-12-31,1,001,"{'assoc_type': 0, 'formPerms': [], 'needSign': ''}"
98,CMZI0098,7,集团标准,7,灌装,灌装,杀菌间控制柜仪表,,,,,Q/RW-TS-001-2023,,,,104,洗罐水温度,119,无,1,,,5,品管部,1,1,1,9,灌装间,2,定期检测,,3,1,139,,2026-06-24 17:47:31,,,,,,1,,,1,单次,,,,11,大于等于1,,1次/4小时,目视,≥90℃,,,28,℃,90,,0,1,13,调试,若有不合格，通知设备人员进行停机调试，直至调试合格。不合格商品按照异常处理流程处理。,目视检查,2025-01-01,9999-12-31,1,001,"{'assoc_type': 0, 'formPerms': [], 'needSign': ''}"
99,CMZI0099,7,集团标准,7,灌装,灌装,杀菌间控制柜仪表,,,,,Q/RW-TS-001-2023,,,,105,洗罐水压力,119,无,1,,,6,生产部,1,1,1,9,灌装间,2,定期检测,,3,1,139,,2026-06-24 17:47:31,,,,,,1,,,1,单次,,,,11,大于等于1,,1次/小时,目视,水压(下罐槽处)：1.0-3.0bar,,,27,bar,1.0,3.0,1,1,13,调试,若有不合格，通知设备人员进行停机调试，直至调试合格。不合格商品按照异常处理流程处理。,目视检查,2025-01-01,9999-12-31,1,001,"{'assoc_type': 0, 'formPerms': [], 'needSign': ''}"
100,CMZI0100,7,集团标准,7,灌装,灌装,CIP,,,,,Q/RW-TS-001-2023,,,,106,CIP频次,119,无,1,,,5,品管部,1,2,1,,,4,随机检测,,3,1,139,,2026-06-24 17:47:31,,,,,,0,,,1,单次,,,,11,大于等于1,,,/,正常生产过程中每10天做一次CIP清洗,,,,,,,,1,13,调试,若有不合格，按照异常处理流程处理。,按期进行CIP清洗，确保能正常生产。,2025-01-01,9999-12-31,1,001,"{'assoc_type': 0, 'formPerms': [], 'needSign': ''}"
101,CMZI0101,7,集团标准,7,灌装,灌装,CIP,,,,,Q/RW-TS-001-2023,,,,106,CIP频次,119,无,1,,,5,品管部,1,2,1,,,4,随机检测,,3,1,139,,2026-06-24 17:47:31,,,,,,0,,,1,单次,,,,11,大于等于1,,,/,灌装间内维修，若灌装机停机超过1小时，需做一次CIP清洗,,,,,,,,1,13,调试,若有不合格，按照异常处理流程处理。,按期进行CIP清洗，确保能正常生产。,2025-01-01,9999-12-31,1,001,"{'assoc_type': 0, 'formPerms': [], 'needSign': ''}"
102,CMZI0102,7,集团标准,7,灌装,灌装,CIP,,,,,Q/RW-TS-001-2023,,,,106,CIP频次,119,无,1,,,5,品管部,1,2,1,,,4,随机检测,,3,1,139,,2026-06-24 17:47:31,,,,,,0,,,1,单次,,,,11,大于等于1,,,/,灌装间外维修，若灌装机停机超过3小时，需做一次CIP清洗,,,,,,,,1,13,调试,若有不合格，按照异常处理流程处理。,按期进行CIP清洗，确保能正常生产。,2025-01-01,9999-12-31,1,001,"{'assoc_type': 0, 'formPerms': [], 'needSign': ''}"
103,CMZI0103,7,集团标准,7,灌装,灌装,CIP,,,,,Q/RW-TS-001-2023,,,,107,CIP效果,119,无,1,,,6,生产部,1,2,1,,,2,定期检测,,3,1,139,,2026-06-24 17:47:31,,,,,,1,,,1,单次,,,,11,大于等于1,,1次/CIP,目视,卫生指标合格,,,,,,,,1,7,再次清洁,若有不合格，按照异常处理流程处理。,按期进行卫生清洁，确保能正常生产。,2025-01-01,9999-12-31,1,001,"{'assoc_type': 0, 'formPerms': [], 'needSign': ''}"
104,CMZI0104,7,集团标准,7,灌装,灌装,CIP,,,,,Q/RW-TS-001-2023,,,,107,CIP效果,119,无,1,,,5,品管部,1,2,1,,,2,定期检测,,3,1,139,,2026-06-24 17:47:31,,,,,,1,,,1,单次,,,,11,大于等于1,,1次/CIP,目视,卫生指标合格,,,,,,,,1,7,再次清洁,若有不合格，按照异常处理流程处理。,按期进行卫生清洁，确保能正常生产。,2025-01-01,9999-12-31,1,001,"{'assoc_type': 0, 'formPerms': [], 'needSign': ''}"
105,CMZI0105,7,集团标准,7,灌装,灌装,CIP,,,,,Q/RW-TS-001-2023,,,,107,CIP效果,119,无,1,6,生产部,5,品管部,1,1,1,,,2,定期检测,,3,1,139,,2026-06-24 17:47:31,,,,,,1,,,1,单次,,,,11,大于等于1,,1次/CIP,pH计,柠檬酸溶液pH:2.1-2.2,,,,,2.1,2.2,1,1,13,调试,若有不合格，按照异常处理流程处理。,pH计测量,2025-01-01,9999-12-31,1,001,"{'assoc_type': 0, 'formPerms': [], 'needSign': ''}"
106,CMZI0106,7,集团标准,7,灌装,灌装,CIP,,,,,Q/RW-TS-001-2023,,,,107,CIP效果,119,无,1,6,生产部,5,品管部,1,1,1,,,2,定期检测,,3,1,139,,2026-06-24 17:47:31,,,,,,1,,,1,单次,,,,11,大于等于1,,1次/CIP,pH计,柠檬酸溶液循环结束后pH:2.1-2.3,,,,,2.1,2.3,1,1,13,调试,若有不合格，按照异常处理流程处理。,pH计测量,2025-01-01,9999-12-31,1,001,"{'assoc_type': 0, 'formPerms': [], 'needSign': ''}"
107,CMZI0107,7,集团标准,7,灌装,灌装,CIP,,,,,Q/RW-TS-001-2023,,,,107,CIP效果,119,无,1,6,生产部,5,品管部,1,1,1,,,2,定期检测,,3,1,139,,2026-06-24 17:47:31,,,,,,1,,,1,单次,,,,11,大于等于1,,1次/CIP,pH计,6吨热水冲洗后pH:4.0-6.8,,,,,4.0,6.8,1,1,13,调试,若有不合格，按照异常处理流程处理。,pH计测量,2025-01-01,9999-12-31,1,001,"{'assoc_type': 0, 'formPerms': [], 'needSign': ''}"
108,CMZI0108,7,集团标准,7,灌装,灌装,CIP,,,,,Q/RW-TS-001-2023,,,,107,CIP效果,119,无,1,6,生产部,5,品管部,1,1,1,,,2,定期检测,,3,1,139,,2026-06-24 17:47:31,,,,,,1,,,1,单次,,,,11,大于等于1,,1次/CIP,pH计,9吨热水冲洗后pH:5.2-6.8,,,,,5.2,6.8,1,1,13,调试,若有不合格，按照异常处理流程处理。,pH计测量,2025-01-01,9999-12-31,1,001,"{'assoc_type': 0, 'formPerms': [], 'needSign': ''}"
109,CMZI0109,7,集团标准,7,灌装,罐底打码,封口产品,,,,,Q/RW-TS-001-2023,,,,67,可溶性固形物,56,GC00000017,1,6,生产部,5,品管部,1,1,1,8,灌装出口,4,随机检测,,3,1,139,,2026-06-24 17:47:31,,,,,,0,,,1,单次,,,,11,大于等于1,,开机,糖度计,普通型：12.1～12.6%,,,26,%,12.1,12.6,1,1,13,调试,若有不合格，按照异常处理流程处理。,糖度计,2025-01-01,9999-12-31,1,001,"{'assoc_type': 0, 'formPerms': [], 'needSign': ''}"
110,CMZI0110,7,集团标准,7,灌装,罐底打码,封口产品,,,,,Q/RW-TS-001-2023,,,,67,可溶性固形物,58,GC00000019,1,6,生产部,5,品管部,1,1,1,8,灌装出口,4,随机检测,,3,1,139,,2026-06-24 17:47:31,,,,,,0,,,1,单次,,,,11,大于等于1,,开机,糖度计,普通型：12.1～12.6%,,,26,%,12.1,12.6,1,1,13,调试,若有不合格，按照异常处理流程处理。,糖度计,2025-01-01,9999-12-31,1,001,"{'assoc_type': 0, 'formPerms': [], 'needSign': ''}"
111,CMZI0111,7,集团标准,7,灌装,罐底打码,封口产品,,,,,Q/RW-TS-001-2023,,,,67,可溶性固形物,59,GC00000020,1,6,生产部,5,品管部,1,1,1,8,灌装出口,4,随机检测,,3,1,139,,2026-06-24 17:47:31,,,,,,0,,,1,单次,,,,11,大于等于1,,开机,糖度计,强化型：15.2～15.6%,,,26,%,15.2,15.6,1,1,13,调试,若有不合格，按照异常处理流程处理。,糖度计,2025-01-01,9999-12-31,1,001,"{'assoc_type': 0, 'formPerms': [], 'needSign': ''}"
112,CMZI0112,7,集团标准,7,灌装,罐底打码,封口产品,,,,,Q/RW-TS-001-2023,,,,108,净含量(重量),60,GC00000021,1,6,生产部,6,生产部,1,1,1,8,灌装出口,2,定期检测,,3,1,139,,2026-06-24 17:47:31,,,岗位人员填写总克重，设置换算公式：（总克重-罐盖重量）/密度，罐盖重量由品管维护，密度由品管维护。,,,1,,,1,单次,,,,"17,18,19,20","36,40,50,55",,1次/CIP,/,单罐≥245mL(注：北京快速线灌装间有液位检测仪监控，未进行称重检测),,,19,mL,245.0,,1,1,13,调试,,称重法，根据重量换算,2025-01-01,9999-12-31,0,001,"{'assoc_type': 0, 'formPerms': [], 'needSign': ''}"
113,CMZI0113,7,集团标准,7,灌装,罐底打码,封口产品,,,,,Q/RW-TS-001-2023,,,,108,净含量(重量),119,无,1,6,生产部,6,生产部,1,1,1,8,灌装出口,2,定期检测,,3,1,139,,2026-06-24 17:47:31,,,岗位人员填写总克重，设置换算公式：（总克重-罐盖重量）/密度，罐盖重量由品管维护，密度由品管维护。,,,1,,,2,系统累计,,,,,,,,/,平均≥250mL(注：北京快速线灌装间有液位检测仪监控，未进行称重检测),,,19,mL,250.0,,1,1,13,调试,,称重法，根据重量换算,2025-01-01,9999-12-31,0,001,"{'assoc_type': 0, 'formPerms': [], 'needSign': ''}"
114,CMZI0114,7,集团标准,7,灌装,罐底打码,封口产品,,,,,Q/RW-TS-001-2023,,,,108,净含量(重量),119,无,1,6,生产部,6,生产部,1,1,1,8,灌装出口,2,定期检测,,3,1,139,,2026-06-24 17:47:31,,,岗位人员填写总克重，设置换算公式：（总克重-罐盖重量）/密度，罐盖重量由品管维护，密度由品管维护。,,,1,,,2,系统累计,,,,,,,,/,70%以上产品≥250mL(注：北京快速线灌装间有液位检测仪监控，未进行称重检测),,,19,mL,250.0,,1,1,13,调试,,称重法，根据重量换算,2025-01-01,9999-12-31,0,001,"{'assoc_type': 0, 'formPerms': [], 'needSign': ''}"
115,CMZI0115,7,集团标准,7,灌装,罐底打码,封口产品,,,,,Q/RW-TS-001-2023,,,,86,pH,61,GC00000022,1,6,生产部,5,品管部,1,1,1,8,灌装出口,4,随机检测,,3,1,139,,2026-06-24 17:47:31,,,,,,0,,,1,单次,,,,11,大于等于1,,开机,pH计,强化型：3.30～3.40,,,,,3.3,3.4,1,1,13,调试,若有不合格，按照异常处理流程处理。,pH计,2025-01-01,9999-12-31,1,001,"{'assoc_type': 0, 'formPerms': [], 'needSign': ''}"
116,CMZI0116,7,集团标准,7,灌装,罐底打码,封口产品,,,,,Q/RW-TS-001-2023,,,,86,pH,62,GC00000023,1,6,生产部,5,品管部,1,1,1,8,灌装出口,4,随机检测,,3,1,139,,2026-06-24 17:47:31,,,,,,0,,,1,单次,,,,11,大于等于1,,开机,pH计,普通型：3.40～3.55,,,,,3.4,3.6,1,1,13,调试,若有不合格，按照异常处理流程处理。,pH计,2025-01-01,9999-12-31,1,001,"{'assoc_type': 0, 'formPerms': [], 'needSign': ''}"
117,CMZI0117,7,集团标准,7,灌装,罐底打码,封口产品,,,,,Q/RW-TS-001-2023,,,,109,内压,119,无,0,,,,,1,1,1,7,打码区,3,实时监测,,3,1,139,,2026-06-24 17:47:31,,,,,,0,,,1,单次,,,,,,,,内压检测仪,-0.020～0.010MPa(20～25℃),,,31,MPa,-0.020,0.010,3,1,13,调试,若有不合格，按照异常处理流程处理。,内压检测仪,2025-01-01,9999-12-31,1,001,"{'assoc_type': 0, 'formPerms': [], 'needSign': ''}"
118,CMZI0118,7,集团标准,7,灌装,罐底打码,封口产品,,,,,Q/RW-TS-001-2023,,,,76,迭接长度,63,GC00000024,1,6,生产部,5,品管部,1,1,1,8,灌装出口,2,定期检测,,3,1,139,,2026-06-24 17:47:31,,,,,,1,,,1,单次,,,,14,18,,1次/CIP,卷封投影仪,迭接长度(mm)≥0.90,,,23,mm,0.9,,1,1,14,复检,若有不合格，进行复检。,每次CIP清洗完成后开机前取一次，使用卷封投影仪对随机抽取的样品进行检测。,2025-01-01,9999-12-31,1,001,"{'assoc_type': 0, 'formPerms': [], 'needSign': ''}"
119,CMZI0119,7,集团标准,7,灌装,罐底打码,封口产品,,,,,Q/RW-TS-001-2023,,,,77,迭接率,63,GC00000024,1,6,生产部,5,品管部,1,1,1,8,灌装出口,2,定期检测,,3,1,139,,2026-06-24 17:47:31,,,,,,1,,,1,单次,,,,14,18,,1次/CIP,卷封投影仪,迭接率(%)≥55,,,26,%,55,,0,1,14,复检,若有不合格，进行复检。,每次CIP清洗完成后开机前取一次，使用卷封投影仪对随机抽取的样品进行检测。,2025-01-01,9999-12-31,1,001,"{'assoc_type': 0, 'formPerms': [], 'needSign': ''}"
120,CMZI0120,7,集团标准,7,灌装,罐底打码,封口产品,,,,,Q/RW-TS-001-2023,,,,75,盖钩、罐钩间隙,63,GC00000024,1,6,生产部,5,品管部,1,1,1,8,灌装出口,2,定期检测,,3,1,139,,2026-06-24 17:47:31,,,,,,1,,,1,单次,,,,14,18,,1次/CIP,卷封投影仪,盖钩、罐钩间隙(mm)≥0.1,,,23,mm,0.1,,1,1,14,复检,若有不合格，进行复检。,每次CIP清洗完成后开机前取一次，使用卷封投影仪对随机抽取的样品进行检测。,2025-01-01,9999-12-31,1,001,"{'assoc_type': 0, 'formPerms': [], 'needSign': ''}"
121,CMZI0121,7,集团标准,7,灌装,罐底打码,封口产品,,,,,Q/RW-TS-001-2023,,,,78,皱纹度,63,GC00000024,1,6,生产部,5,品管部,1,1,1,8,灌装出口,2,定期检测,,3,1,139,,2026-06-24 17:47:31,,,,,,1,,,1,单次,,,,4,6,,1次/CIP,/,皱纹度(%)≤30,,,26,%,0,30,0,1,14,复检,若有不合格，进行复检。,每次CIP清洗完成后开机前取一次，使用卷封投影仪对随机抽取的样品进行检测。,2025-01-01,9999-12-31,1,001,"{'assoc_type': 0, 'formPerms': [], 'needSign': ''}"
122,CMZI0122,7,集团标准,7,灌装,罐底打码,封口产品,,,,,Q/RW-TS-001-2023,,,,76,迭接长度,110,GF00000014,1,6,生产部,5,品管部,1,1,2,8,灌装出口,2,定期检测,,3,1,139,,2026-06-24 17:47:31,,,,,,1,,,1,单次,,,,14,18,,1次/CIP,卷封投影仪,迭接长度(mm)≥0.90,,,23,mm,0.9,,1,1,13,调试,若仍有不合格，应进行调试，直至调试合格。,使用卷封投影仪对随机抽取的样品进行复检。,2025-01-01,9999-12-31,1,001,"{'assoc_type': 0, 'formPerms': [], 'needSign': ''}"
123,CMZI0123,7,集团标准,7,灌装,罐底打码,封口产品,,,,,Q/RW-TS-001-2023,,,,77,迭接率,110,GF00000014,1,6,生产部,5,品管部,1,1,2,8,灌装出口,2,定期检测,,3,1,139,,2026-06-24 17:47:31,,,,,,1,,,1,单次,,,,14,18,,1次/CIP,卷封投影仪,迭接率(%)≥55,,,26,%,55,,0,1,13,调试,若仍有不合格，应进行调试，直至调试合格。,使用卷封投影仪对随机抽取的样品进行复检。,2025-01-01,9999-12-31,1,001,"{'assoc_type': 0, 'formPerms': [], 'needSign': ''}"
124,CMZI0124,7,集团标准,7,灌装,罐底打码,封口产品,,,,,Q/RW-TS-001-2023,,,,75,盖钩、罐钩间隙,110,GF00000014,1,6,生产部,5,品管部,1,1,2,8,灌装出口,2,定期检测,,3,1,139,,2026-06-24 17:47:31,,,,,,1,,,1,单次,,,,14,18,,1次/CIP,卷封投影仪,盖钩、罐钩间隙(mm)≥0.1,,,23,mm,0.1,,1,1,13,调试,若仍有不合格，应进行调试，直至调试合格。,使用卷封投影仪对随机抽取的样品进行复检。,2025-01-01,9999-12-31,1,001,"{'assoc_type': 0, 'formPerms': [], 'needSign': ''}"
125,CMZI0125,7,集团标准,7,灌装,罐底打码,封口产品,,,,,Q/RW-TS-001-2023,,,,78,皱纹度,111,GF00000015,1,6,生产部,5,品管部,1,1,2,8,灌装出口,2,定期检测,,3,1,139,,2026-06-24 17:47:31,,,,,,1,,,1,单次,,,,4,6,,1次/CIP,/,皱纹度(%)≤30,,,26,%,0,30,0,1,13,调试,若仍有不合格，应进行调试，直至调试合格。,使用卷封投影仪对随机抽取的样品进行复检。,2025-01-01,9999-12-31,1,001,"{'assoc_type': 0, 'formPerms': [], 'needSign': ''}"
126,CMZI0126,7,集团标准,7,灌装,罐底打码,封口产品,,,,,Q/RW-TS-001-2023,,,,76,迭接长度,64,GC00000025,1,6,生产部,5,品管部,1,1,1,8,灌装出口,2,定期检测,,3,1,139,,2026-06-24 17:47:31,,,,,,1,,,1,单次,,,,14,18,,1次/CIP,卷封投影仪,迭接长度(mm)≥0.90,,,23,mm,0.9,,1,1,14,复检,若有不合格，进行复检。,每次CIP清洗完成后开机运行60分钟内取一次，使用卷封投影仪对随机抽取的样品进行检测。,2025-01-01,9999-12-31,1,001,"{'assoc_type': 0, 'formPerms': [], 'needSign': ''}"
127,CMZI0127,7,集团标准,7,灌装,罐底打码,封口产品,,,,,Q/RW-TS-001-2023,,,,77,迭接率,64,GC00000025,1,6,生产部,5,品管部,1,1,1,8,灌装出口,2,定期检测,,3,1,139,,2026-06-24 17:47:31,,,,,,1,,,1,单次,,,,14,18,,1次/CIP,卷封投影仪,迭接率(%)≥55,,,26,%,55,,0,1,14,复检,若有不合格，进行复检。,每次CIP清洗完成后开机运行60分钟内取一次，使用卷封投影仪对随机抽取的样品进行检测。,2025-01-01,9999-12-31,1,001,"{'assoc_type': 0, 'formPerms': [], 'needSign': ''}"
128,CMZI0128,7,集团标准,7,灌装,罐底打码,封口产品,,,,,Q/RW-TS-001-2023,,,,75,盖钩、罐钩间隙,64,GC00000025,1,6,生产部,5,品管部,1,1,1,8,灌装出口,2,定期检测,,3,1,139,,2026-06-24 17:47:31,,,,,,1,,,1,单次,,,,14,18,,1次/CIP,卷封投影仪,盖钩、罐钩间隙(mm)≥0.1,,,23,mm,0.1,,1,1,14,复检,若有不合格，进行复检。,每次CIP清洗完成后开机运行60分钟内取一次，使用卷封投影仪对随机抽取的样品进行检测。,2025-01-01,9999-12-31,1,001,"{'assoc_type': 0, 'formPerms': [], 'needSign': ''}"
129,CMZI0129,7,集团标准,7,灌装,罐底打码,封口产品,,,,,Q/RW-TS-001-2023,,,,78,皱纹度,64,GC00000025,1,6,生产部,5,品管部,1,1,1,8,灌装出口,2,定期检测,,3,1,139,,2026-06-24 17:47:31,,,,,,1,,,1,单次,,,,4,6,,1次/CIP,/,皱纹度(%)≤30,,,26,%,0,30,0,1,14,复检,若有不合格，进行复检。,每次CIP清洗完成后开机运行60分钟内取一次，使用卷封投影仪对随机抽取的样品进行检测。,2025-01-01,9999-12-31,1,001,"{'assoc_type': 0, 'formPerms': [], 'needSign': ''}"
130,CMZI0130,7,集团标准,7,灌装,罐底打码,封口产品,,,,,Q/RW-TS-001-2023,,,,76,迭接长度,112,GF00000016,1,6,生产部,5,品管部,1,1,2,8,灌装出口,2,定期检测,,3,1,139,,2026-06-24 17:47:31,,,,,,1,,,1,单次,,,,14,18,,1次/CIP,卷封投影仪,迭接长度(mm)≥0.90,,,23,mm,0.9,,1,1,13,调试,若仍有不合格，应进行调试，直至调试合格。,使用卷封投影仪对随机抽取的样品进行复检。,2025-01-01,9999-12-31,1,001,"{'assoc_type': 0, 'formPerms': [], 'needSign': ''}"
131,CMZI0131,7,集团标准,7,灌装,罐底打码,封口产品,,,,,Q/RW-TS-001-2023,,,,77,迭接率,112,GF00000016,1,6,生产部,5,品管部,1,1,2,8,灌装出口,2,定期检测,,3,1,139,,2026-06-24 17:47:31,,,,,,1,,,1,单次,,,,14,18,,1次/CIP,卷封投影仪,迭接率(%)≥55,,,26,%,55,,0,1,13,调试,若仍有不合格，应进行调试，直至调试合格。,使用卷封投影仪对随机抽取的样品进行复检。,2025-01-01,9999-12-31,1,001,"{'assoc_type': 0, 'formPerms': [], 'needSign': ''}"
132,CMZI0132,7,集团标准,7,灌装,罐底打码,封口产品,,,,,Q/RW-TS-001-2023,,,,75,盖钩、罐钩间隙,112,GF00000016,1,6,生产部,5,品管部,1,1,2,8,灌装出口,2,定期检测,,3,1,139,,2026-06-24 17:47:31,,,,,,1,,,1,单次,,,,14,18,,1次/CIP,卷封投影仪,盖钩、罐钩间隙(mm)≥0.1,,,23,mm,0.1,,1,1,13,调试,若仍有不合格，应进行调试，直至调试合格。,使用卷封投影仪对随机抽取的样品进行复检。,2025-01-01,9999-12-31,1,001,"{'assoc_type': 0, 'formPerms': [], 'needSign': ''}"
133,CMZI0133,7,集团标准,7,灌装,罐底打码,封口产品,,,,,Q/RW-TS-001-2023,,,,78,皱纹度,113,GF00000017,1,6,生产部,5,品管部,1,1,2,8,灌装出口,2,定期检测,,3,1,139,,2026-06-24 17:47:31,,,,,,1,,,1,单次,,,,4,6,,1次/CIP,/,皱纹度(%)≤30,,,26,%,0,30,0,1,13,调试,若仍有不合格，应进行调试，直至调试合格。,使用卷封投影仪对随机抽取的样品进行复检。,2025-01-01,9999-12-31,1,001,"{'assoc_type': 0, 'formPerms': [], 'needSign': ''}"
134,CMZI0134,7,集团标准,7,灌装,罐底打码,封口产品,,,,,Q/RW-TS-001-2023,,,,76,迭接长度,65,GC00000026,1,6,生产部,5,品管部,1,1,1,8,灌装出口,2,定期检测,,3,1,139,,2026-06-24 17:47:31,,,,,,1,,,1,单次,,,,14,18,,1次/班,卷封投影仪,迭接长度(mm)≥0.90,,,23,mm,0.9,,1,1,14,复检,若有不合格，进行复检。,使用卷封投影仪对随机抽取的样品进行检测。,2025-01-01,9999-12-31,1,001,"{'assoc_type': 0, 'formPerms': [], 'needSign': ''}"
135,CMZI0135,7,集团标准,7,灌装,罐底打码,封口产品,,,,,Q/RW-TS-001-2023,,,,77,迭接率,65,GC00000026,1,6,生产部,5,品管部,1,1,1,8,灌装出口,2,定期检测,,3,1,139,,2026-06-24 17:47:31,,,,,,1,,,1,单次,,,,14,18,,1次/班,卷封投影仪,迭接率(%)≥55,,,26,%,55,,0,1,14,复检,若有不合格，进行复检。,使用卷封投影仪对随机抽取的样品进行检测。,2025-01-01,9999-12-31,1,001,"{'assoc_type': 0, 'formPerms': [], 'needSign': ''}"
136,CMZI0136,7,集团标准,7,灌装,罐底打码,封口产品,,,,,Q/RW-TS-001-2023,,,,75,盖钩、罐钩间隙,65,GC00000026,1,6,生产部,5,品管部,1,1,1,8,灌装出口,2,定期检测,,3,1,139,,2026-06-24 17:47:31,,,,,,1,,,1,单次,,,,14,18,,1次/班,卷封投影仪,盖钩、罐钩间隙(mm)≥0.1,,,23,mm,0.1,,1,1,14,复检,若有不合格，进行复检。,使用卷封投影仪对随机抽取的样品进行检测。,2025-01-01,9999-12-31,1,001,"{'assoc_type': 0, 'formPerms': [], 'needSign': ''}"
137,CMZI0137,7,集团标准,7,灌装,罐底打码,封口产品,,,,,Q/RW-TS-001-2023,,,,78,皱纹度,65,GC00000026,1,6,生产部,5,品管部,1,1,1,8,灌装出口,2,定期检测,,3,1,139,,2026-06-24 17:47:31,,,,,,1,,,1,单次,,,,4,6,,1次/班,/,皱纹度(%)≤30,,,26,%,0,30,0,1,14,复检,若有不合格，进行复检。,使用卷封投影仪对随机抽取的样品进行检测。,2025-01-01,9999-12-31,1,001,"{'assoc_type': 0, 'formPerms': [], 'needSign': ''}"
138,CMZI0138,7,集团标准,7,灌装,罐底打码,封口产品,,,,,Q/RW-TS-001-2023,,,,76,迭接长度,114,GF00000018,1,6,生产部,5,品管部,1,1,2,8,灌装出口,2,定期检测,,3,1,139,,2026-06-24 17:47:31,,,,,,1,,,1,单次,,,,14,18,,1次/班,卷封投影仪,迭接长度(mm)≥0.90,,,23,mm,0.9,,1,1,13,调试,若仍有不合格，应进行调试，直至调试合格。,使用卷封投影仪对随机抽取的样品进行复检。,2025-01-01,9999-12-31,1,001,"{'assoc_type': 0, 'formPerms': [], 'needSign': ''}"
139,CMZI0139,7,集团标准,7,灌装,罐底打码,封口产品,,,,,Q/RW-TS-001-2023,,,,77,迭接率,114,GF00000018,1,6,生产部,5,品管部,1,1,2,8,灌装出口,2,定期检测,,3,1,139,,2026-06-24 17:47:32,,,,,,1,,,1,单次,,,,14,18,,1次/班,卷封投影仪,迭接率(%)≥55,,,26,%,55,,0,1,13,调试,若仍有不合格，应进行调试，直至调试合格。,使用卷封投影仪对随机抽取的样品进行复检。,2025-01-01,9999-12-31,1,001,"{'assoc_type': 0, 'formPerms': [], 'needSign': ''}"
140,CMZI0140,7,集团标准,7,灌装,罐底打码,封口产品,,,,,Q/RW-TS-001-2023,,,,75,盖钩、罐钩间隙,114,GF00000018,1,6,生产部,5,品管部,1,1,2,8,灌装出口,2,定期检测,,3,1,139,,2026-06-24 17:47:32,,,,,,1,,,1,单次,,,,14,18,,1次/班,卷封投影仪,盖钩、罐钩间隙(mm)≥0.1,,,23,mm,0.1,,1,1,13,调试,若仍有不合格，应进行调试，直至调试合格。,使用卷封投影仪对随机抽取的样品进行复检。,2025-01-01,9999-12-31,1,001,"{'assoc_type': 0, 'formPerms': [], 'needSign': ''}"
141,CMZI0141,7,集团标准,7,灌装,罐底打码,封口产品,,,,,Q/RW-TS-001-2023,,,,78,皱纹度,115,GF00000019,1,6,生产部,5,品管部,1,1,2,8,灌装出口,2,定期检测,,3,1,139,,2026-06-24 17:47:32,,,,,,1,,,1,单次,,,,4,6,,1次/班,/,皱纹度(%)≤30,,,26,%,0,30,0,1,13,调试,若仍有不合格，应进行调试，直至调试合格。,使用卷封投影仪对随机抽取的样品进行复检。,2025-01-01,9999-12-31,1,001,"{'assoc_type': 0, 'formPerms': [], 'needSign': ''}"
142,CMZI0142,7,集团标准,7,灌装,罐底打码,封口产品,,,,,Q/RW-TS-001-2023,,,,45,纯净度,66,GC00000027,1,5,品管部,5,品管部,1,2,1,7,打码区,1,定量检测,1,3,1,139,,2026-06-24 17:47:32,,,,44,批次,0,,,1,单次,,,,11,大于等于1,,1次/批,目测,无正常视力可见外来杂质、汁液均匀、澄清无分层,23,有杂质/汁液不均匀/汁液浑浊/汁液分层,,,,,,1,14,复检,若有不合格，进行复检。,洁净烧杯观察,2025-01-01,9999-12-31,1,001,"{'assoc_type': 0, 'formPerms': [], 'needSign': ''}"
143,CMZI0143,7,集团标准,7,灌装,罐底打码,封口产品,,,,,Q/RW-TS-001-2023,,,,45,纯净度,116,GF00000020,1,5,品管部,5,品管部,1,2,2,7,打码区,1,定量检测,1,3,1,139,,2026-06-24 17:47:32,,,,44,批次,0,,,1,单次,,,,11,大于等于1,,1次/批,目测,无正常视力可见外来杂质、汁液均匀、澄清无分层,23,有杂质/汁液不均匀/汁液浑浊/汁液分层,,,,,,1,13,调试,若仍有不合格，应进行调试，直至调试合格。,洁净烧杯观察,2025-01-01,9999-12-31,1,001,"{'assoc_type': 0, 'formPerms': [], 'needSign': ''}"
144,CMZI0144,8,基地标准,7,灌装,灌装,CIP过程,,,,,,,,,107,CIP效果,119,无,1,5,品管部,5,品管部,1,2,1,9,灌装间,2,定期检测,,3,1,139,,2026-06-24 17:47:32,,,化验员参与项目检测与检测,,,1,,,1,单次,,,,,,,1次/CIP,/,卫生指标合格,,,,,,,,1,13,调试,若有不合格，按照异常处理流程处理。,目视检查、空气洁净度检测,2025-01-01,9999-12-31,0,001,"{'assoc_type': 0, 'formPerms': [], 'needSign': ''}"
145,CMZI0145,8,基地标准,7,灌装,灌装,灌装和封口机,,,,,,,,,110,泼料情况,119,无,1,6,生产部,6,生产部,1,2,1,9,灌装间,4,随机检测,,3,1,139,,2026-06-24 17:47:32,,,,,,0,,,1,单次,,,,,,,,/,无异常,,,,,,,,1,13,调试,若有不合格，按照异常处理流程处理。,目视观察,2025-01-01,9999-12-31,0,001,"{'assoc_type': 0, 'formPerms': [], 'needSign': ''}"
146,CMZI0146,8,基地标准,7,灌装,灌装,本工序设备,,,,,,,,,111,设备运转,119,无,1,6,生产部,6,生产部,1,2,1,9,灌装间,2,定期检测,,3,1,139,,2026-06-24 17:47:32,,,,,,1,,,1,单次,,,,,,,1次/班,/,无异常,,,,,,,,1,13,调试,若有不合格，按照异常处理流程处理。,目视观察，手感，耳听,2025-01-01,9999-12-31,0,001,"{'assoc_type': 0, 'formPerms': [], 'needSign': ''}"
147,CMZI0147,8,基地标准,7,灌装,灌装,作业区域,,,,,,,,,112,环境卫生,119,无,1,6,生产部,6,生产部,1,2,1,9,灌装间,2,定期检测,,3,1,139,,2026-06-24 17:47:32,,,,,,1,,,1,单次,,,,,,,1次/班,/,整洁、无卫生死角,,,,,,,,1,13,调试,若有不合格，按照异常处理流程处理。,目视观察，手感，耳听,2025-01-01,9999-12-31,0,001,"{'assoc_type': 0, 'formPerms': [], 'needSign': ''}"
148,CMZI0148,8,基地标准,7,灌装,灌装,灌装操作工,,,,,,,,,113,人员卫生,119,无,1,6,生产部,6,生产部,1,2,1,9,灌装间,2,定期检测,,3,1,139,,2026-06-24 17:47:32,,,,,,1,,,1,单次,,,,,,,1次/班,/,"整洁、无违章
洁净间卫生及操作规范",,,,,,,,1,13,调试,若有不合格，按照异常处理流程处理。,目视观察，手感，耳听,2025-01-01,9999-12-31,0,001,"{'assoc_type': 0, 'formPerms': [], 'needSign': ''}"
149,CMZI0149,8,基地标准,7,灌装,灌装,灌装工序,,,,,,,,,114,安全隐患,119,无,1,6,生产部,6,生产部,1,2,1,9,灌装间,2,定期检测,,3,1,139,,2026-06-24 17:47:32,,,,,,1,,,1,单次,,,,,,,1次/班,/,可控状态,,,,,,,,1,13,调试,若有不合格，按照异常处理流程处理。,目视观察，手感，耳听,2025-01-01,9999-12-31,0,001,"{'assoc_type': 0, 'formPerms': [], 'needSign': ''}"
150,CMZI0150,7,集团标准,5,打码,罐底打码,打码后产品,,,,,Q/RW-TS-001-2023,,,,46,罐体外观,67,GC00000028,1,6,生产部,6,生产部,1,2,1,7,打码区,2,定期检测,1,3,1,139,,2026-06-24 17:47:32,,,,44,批次,1,,,1,单次,,,,11,大于等于1,,1次/批,/,无印刷缺陷；无变形、划痕、皱褶，涂膜破损，无内压偏高或偏低、无倒罐及异盖、表面无明显残水等,24,印刷缺陷/变形/划痕/皱褶/涂膜破损/内压偏高/内压偏低/倒罐/异盖/表面明显残水/其他,,,,,,1,15,不合格,若有不合格，按照异常处理流程处理。,感官检查，每10分钟抽取6罐进行检测,2025-01-01,9999-12-31,1,001,"{'assoc_type': 0, 'formPerms': [], 'needSign': ''}"
151,CMZI0151,7,集团标准,5,打码,罐底打码,冷却循环水,,,,,Q/RW-TS-001-2023,,,,115,水质及pH值,68,GC00000029,1,6,生产部,5,品管部,1,1,1,7,打码区,2,定期检测,,3,1,139,,2026-06-24 17:47:32,,,PH由化验员协助测量,,,1,,,1,单次,,,,11,大于等于1,,1次/班,/,无异常,,,,,5.0,8.0,1,1,14,复检,若有不合格，进行复检。,检验仪器；感官检查,2025-01-01,9999-12-31,1,001,"{'assoc_type': 0, 'formPerms': [], 'needSign': ''}"
152,CMZI0152,7,集团标准,5,打码,罐底打码,冷却循环水,,,,,Q/RW-TS-001-2023,,,,115,水质及pH值,117,GF00000021,1,6,生产部,5,品管部,1,1,2,7,打码区,2,定期检测,,3,1,139,,2026-06-24 17:47:32,,,PH由化验员协助测量,,,1,,,1,单次,,,,11,大于等于1,,1次/班,/,无异常,,,,,5.0,8.0,1,1,15,不合格,若有不合格，按照异常处理流程处理。,检验仪器；感官检查,2025-01-01,9999-12-31,1,001,"{'assoc_type': 0, 'formPerms': [], 'needSign': ''}"
153,CMZI0153,7,集团标准,5,打码,罐底打码,打码后产品,,,,,Q/RW-TS-001-2023,,,,44,卷封外观质量,67,GC00000028,1,6,生产部,6,生产部,1,2,1,7,打码区,2,定期检测,1,3,1,139,,2026-06-24 17:47:32,,,,44,批次,1,,,1,单次,,,,11,大于等于1,,1次/批,/,无异常,25,卷边不完全/跳封/假封/快口/锐边/牙齿/铁舌/垂唇/双线/碎裂/大塌边/填料挤出/拉环上翘,,,,,,1,15,不合格,若有不合格，按照异常处理流程处理。,感官检查，每10分钟抽取6罐进行检测,2025-01-01,9999-12-31,1,001,"{'assoc_type': 0, 'formPerms': [], 'needSign': ''}"
154,CMZI0154,7,集团标准,5,打码,罐底打码,液位检测,,,,,Q/RW-TS-001-2023,,,,116,产品液位,69,GC00000030,1,6,生产部,6,生产部,1,1,1,7,打码区,1,定量检测,1,3,1,139,,2026-06-24 17:47:32,,,岗位人员填写总克重，设置换算公式：（总克重-罐盖重量）/密度，罐盖重量由品管维护，密度由品管维护。,44,批次,0,,,1,单次,,,,15,25,,1次/批,电子天平,单罐≥245mL,,,19,mL,245.0,,1,1,13,调试,若有不合格，通知设备人员进行停机调试，直至调试合格。不合格商品按照异常处理流程处理。,用精确度为0.1g的电子天平称量，根据重量换算,2025-01-01,9999-12-31,1,001,"{'assoc_type': 0, 'formPerms': [], 'needSign': ''}"
155,CMZI0155,7,集团标准,5,打码,罐底打码,液位检测,,,,,Q/RW-TS-001-2023,,,,116,产品液位,119,无,1,6,生产部,6,生产部,1,1,1,7,打码区,1,定量检测,1,3,1,139,,2026-06-24 17:47:32,,,岗位人员填写总克重，设置换算公式：（总克重-罐盖重量）/密度，罐盖重量由品管维护，密度由品管维护。,44,批次,0,,,2,系统累计,,,,,,,,电子天平,平均≥250mL,,,19,mL,250.0,,1,1,13,调试,若有不合格，通知设备人员进行停机调试，直至调试合格。不合格商品按照异常处理流程处理。,用精确度为0.1g的电子天平称量，根据重量换算,2025-01-01,9999-12-31,1,001,"{'assoc_type': 0, 'formPerms': [], 'needSign': ''}"
156,CMZI0156,7,集团标准,5,打码,罐底打码,液位检测,,,,,Q/RW-TS-001-2023,,,,116,产品液位,119,无,1,6,生产部,6,生产部,1,1,1,7,打码区,1,定量检测,1,3,1,139,,2026-06-24 17:47:32,,,岗位人员填写总克重，设置换算公式：（总克重-罐盖重量）/密度，罐盖重量由品管维护，密度由品管维护。,44,批次,0,,,2,系统累计,,,,,,,,电子天平,70%以上产品≥250mL,,,19,mL,250.0,,1,1,13,调试,若有不合格，通知设备人员进行停机调试，直至调试合格。不合格商品按照异常处理流程处理。,用精确度为0.1g的电子天平称量，根据重量换算,2025-01-01,9999-12-31,1,001,"{'assoc_type': 0, 'formPerms': [], 'needSign': ''}"
157,CMZI0157,7,集团标准,5,打码,罐底打码,液位检测,,,,,Q/RW-TS-001-2023,,,,116,产品液位,70,GC00000031,1,5,品管部,5,品管部,1,1,1,7,打码区,2,定期检测,,3,1,139,,2026-06-24 17:47:32,,,,,,1,,,1,单次,,,,11,大于等于1,,1次/小时,量杯,单罐≥245mL,,,19,mL,245.0,,1,1,14,复检,若有不合格，进行复检。,在室温下，将样品倒入260mL专用检验量瓶中。读数时，视线与液面平齐。,2025-01-01,9999-12-31,1,001,"{'assoc_type': 0, 'formPerms': [], 'needSign': ''}"
158,CMZI0158,7,集团标准,5,打码,罐底打码,液位检测,,,,,Q/RW-TS-001-2023,,,,116,产品液位,118,GF00000022,1,5,品管部,5,品管部,1,1,2,7,打码区,2,定期检测,,3,1,139,,2026-06-24 17:47:32,,,,,,1,,,1,单次,,,,11,大于等于1,,1次/小时,量杯,单罐≥245mL,,,19,mL,245.0,,1,1,13,调试,若有不合格，按照异常处理流程处理。,在室温下，将样品倒入260mL专用检验量瓶中。读数时，视线与液面平齐。,2025-01-01,9999-12-31,1,001,"{'assoc_type': 0, 'formPerms': [], 'needSign': ''}"
159,CMZI0159,7,集团标准,5,打码,罐底打码,液位检测,,,,,Q/RW-TS-001-2023,,,,116,产品液位,119,无,1,5,品管部,5,品管部,1,1,1,7,打码区,2,定期检测,,3,1,139,,2026-06-24 17:47:32,,,,,,1,,,2,系统累计,,,,,,,,量杯,平均≥250mL,,,19,mL,250.0,,1,1,13,调试,若有不合格，按照异常处理流程处理。,在室温下，将样品倒入260mL专用检验量瓶中。读数时，视线与液面平齐。,2025-01-01,9999-12-31,1,001,"{'assoc_type': 0, 'formPerms': [], 'needSign': ''}"
160,CMZI0160,7,集团标准,5,打码,罐底打码,液位检测,,,,,Q/RW-TS-001-2023,,,,116,产品液位,119,无,1,5,品管部,5,品管部,1,1,1,7,打码区,2,定期检测,,3,1,139,,2026-06-24 17:47:32,,,,,,1,,,2,系统累计,,,,,,,,量杯,70%以上产品≥250mL,,,19,mL,250.0,,1,1,13,调试,若有不合格，按照异常处理流程处理。,在室温下，将样品倒入260mL专用检验量瓶中。读数时，视线与液面平齐。,2025-01-01,9999-12-31,1,001,"{'assoc_type': 0, 'formPerms': [], 'needSign': ''}"
161,CMZI0161,7,集团标准,5,打码,罐底打码,内压检测,,,,,Q/RW-TS-001-2023,,,,117,罐内压力,70,GC00000031,1,5,品管部,5,品管部,1,1,1,7,打码区,2,定期检测,,3,1,139,,2026-06-24 17:47:32,,,参考指标,,,1,,,1,单次,,,,11,大于等于1,,1次/小时,内压检测仪,-0.020～0.010MPa(20～25℃),,,31,MPa,-0.020,0.010,3,1,13,调试,若有不合格，按照异常处理流程处理。,在20～25℃温度范围内，使用内压检测仪进行检测。,2025-01-01,9999-12-31,1,001,"{'assoc_type': 0, 'formPerms': [], 'needSign': ''}"
162,CMZI0162,7,集团标准,5,打码,罐底打码,倒罐检测,,,,,Q/RW-TS-001-2023,,,,118,倒罐检测,119,无,1,6,生产部,6,生产部,1,2,1,7,打码区,2,定期检测,,3,1,139,,2026-06-24 17:47:32,,,,,,1,,,1,单次,,,,11,大于等于1,,1次/4小时,/,"每班接班时1次，4小时后1次，用倒罐进
行验证，要求均能报警。",,,,,,,0,1,13,调试,若有不合格，按照异常处理流程处理。,检罐测试,2025-01-01,9999-12-31,1,001,"{'assoc_type': 0, 'formPerms': [], 'needSign': ''}"
163,CMZI0163,7,集团标准,5,打码,罐底打码,产品降温,,,,,Q/RW-TS-001-2023,,,,119,罐身温度,71,GC00000032,1,6,生产部,6,生产部,1,1,1,7,打码区,2,定期检测,,3,1,139,,2026-06-24 17:47:32,,,,,,1,,,1,单次,,,,11,大于等于1,,1次/批,/,35℃~45℃,,,28,℃,35,45,0,1,13,调试,若有不合格，按照异常处理流程处理。,红外线测温,2025-01-01,9999-12-31,1,001,"{'assoc_type': 0, 'formPerms': [], 'needSign': ''}"
164,CMZI0164,7,集团标准,5,打码,罐底打码,喷码,,,,,Q/RW-TS-001-2023,,,,47,打码质量,71,GC00000032,1,6,生产部,6,生产部,1,2,1,7,打码区,2,定期检测,,3,1,139,,2026-06-24 17:47:32,,,,,,1,,,1,单次,,,,11,大于等于1,,1次/批,/,"罐底墨码打印于产品底部蓝点下方，且左右
居中，清晰准确，附着力强、不掉墨、不褪色",26,位置错误/未居中/模糊/信息错误/附着力弱/掉墨/褪色,,,,,,1,13,调试,若有不合格，按照异常处理流程处理。,目视检查，手感；手指来回用力擦10次,2025-01-01,9999-12-31,1,001,"{'assoc_type': 0, 'formPerms': [], 'needSign': ''}"
165,CMZI0165,7,集团标准,5,打码,罐底打码,喷码,,,,,Q/RW-TS-001-2023,,,,47,打码质量,72,GC00000033,1,5,品管部,5,品管部,1,2,1,7,打码区,2,定期检测,,3,1,139,,2026-06-24 17:47:32,,,,,,1,,,1,单次,,,,11,大于等于1,,1次/小时,/,"罐底墨码打印于产品底部蓝点下方，且左右
居中，清晰准确，附着力强、不掉墨、不褪色",26,位置错误/未居中/模糊/信息错误/附着力弱/掉墨/褪色,,,,,,1,13,调试,若有不合格，按照异常处理流程处理。,目视检查，手感；手指来回用力擦10次,2025-01-01,9999-12-31,1,001,"{'assoc_type': 0, 'formPerms': [], 'needSign': ''}"
166,CMZI0166,7,集团标准,5,打码,灌装,液位检测,,,,,Q/RW-TS-001-2023,,,,116,产品液位,119,无,1,,,6,生产部,1,2,1,7,打码区,2,定期检测,,3,1,139,,2026-06-24 17:47:32,,,,,,1,,,1,单次,,,,11,大于等于1,,1次/4小时,/,使用样罐进行液位检测仪击打器准确率的验证，验证3遍，每遍都要混在产品进行；频次：每班接班时1次，4小时后1次,,,,,,,,1,13,调试,若有不合格，按照异常处理流程处理。,每班使用样罐进行检测,2025-01-01,9999-12-31,1,001,"{'assoc_type': 0, 'formPerms': [], 'needSign': ''}"
167,CMZI0167,7,集团标准,5,打码,罐底打码,内压检测,,,,,Q/RW-TS-001-2023,,,,120,内压打检,119,无,1,6,生产部,6,生产部,1,2,1,7,打码区,2,定期检测,,3,1,139,,2026-06-24 17:47:32,,,广东基地没有做此项检测，无相关设备,,,1,,,1,单次,,,,11,大于等于1,,1次/4小时,/,每班接班1次，4小时后一次，用内压偏高样罐及双底盖样罐分别进行检测，要求能全部剔除,,,,,,,,1,13,调试,若有不合格，按照异常处理流程处理。,检罐测试,2025-01-01,9999-12-31,1,001,"{'assoc_type': 0, 'formPerms': [], 'needSign': ''}"
168,CMZI0168,7,集团标准,5,打码,罐底打码,异盖检测,,,,,Q/RW-TS-001-2023,,,,121,顶盖印刷,119,无,1,6,生产部,6,生产部,1,2,1,7,打码区,2,定期检测,,3,1,139,,2026-06-24 17:47:32,,,双底盖每班接班检测一次,,,1,,,1,单次,,,,11,大于等于1,,1次/4小时,/,每班接班时1次，4小时后1次，用异盖罐进行验证，要求均能报警,,,,,,,,1,13,调试,若有不合格，按照异常处理流程处理。,检罐测试,2025-01-01,9999-12-31,1,001,"{'assoc_type': 0, 'formPerms': [], 'needSign': ''}"
169,CMZI0169,7,集团标准,5,打码,罐底打码,墨码机,,,,,Q/RW-TS-001-2023,,,,48,参数,119,无,1,6,生产部,6,生产部,1,2,1,7,打码区,2,定期检测,,3,1,139,,2026-06-24 17:47:32,,,,,,1,,,1,单次,,,,11,大于等于1,,1次/班,/,检查墨码机参数设置，确认正确；夜班整点时停机确认日期跳转。备用墨码机上线使用编写资料需巡检员对过程进行复核,27,参数错误/整点未跳转,,,,,,1,13,调试,若有不合格，按照异常处理流程处理。,目视检查,2025-01-01,9999-12-31,1,001,"{'assoc_type': 0, 'formPerms': [], 'needSign': ''}"
170,CMZI0170,7,集团标准,5,打码,罐底打码,二维码,,,,,Q/RW-TS-001-2023,,,,49,二维码打检,73,GC00000034,1,5,品管部,5,品管部,1,2,1,7,打码区,2,定期检测,,3,1,139,,2026-06-24 17:47:32,,,,,,1,,,1,单次,,,,11,大于等于1,,1次/小时,/,蓝点完整，无偏移、杂质，每批产品更改批次号后需与运维方确认，以确保二维码信息内容与批次信息内容一致。,28,蓝点不完整/蓝点变形/蓝点偏移/蓝点表面有油污/蓝点有异物/二维码位置错误/二维码完整/二维码变形/二维码扫读异常,,,,,,1,13,调试,若有不合格，按照异常处理流程处理。,目视检查,2025-01-01,9999-12-31,1,001,"{'assoc_type': 0, 'formPerms': [], 'needSign': ''}"
171,CMZI0171,7,集团标准,5,打码,罐底打码,防伪注胶,,,,,Q/RW-TS-001-2023,,,,50,顶盖防伪,74,GC00000035,1,6,生产部,6,生产部,1,2,1,7,打码区,1,定量检测,1,3,1,139,,2026-06-24 17:47:32,,,,44,批次,0,,,1,单次,,,,11,大于等于1,,1次/批,目测、触觉、激光笔,注胶无拉丝、拖尾、胶点面积≥2/3铆钉面积、附着力强、轻抠不脱落；≥10罐/每小时,29,拉丝/拖尾/胶点面积不足/附着力弱,,,,,,1,13,调试,若有不合格，按照异常处理流程处理。,目视、激光笔,2025-01-01,9999-12-31,1,001,"{'assoc_type': 0, 'formPerms': [], 'needSign': ''}"
172,CMZI0172,7,集团标准,5,打码,罐底打码,防伪注胶,,,,,Q/RW-TS-001-2023,,,,50,顶盖防伪,75,GC00000036,1,5,品管部,5,品管部,1,2,1,7,打码区,2,定期检测,1,3,1,139,,2026-06-24 17:47:32,,,,44,批次,1,,,1,单次,,,,11,大于等于1,,1次/批,目测、触觉、激光笔,注胶无拉丝、拖尾、胶点面积≥2/3铆钉面积、附着力强、轻抠不脱落；≥10罐/每小时,29,拉丝/拖尾/胶点面积不足/附着力弱,,,,,,1,13,调试,若有不合格，按照异常处理流程处理。,目视、激光笔,2025-01-01,9999-12-31,1,001,"{'assoc_type': 0, 'formPerms': [], 'needSign': ''}"
173,CMZI0173,7,集团标准,5,打码,外箱打码,激光机,,,,,Q/RW-TS-001-2023,,,,48,参数,76,GC00000037,1,6,生产部,6,生产部,1,2,1,"18,3","外箱打码区,包装区",2,定期检测,,3,1,139,,2026-06-24 17:47:32,,,,,,1,,,1,单次,,,,11,大于等于1,,1次/班,目测,接班对激光机时间与外箱码时间确认一致；夜班整点时停机确认日期跳转，并对日期跳转后开机第一箱开箱检查，确认罐底码日期与外箱码日期一致,30,激光机时间与外箱码时间不一致/跨天不跳转/罐码与箱码时间不一致,,,,,,1,13,调试,若有不合格，按照异常处理流程处理。,目视检查,2025-01-01,9999-12-31,1,001,"{'assoc_type': 0, 'formPerms': [], 'needSign': ''}"
174,CMZI0174,7,集团标准,5,打码,外箱打码,激光机,,,,,Q/RW-TS-001-2023,,,,48,参数,77,GC00000038,1,5,品管部,5,品管部,1,2,1,"18,3","外箱打码区,包装区",2,定期检测,,3,1,139,,2026-06-24 17:47:32,,,,,,1,,,1,单次,,,,11,大于等于1,,1次/小时,/,核对二维码可扫读，二维码信息与箱码信息需一致,31,二维码扫读异常/二维码信息与箱码信息不一致,,,,,,1,13,调试,若有不合格，按照异常处理流程处理。,目视检查,2025-01-01,9999-12-31,1,001,"{'assoc_type': 0, 'formPerms': [], 'needSign': ''}"
175,CMZI0175,8,基地标准,5,打码,罐底打码,工序设备,,,,,,,,,111,设备运转,119,无,1,6,生产部,6,生产部,1,2,1,7,打码区,2,定期检测,,3,1,139,,2026-06-24 17:47:32,,,,,,1,,,1,单次,,,,11,大于等于1,,1次/班,/,无异常,,,,,,,,1,13,调试,法规要求需要有相应记录,目视观察，手感，耳听,2025-01-01,9999-12-31,0,001,"{'assoc_type': 0, 'formPerms': [], 'needSign': ''}"
176,CMZI0176,8,基地标准,5,打码,罐底打码,作业区域,,,,,,,,,112,环境卫生,119,无,1,6,生产部,6,生产部,1,2,1,7,打码区,2,定期检测,,3,1,139,,2026-06-24 17:47:32,,,,,,1,,,1,单次,,,,11,大于等于1,,1次/班,/,整洁、无卫生死角,,,,,,,,1,13,调试,法规要求需要有相应记录,目视观察，手感，耳听,2025-01-01,9999-12-31,0,001,"{'assoc_type': 0, 'formPerms': [], 'needSign': ''}"
177,CMZI0177,8,基地标准,5,打码,罐底打码,打码操作工,,,,,,,,,113,人员卫生,119,无,1,6,生产部,6,生产部,1,2,1,7,打码区,2,定期检测,,3,1,139,,2026-06-24 17:47:32,,,,,,1,,,1,单次,,,,11,大于等于1,,1次/班,/,"整洁、无违章
洁净间卫生及操作规范",,,,,,,,1,13,调试,法规要求需要有相应记录,目视观察，手感，耳听,2025-01-01,9999-12-31,0,001,"{'assoc_type': 0, 'formPerms': [], 'needSign': ''}"
178,CMZI0178,8,基地标准,5,打码,罐底打码,打码工序,,,,,,,,,114,安全隐患,119,无,1,6,生产部,6,生产部,1,2,1,7,打码区,2,定期检测,,3,1,139,,2026-06-24 17:47:32,,,,,,1,,,1,单次,,,,11,大于等于1,,1次/班,/,可控状态,,,,,,,,1,13,调试,法规要求需要有相应记录,目视观察，手感，耳听,2025-01-01,9999-12-31,0,001,"{'assoc_type': 0, 'formPerms': [], 'needSign': ''}"
179,CMZI0179,8,基地标准,6,打码（抽检）,罐底打码,自检内容,,,,,,,,,122,自检内容,119,无,1,6,生产部,6,生产部,1,2,1,7,打码区,2,定期检测,,3,1,139,,2026-06-24 17:47:32,,,"检查内容不限于此：
废品率＜2罐/10万罐",,,1,,,1,单次,,,,11,大于等于1,,1次/班,/,无异常,,,,,,,,1,13,调试,法规要求需要有相应记录,同上,2025-01-01,9999-12-31,0,001,"{'assoc_type': 0, 'formPerms': [], 'needSign': ''}"
180,CMZI0180,7,集团标准,10,热缩,热缩,热缩机入口罐体,,,,,Q/RW-TS-001-2023,,,,43,外观,78,GC00000039,1,6,生产部,6,生产部,1,2,1,14,热缩区,2,定期检测,1,3,1,139,,2026-06-24 17:47:32,,,,44,批次,1,,,1,单次,,,,11,大于等于1,,1次/批,目测、触觉,无印刷缺陷；无变形，无划痕、褶皱、涂膜破损，内压偏高或偏低、无倒罐及异盖等；表面无明显残水,32,印刷缺陷/变形/划痕/褶皱/涂膜破损/内压偏高/内压偏低/倒罐/异盖/表面明显残水/其他,,,,,,1,10,调机,若有不合格，通知设备人员进行停机调试，直至调试合格。不合格商品按照异常处理流程处理。,检测罐体外观是否合格。,2025-01-01,9999-12-31,1,001,"{'assoc_type': 0, 'formPerms': [], 'needSign': ''}"
181,CMZI0181,7,集团标准,10,热缩,热缩,打码质量,,,,,Q/RW-TS-001-2023,,,,43,外观,78,GC00000039,1,6,生产部,6,生产部,1,2,1,14,热缩区,2,定期检测,1,3,1,139,,2026-06-24 17:47:32,,,,44,批次,1,,,1,单次,,,,11,大于等于1,,1次/批,目测,打码正确、清晰,33,模糊/错误,,,,,,1,10,调机,若有不合格，通知设备人员进行停机调试，直至调试合格。不合格商品按照异常处理流程处理。,检测罐体底部打码是否正常。,2025-01-01,9999-12-31,1,001,"{'assoc_type': 0, 'formPerms': [], 'needSign': ''}"
182,CMZI0182,7,集团标准,10,热缩,热缩,热缩机出口塑封,,,,,Q/RW-TS-001-2023,,,,123,每条数量,79,GC00000040,1,6,生产部,6,生产部,1,2,1,14,热缩区,2,定期检测,,3,1,139,,2026-06-24 17:47:32,,,,,,1,,,1,单次,,,,11,大于等于1,,1次/30分钟,目测,白膜12罐/彩膜6罐,,,,,,,,1,10,调机,若有不合格，通知设备人员进行停机调试，直至调试合格。不合格商品按照异常处理流程处理。,检测缩膜内商品数量是否足额。,2025-01-01,9999-12-31,1,001,"{'assoc_type': 0, 'formPerms': [], 'needSign': ''}"
183,CMZI0183,7,集团标准,10,热缩,热缩,热缩机出口塑封,,,,,Q/RW-TS-001-2023,,,,52,热缩包装效果,79,GC00000040,1,6,生产部,6,生产部,1,2,1,14,热缩区,2,定期检测,,3,1,139,,2026-06-24 17:47:32,,,,,,1,,,1,单次,,,,11,大于等于1,,1次/30分钟,目测、触觉,包装均匀平整、无变形、无皱褶、无穿孔，接缝平整、牢固、无卷边，缩膜两端对称,34,不均匀平整/变形/皱褶/穿孔/接缝不平整/接缝松散/卷边/瘪罐/缩膜两端不齐/其他,,,,,,1,10,调机,若有不合格，通知设备人员进行停机调试，直至调试合格。不合格商品按照异常处理流程处理。,检测缩膜包装外观是否合格。,2025-01-01,9999-12-31,1,001,"{'assoc_type': 0, 'formPerms': [], 'needSign': ''}"
184,CMZI0184,7,集团标准,10,热缩,热缩,热缩机出口塑封,,,,,Q/RW-TS-001-2023,,,,52,热缩包装效果,79,GC00000040,1,6,生产部,6,生产部,1,2,1,14,热缩区,2,定期检测,,3,1,139,,2026-06-24 17:47:32,,,,,,1,,,1,单次,,,,11,大于等于1,,1次/30分钟,目测,彩膜文字标识清晰正确，彩膜顶部墨码打印清晰、内容格式正确无变形，条码无扭曲变形,35,文字标识模糊/文字标识错误/顶部二维码信息错误/顶部二维码无法识读/顶部墨码打印模糊/顶部墨码格式错误/顶部墨码变形/条码扭曲变形/其他,,,,,,1,10,调机,若有不合格，通知设备人员进行停机调试，直至调试合格。不合格商品按照异常处理流程处理。,检测缩膜包装信息是否合格。,2025-01-01,9999-12-31,1,001,"{'assoc_type': 0, 'formPerms': [], 'needSign': ''}"
185,CMZI0185,7,集团标准,10,热缩,热缩,热缩机出口塑封,,,,,Q/RW-TS-001-2023,,,,52,热缩包装效果,80,GC00000041,1,5,品管部,5,品管部,1,2,1,14,热缩区,2,定期检测,,3,1,139,,2026-06-24 17:47:32,,,,,,1,,,1,单次,,,,11,大于等于1,,1次/小时,目测、触觉,包装均匀平整、无变形、无皱褶、无穿孔，接缝平整、牢固、无卷边，缩膜两端对称,34,不均匀平整/变形/皱褶/穿孔/接缝不平整/接缝松散/卷边/瘪罐/缩膜两端不齐/其他,,,,,,1,10,调机,若有不合格，通知设备人员进行停机调试，直至调试合格。不合格商品按照异常处理流程处理。,检测缩膜包装外观是否合格。,2025-01-01,9999-12-31,1,001,"{'assoc_type': 0, 'formPerms': [], 'needSign': ''}"
186,CMZI0186,7,集团标准,10,热缩,热缩,热缩机出口塑封,,,,,Q/RW-TS-001-2023,,,,52,热缩包装效果,80,GC00000041,1,5,品管部,5,品管部,1,2,1,14,热缩区,2,定期检测,,3,1,139,,2026-06-24 17:47:32,,,,,,1,,,1,单次,,,,11,大于等于1,,1次/小时,目视,彩膜文字标识清晰正确，彩膜顶部墨码打印清晰、内容格式正确无变形，条码无扭曲变形,35,文字标识模糊/文字标识错误/顶部二维码信息错误/顶部二维码无法识读/顶部墨码打印模糊/顶部墨码格式错误/顶部墨码变形/条码扭曲变形/其他,,,,,,1,10,调机,若有不合格，通知设备人员进行停机调试，直至调试合格。不合格商品按照异常处理流程处理。,检测缩膜包装信息是否合格。,2025-01-01,9999-12-31,1,001,"{'assoc_type': 0, 'formPerms': [], 'needSign': ''}"
187,CMZI0187,7,集团标准,10,热缩,热缩,热缩膜,,,,,Q/RW-TS-001-2023,7,8886,红牛维他命饮料（江苏）有限公司,33,净重,81,GC00000042,1,6,生产部,6,生产部,1,1,1,14,热缩区,2,定期检测,,3,1,139,,2026-06-24 17:47:32,,,,,,1,,,1,单次,,,,12,2,,1次/班,台秤,标识重量±0.5kg,,,1,kg,34.5,35.5,1,1,11,退库,若有不合格，对当班次所有剩余热缩膜进行净重检测，不合格商品按照异常处理流程处理。,用台秤检测热缩膜净重是否合格。,2025-01-01,9999-12-31,1,001,"{'assoc_type': 0, 'formPerms': [], 'needSign': ''}"
188,CMZI0188,7,集团标准,10,热缩,热缩,热缩膜,,,,,Q/RW-TS-001-2023,6,8885,广东红牛维他命饮料有限公司,33,净重,82,GC00000043,1,6,生产部,6,生产部,1,1,1,14,热缩区,2,定期检测,,3,1,139,,2026-06-24 17:47:32,,,,,,1,,,1,单次,,,,12,2,,1次/班,台秤,标识重量±0.5kg,,,1,kg,34.5,35.5,1,1,11,退库,若有不合格，对当班次所有剩余热缩膜进行净重检测，不合格商品按照异常处理流程处理。,用台秤检测热缩膜净重是否合格。,2025-01-01,9999-12-31,1,001,"{'assoc_type': 0, 'formPerms': [], 'needSign': ''}"
189,CMZI0189,7,集团标准,10,热缩,热缩,热缩膜,,,,,Q/RW-TS-001-2023,12,8880,红牛维他命饮料有限公司,33,净重,83,GC00000044,1,6,生产部,6,生产部,1,1,1,14,热缩区,2,定期检测,,3,1,139,,2026-06-24 17:47:32,,,,,,1,,,1,单次,,,,12,2,,1次/班,台秤,标识重量±0.5kg,,,1,kg,34.5,35.5,1,1,11,退库,若有不合格，对当班次所有剩余热缩膜进行净重检测，不合格商品按照异常处理流程处理。,用台秤检测热缩膜净重是否合格。,2025-01-01,9999-12-31,1,001,"{'assoc_type': 0, 'formPerms': [], 'needSign': ''}"
190,CMZI0190,7,集团标准,10,热缩,热缩,热缩膜,,,,,Q/RW-TS-001-2023,5,8883,红牛维他命饮料（湖北）有限公司,33,净重,84,GC00000045,1,6,生产部,6,生产部,1,1,1,14,热缩区,2,定期检测,,3,1,139,,2026-06-24 17:47:32,,,,,,1,,,1,单次,,,,12,2,,1次/班,台秤,标识重量±0.5kg,,,1,kg,49.5,50.5,1,1,11,退库,若有不合格，对当班次所有剩余热缩膜进行净重检测，不合格商品按照异常处理流程处理。,用台秤检测热缩膜净重是否合格。,2025-01-01,9999-12-31,1,001,"{'assoc_type': 0, 'formPerms': [], 'needSign': ''}"
191,CMZI0191,7,集团标准,10,热缩,热缩,热缩膜,,,,,Q/RW-TS-001-2023,8,6865,华彬快速消费品饮料（贵州）有限公司,33,净重,85,GC00000046,1,6,生产部,6,生产部,1,1,1,14,热缩区,2,定期检测,,3,1,139,,2026-06-24 17:47:32,,,,,,1,,,1,单次,,,,12,2,,1次/班,台秤,标识重量±0.5kg,,,1,kg,49.5,50.5,1,1,11,退库,若有不合格，对当班次所有剩余热缩膜进行净重检测，不合格商品按照异常处理流程处理。,用台秤检测热缩膜净重是否合格。,2025-01-01,9999-12-31,1,001,"{'assoc_type': 0, 'formPerms': [], 'needSign': ''}"
192,CMZI0192,7,集团标准,10,热缩,热缩,热缩膜,,,,,Q/RW-TS-001-2023,9,6866,华彬快速消费品饮料（福建）有限公司,33,净重,86,GC00000047,1,6,生产部,6,生产部,1,1,1,14,热缩区,2,定期检测,,3,1,139,,2026-06-24 17:47:32,,,,,,1,,,1,单次,,,,12,2,,1次/班,台秤,标识重量±0.5kg,,,1,kg,49.5,50.5,1,1,11,退库,若有不合格，对当班次所有剩余热缩膜进行净重检测，不合格商品按照异常处理流程处理。,用台秤检测热缩膜净重是否合格。,2025-01-01,9999-12-31,1,001,"{'assoc_type': 0, 'formPerms': [], 'needSign': ''}"
193,CMZI0193,7,集团标准,10,热缩,热缩,热缩膜,,,,,Q/RW-TS-001-2023,,,,33,净重,87,GC00000048,1,6,生产部,6,生产部,1,1,1,14,热缩区,2,定期检测,,3,1,139,,2026-06-24 17:47:32,,,,,,1,,,1,单次,,,,12,2,,1次/班,台秤,标识重量±0.5kg,,,1,kg,69.5,70.5,1,1,11,退库,若有不合格，对当班次所有剩余热缩膜进行净重检测，不合格商品按照异常处理流程处理。,用台秤检测热缩膜净重是否合格。,2025-01-01,9999-12-31,1,001,"{'assoc_type': 0, 'formPerms': [], 'needSign': ''}"
194,CMZI0194,7,集团标准,10,热缩,热缩,热缩膜,,,,,Q/RW-TS-001-2023,,,,33,净重,88,GC00000049,1,6,生产部,6,生产部,1,1,1,14,热缩区,2,定期检测,,3,1,139,,2026-06-24 17:47:32,,,,,,1,,,1,单次,,,,12,2,,1次/班,台秤,标识重量±0.5kg,,,1,kg,44.5,45.5,1,1,11,退库,若有不合格，对当班次所有剩余热缩膜进行净重检测，不合格商品按照异常处理流程处理。,用台秤检测热缩膜净重是否合格。,2025-01-01,9999-12-31,1,001,"{'assoc_type': 0, 'formPerms': [], 'needSign': ''}"
195,CMZI0195,7,集团标准,10,热缩,热缩,热缩膜,,,,,Q/RW-TS-001-2023,,,,33,净重,89,GC00000050,1,6,生产部,6,生产部,1,1,1,14,热缩区,2,定期检测,,3,1,139,,2026-06-24 17:47:32,,,,,,1,,,1,单次,,,,12,2,,1次/班,台秤,标识重量±0.5kg,,,1,kg,39.5,40.5,1,1,11,退库,若有不合格，对当班次所有剩余热缩膜进行净重检测，不合格商品按照异常处理流程处理。,用台秤检测热缩膜净重是否合格。,2025-01-01,9999-12-31,1,001,"{'assoc_type': 0, 'formPerms': [], 'needSign': ''}"
196,CMZI0196,7,集团标准,10,热缩,热缩,热缩膜,,,,,Q/RW-TS-001-2023,7,8886,红牛维他命饮料（江苏）有限公司,43,外观,81,GC00000042,1,6,生产部,6,生产部,1,2,1,14,热缩区,2,定期检测,,3,1,139,,2026-06-24 17:47:32,,,,,,1,,,1,单次,,,,11,大于等于1,,1次/班,手感、目视,平整均匀无断裂,36,不平整均匀/有断裂,,,,,,1,11,退库,若有不合格，对当班次所有剩余热缩膜进行外观检测，不合格商品按照异常处理流程处理。,检测热缩膜外观是否合格。,2025-01-01,9999-12-31,1,001,"{'assoc_type': 0, 'formPerms': [], 'needSign': ''}"
197,CMZI0197,7,集团标准,10,热缩,热缩,热缩膜,,,,,Q/RW-TS-001-2023,6,8885,广东红牛维他命饮料有限公司,43,外观,82,GC00000043,1,6,生产部,6,生产部,1,2,1,14,热缩区,2,定期检测,,3,1,139,,2026-06-24 17:47:32,,,,,,1,,,1,单次,,,,11,大于等于1,,1次/班,手感、目视,平整均匀无断裂,36,不平整均匀/有断裂,,,,,,1,11,退库,若有不合格，对当班次所有剩余热缩膜进行外观检测，不合格商品按照异常处理流程处理。,检测热缩膜外观是否合格。,2025-01-01,9999-12-31,1,001,"{'assoc_type': 0, 'formPerms': [], 'needSign': ''}"
198,CMZI0198,7,集团标准,10,热缩,热缩,热缩膜,,,,,Q/RW-TS-001-2023,12,8880,红牛维他命饮料有限公司,43,外观,83,GC00000044,1,6,生产部,6,生产部,1,2,1,14,热缩区,2,定期检测,,3,1,139,,2026-06-24 17:47:32,,,,,,1,,,1,单次,,,,11,大于等于1,,1次/班,手感、目视,平整均匀无断裂,36,不平整均匀/有断裂,,,,,,1,11,退库,若有不合格，对当班次所有剩余热缩膜进行外观检测，不合格商品按照异常处理流程处理。,检测热缩膜外观是否合格。,2025-01-01,9999-12-31,1,001,"{'assoc_type': 0, 'formPerms': [], 'needSign': ''}"
199,CMZI0199,7,集团标准,10,热缩,热缩,热缩膜,,,,,Q/RW-TS-001-2023,5,8883,红牛维他命饮料（湖北）有限公司,43,外观,84,GC00000045,1,6,生产部,6,生产部,1,2,1,14,热缩区,2,定期检测,,3,1,139,,2026-06-24 17:47:32,,,,,,1,,,1,单次,,,,11,大于等于1,,1次/班,手感、目视,平整均匀无断裂,36,不平整均匀/有断裂,,,,,,1,11,退库,若有不合格，对当班次所有剩余热缩膜进行外观检测，不合格商品按照异常处理流程处理。,检测热缩膜外观是否合格。,2025-01-01,9999-12-31,1,001,"{'assoc_type': 0, 'formPerms': [], 'needSign': ''}"
200,CMZI0200,7,集团标准,10,热缩,热缩,热缩膜,,,,,Q/RW-TS-001-2023,8,6865,华彬快速消费品饮料（贵州）有限公司,43,外观,85,GC00000046,1,6,生产部,6,生产部,1,2,1,14,热缩区,2,定期检测,,3,1,139,,2026-06-24 17:47:32,,,,,,1,,,1,单次,,,,11,大于等于1,,1次/班,手感、目视,平整均匀无断裂,36,不平整均匀/有断裂,,,,,,1,11,退库,若有不合格，对当班次所有剩余热缩膜进行外观检测，不合格商品按照异常处理流程处理。,检测热缩膜外观是否合格。,2025-01-01,9999-12-31,1,001,"{'assoc_type': 0, 'formPerms': [], 'needSign': ''}"
201,CMZI0201,7,集团标准,10,热缩,热缩,热缩膜,,,,,Q/RW-TS-001-2023,9,6866,华彬快速消费品饮料（福建）有限公司,43,外观,86,GC00000047,1,6,生产部,6,生产部,1,2,1,14,热缩区,2,定期检测,,3,1,139,,2026-06-24 17:47:32,,,,,,1,,,1,单次,,,,11,大于等于1,,1次/班,手感、目视,平整均匀无断裂,36,不平整均匀/有断裂,,,,,,1,11,退库,若有不合格，对当班次所有剩余热缩膜进行外观检测，不合格商品按照异常处理流程处理。,检测热缩膜外观是否合格。,2025-01-01,9999-12-31,1,001,"{'assoc_type': 0, 'formPerms': [], 'needSign': ''}"
202,CMZI0202,7,集团标准,10,热缩,热缩,热缩膜,,,,,Q/RW-TS-001-2023,,,,43,外观,87,GC00000048,1,6,生产部,6,生产部,1,2,1,14,热缩区,2,定期检测,,3,1,139,,2026-06-24 17:47:32,,,,,,1,,,1,单次,,,,11,大于等于1,,1次/班,手感、目视,平整均匀无断裂,36,不平整均匀/有断裂,,,,,,1,11,退库,若有不合格，对当班次所有剩余热缩膜进行外观检测，不合格商品按照异常处理流程处理。,检测热缩膜外观是否合格。,2025-01-01,9999-12-31,1,001,"{'assoc_type': 0, 'formPerms': [], 'needSign': ''}"
203,CMZI0203,7,集团标准,10,热缩,热缩,热缩膜,,,,,Q/RW-TS-001-2023,,,,43,外观,88,GC00000049,1,6,生产部,6,生产部,1,2,1,14,热缩区,2,定期检测,,3,1,139,,2026-06-24 17:47:32,,,,,,1,,,1,单次,,,,11,大于等于1,,1次/班,手感、目视,平整均匀无断裂,36,不平整均匀/有断裂,,,,,,1,11,退库,若有不合格，对当班次所有剩余热缩膜进行外观检测，不合格商品按照异常处理流程处理。,检测热缩膜外观是否合格。,2025-01-01,9999-12-31,1,001,"{'assoc_type': 0, 'formPerms': [], 'needSign': ''}"
204,CMZI0204,7,集团标准,10,热缩,热缩,热缩膜,,,,,Q/RW-TS-001-2023,,,,43,外观,89,GC00000050,1,6,生产部,6,生产部,1,2,1,14,热缩区,2,定期检测,,3,1,139,,2026-06-24 17:47:32,,,,,,1,,,1,单次,,,,11,大于等于1,,1次/班,手感、目视,平整均匀无断裂,36,不平整均匀/有断裂,,,,,,1,11,退库,若有不合格，对当班次所有剩余热缩膜进行外观检测，不合格商品按照异常处理流程处理。,检测热缩膜外观是否合格。,2025-01-01,9999-12-31,1,001,"{'assoc_type': 0, 'formPerms': [], 'needSign': ''}"
205,CMZI0205,7,集团标准,10,热缩,热缩,热缩膜,,,,,Q/RW-TS-001-2023,,,,124,热缩温度,119,无,1,,,6,生产部,1,1,1,14,热缩区,2,定期检测,,3,1,139,,2026-06-24 17:47:32,,,受限于基地热缩设备，温度会有差异,,,1,,,1,单次,,,,11,大于等于1,,1次/小时,仪器显示屏显示,稳定无大波动,,,28,℃,,,,1,10,调机,若有不合格，通知设备人员进行停机调试，直至调试合格。不合格商品按照异常处理流程处理。,目视检查仪器显示屏温度是否合格。,2025-01-01,9999-12-31,1,001,"{'assoc_type': 0, 'formPerms': [], 'needSign': ''}"
206,CMZI0206,7,集团标准,10,热缩,热缩,热缩膜,,,,,Q/RW-TS-001-2023,,,,125,墨码、二维码附着力,90,GC00000051,1,6,生产部,6,生产部,1,2,1,14,热缩区,2,定期检测,,3,1,139,,2026-06-24 17:47:32,,,,,,1,,,1,单次,,,,11,大于等于1,,1次/小时,触觉,揉搓无掉墨,,,,,,,,1,10,调机,若有不合格，通知设备人员进行停机调试，直至调试合格。不合格商品按照异常处理流程处理。,检测顶部墨码附着力是否合格。,2025-01-01,9999-12-31,1,001,"{'assoc_type': 0, 'formPerms': [], 'needSign': ''}"
207,CMZI0207,7,集团标准,2,包装,包装,热缩,,,,,Q/RW-TS-001-2023,,,,126,每条产品数量,91,GC00000052,1,6,生产部,6,生产部,1,2,1,3,包装区,2,定期检测,,3,1,139,,2026-06-24 17:47:32,,,,,,1,,,1,单次,,,,11,大于等于1,,1次/30分钟,目测,白膜12罐/彩膜6罐,,,,,,,,1,10,调机,若有不合格，通知设备人员进行停机调试，直至调试合格。不合格商品按照异常处理流程处理。,检测缩膜内商品数量是否足额。,2025-01-01,9999-12-31,1,001,"{'assoc_type': 0, 'formPerms': [], 'needSign': ''}"
208,CMZI0208,7,集团标准,2,包装,包装,热缩,,,,,Q/RW-TS-001-2023,,,,53,热缩质量,91,GC00000052,1,6,生产部,6,生产部,1,2,1,3,包装区,2,定期检测,,3,1,139,,2026-06-24 17:47:32,,,,,,1,,,1,单次,,,,11,大于等于1,,1次/30分钟,目测,均匀平整无漏,37,不均匀平整/有漏罐,,,,,,1,10,调机,若有不合格，通知设备人员进行停机调试，直至调试合格。不合格商品按照异常处理流程处理。,检测热缩质量是否合格。,2025-01-01,9999-12-31,1,001,"{'assoc_type': 0, 'formPerms': [], 'needSign': ''}"
209,CMZI0209,7,集团标准,2,包装,包装,外箱打码,,,,,Q/RW-TS-001-2023,,,,54,外箱码,91,GC00000052,1,,,6,生产部,1,2,1,3,包装区,2,定期检测,,3,1,139,,2026-06-24 17:47:32,,,,,,1,,,1,单次,,,,11,大于等于1,,1次/30分钟,目测,清晰、正确，印刷有误、色泽一致,38,模糊/错误/印刷有误/色泽不一致,,,,,,1,10,调机,若有不合格，通知设备人员进行停机调试，直至调试合格。不合格商品按照异常处理流程处理。,检测机打的外箱码信息是否清晰，与现场看板信息核对箱子上激光码信息是否正确，与罐底码信息是否一致。,2025-01-01,9999-12-31,1,001,"{'assoc_type': 0, 'formPerms': [], 'needSign': ''}"
210,CMZI0210,7,集团标准,2,包装,包装,纸皮,,,,,Q/RW-TS-001-2023,,,,43,外观,92,GC00000053,1,6,生产部,6,生产部,1,2,1,3,包装区,2,定期检测,1,3,1,139,,2026-06-24 17:47:32,,,,9,托,1,,,1,单次,,,,11,大于等于1,,1次/托,目测,印刷有误、色泽一致、尺寸符合要求,39,印刷有误/色泽不一致/尺寸不符,,,,,,1,14,复检,若有不合格，抽取同班次2张空纸皮进行复检。,跟实物示例对比核对印刷信息及色泽是否合格。,2025-01-01,9999-12-31,1,001,"{'assoc_type': 0, 'formPerms': [], 'needSign': ''}"
211,CMZI0211,7,集团标准,2,包装,包装,热熔胶,,,,,Q/RW-TS-001-2023,,,,33,净重,93,GC00000054,1,6,生产部,6,生产部,1,1,1,3,包装区,1,定量检测,1,3,1,139,,2026-06-24 17:47:32,,,,8,袋,0,,,1,单次,,,,11,大于等于1,,1次/袋,台秤,25kg,,,1,kg,24.75,25.25,2,1,14,复检,若有不合格，由品管部进行复检。,原材料存放处的热熔胶，使用台秤称量其净重是否合格。,2025-01-01,9999-12-31,1,001,"{'assoc_type': 0, 'formPerms': [], 'needSign': ''}"
212,CMZI0212,7,集团标准,2,包装,包装,产品,,,,,Q/RW-TS-001-2023,,,,55,质量,91,GC00000052,1,6,生产部,6,生产部,1,2,1,3,包装区,2,定期检测,,3,1,139,,2026-06-24 17:47:32,,,,,,1,,,1,单次,,,,11,大于等于1,,1次/30分钟,目测,产品无瘪罐、压痕、磕碰、褶皱，划伤,40,瘪罐/压痕/磕碰/褶皱/划伤,,,,,,1,10,调机,若有不合格，通知设备人员进行停机调试，直至调试合格。不合格商品按照异常处理流程处理。,开箱检测罐体外观是否合格。,2025-01-01,9999-12-31,1,001,"{'assoc_type': 0, 'formPerms': [], 'needSign': ''}"
213,CMZI0213,7,集团标准,2,包装,包装,产品,,,,,Q/RW-TS-001-2023,,,,55,质量,91,GC00000052,1,6,生产部,6,生产部,1,2,1,3,包装区,2,定期检测,,3,1,139,,2026-06-24 17:47:32,,,,,,1,,,1,单次,,,,11,大于等于1,,1次/30分钟,目测,墨码清晰、正确无遗漏,41,墨码模糊/墨码错误/墨码有遗漏,,,,,,1,10,调机,若有不合格，通知设备人员进行停机调试，直至调试合格。不合格商品按照异常处理流程处理。,开箱检测罐底墨码信息打印是否合格。,2025-01-01,9999-12-31,1,001,"{'assoc_type': 0, 'formPerms': [], 'needSign': ''}"
214,CMZI0214,7,集团标准,2,包装,包装,封箱,,,,,Q/RW-TS-001-2023,,,,56,粘合质量,91,GC00000052,1,6,生产部,6,生产部,1,2,1,3,包装区,2,定期检测,,3,1,139,,2026-06-24 17:47:32,,,,,,1,,,1,单次,,,,11,大于等于1,,1次/30分钟,目视,严实干净无开裂,42,不严实平整/粘连/开裂/褶皱,,,,,,1,13,调试,若有不合格，通知设备人员进行停机调试，直至调试合格。不合格商品按照异常处理流程处理。,检查纸箱所有位置是否严实平整，胶带与相邻纸箱之间是否有粘连，箱所有位置是否有开裂。,2025-01-01,9999-12-31,1,001,"{'assoc_type': 0, 'formPerms': [], 'needSign': ''}"
215,CMZI0215,7,集团标准,2,包装,包装,封箱,,,,,Q/RW-TS-001-2023,,,,127,每箱数量,91,GC00000052,1,6,生产部,6,生产部,1,2,1,3,包装区,2,定期检测,,3,1,139,,2026-06-24 17:47:32,,,,,,1,,,1,单次,,,,11,大于等于1,,1次/30分钟,目测,白膜12罐/彩膜6罐,,,,,,,,1,13,调试,若有不合格，通知设备人员进行停机调试，直至调试合格。不合格商品按照异常处理流程处理。,检测缩膜内商品数量是否足额。,2025-01-01,9999-12-31,1,001,"{'assoc_type': 0, 'formPerms': [], 'needSign': ''}"
216,CMZI0216,7,集团标准,8,机码,机码,封箱,,,,,Q/RW-TS-001-2023,,,,56,粘合质量,94,GC00000055,1,6,生产部,5,品管部,1,2,1,11,机码区,2,定期检测,,3,1,139,,2026-06-24 17:47:32,,,,,,1,,,1,单次,,,,11,大于等于1,,1次/小时,目视,严实平整，无粘连，无开裂,42,不严实平整/粘连/开裂/褶皱,,,,,,1,13,调试,若有不合格，通知设备人员进行停机调试，直至调试合格。不合格商品按照异常处理流程处理。,到封箱岗随机抽取完成封箱但未打印批次信息的商品，检查纸箱所有位置是否严实平整，胶带与相邻纸箱之间是否有粘连，箱所有位置是否有开裂。,2025-01-01,9999-12-31,1,001,"{'assoc_type': 0, 'formPerms': [], 'needSign': ''}"
217,CMZI0217,7,集团标准,8,机码,机码,封箱,,,,,Q/RW-TS-001-2023,,,,57,外箱打码,94,GC00000055,1,6,生产部,5,品管部,1,2,1,11,机码区,2,定期检测,,3,1,139,,2026-06-24 17:47:32,,,,,,1,,,1,单次,,,,11,大于等于1,,1次/小时,目视、手机,清晰、准确无误,33,模糊/错误,,,,,,1,13,调试,若有不合格，通知设备人员进行停机调试，直至调试合格。不合格商品按照异常处理流程处理。,到封箱岗随机抽取完成批次信息打印的商品，检查激光码打印信息是否清晰可辨识，手机扫描箱外二维码信息、激光码打印信息、现场看板信息是否一致。,2025-01-01,9999-12-31,1,001,"{'assoc_type': 0, 'formPerms': [], 'needSign': ''}"
218,CMZI0218,7,集团标准,8,机码,机码,封箱,,,,,Q/RW-TS-001-2023,,,,58,开箱检查及外观,95,GC00000056,1,6,生产部,5,品管部,1,2,1,11,机码区,2,定期检测,,3,1,139,,2026-06-24 17:47:32,,,,,,1,,,1,单次,,,,11,大于等于1,,1次/4小时,目视,打码信息一致,,,,,,,,1,13,调试,若有不合格，通知设备人员进行停机调试，直至调试合格。不合格商品按照异常处理流程处理。,到封箱岗随机抽取完成批次信息打印的商品，开箱逐罐检查罐箱码是否一致、异常。,2025-01-01,9999-12-31,1,001,"{'assoc_type': 0, 'formPerms': [], 'needSign': ''}"
219,CMZI0219,7,集团标准,8,机码,机码,封箱,,,,,Q/RW-TS-001-2023,,,,58,开箱检查及外观,95,GC00000056,1,6,生产部,5,品管部,1,2,1,11,机码区,2,定期检测,,3,1,139,,2026-06-24 17:47:32,,,,,,1,,,1,单次,,,,11,大于等于1,,1次/4小时,目视,开箱逐罐检查罐体外观无异常形变；包装、热缩情况正常，产品无压印,43,纸箱包装异常/罐体包装异常/热缩异常/压印/瘪罐/磕碰,,,,,,1,13,调试,若有不合格，通知设备人员进行停机调试，直至调试合格。不合格商品按照异常处理流程处理。,到封箱岗随机抽取完成批次信息打印的商品，检查纸箱包装、罐体及包装、热缩情况是否异常。,2025-01-01,9999-12-31,1,001,"{'assoc_type': 0, 'formPerms': [], 'needSign': ''}"
220,CMZI0220,7,集团标准,8,机码,机码,封箱,,,,,Q/RW-TS-001-2023,,,,58,开箱检查及外观,95,GC00000056,1,6,生产部,5,品管部,1,2,1,11,机码区,2,定期检测,,3,1,139,,2026-06-24 17:47:32,,,,,,1,,,1,单次,,,,11,大于等于1,,1次/4小时,目视,胶带扣边长度留3～5cm左右,,,,,,,,1,13,调试,若有不合格，通知设备人员进行停机调试，直至调试合格。不合格商品按照异常处理流程处理。,到封箱岗随机抽取完成批次信息打印的商品，检查胶带扣边长度是否异常。,2025-01-01,9999-12-31,1,001,"{'assoc_type': 0, 'formPerms': [], 'needSign': ''}"
221,CMZI0221,7,集团标准,8,机码,机码,封箱,,,,,Q/RW-TS-001-2023,,,,128,整箱称重检查,119,无,1,,,,,1,1,1,11,机码区,1,定量检测,1,3,1,139,,2026-06-24 17:47:32,,,,13,箱,0,,,1,单次,,,,,,,1次/箱,外箱称重仪,普通型：7.325-7.510kg,,,1,kg,7.325,7.510,3,1,13,调试,若有不合格，通知设备人员进行停机调试，直至调试合格。不合格商品按照异常处理流程处理。,设备逐箱自动检测重量，若超标自动剔除。,2025-01-01,9999-12-31,1,001,"{'assoc_type': 0, 'formPerms': [], 'needSign': ''}"
222,CMZI0222,7,集团标准,8,机码,机码,封箱,,,,,Q/RW-TS-001-2023,,,,128,整箱称重检查,119,无,1,,,,,1,1,1,11,机码区,1,定量检测,1,3,1,139,,2026-06-24 17:47:32,,,,13,箱,0,,,1,单次,,,,,,,1次/箱,外箱称重仪,彩膜：7.345-7.510kg,,,1,kg,7.345,7.510,3,1,13,调试,若有不合格，通知设备人员进行停机调试，直至调试合格。不合格商品按照异常处理流程处理。,设备逐箱自动检测重量，若超标自动剔除。,2025-01-01,9999-12-31,1,001,"{'assoc_type': 0, 'formPerms': [], 'needSign': ''}"
223,CMZI0223,7,集团标准,8,机码,机码,封箱,,,,,Q/RW-TS-001-2023,,,,128,整箱称重检查,119,无,1,,,,,1,1,1,11,机码区,1,定量检测,1,3,1,139,,2026-06-24 17:47:32,,,,13,箱,0,,,1,单次,,,,,,,1次/箱,外箱称重仪,强化型：7.480-7.630kg,,,1,kg,7.480,7.630,3,1,13,调试,若有不合格，通知设备人员进行停机调试，直至调试合格。不合格商品按照异常处理流程处理。,设备逐箱自动检测重量，若超标自动剔除。,2025-01-01,9999-12-31,1,001,"{'assoc_type': 0, 'formPerms': [], 'needSign': ''}"
224,CMZI0224,7,集团标准,8,机码,机码,码垛,,,,,Q/RW-TS-001-2023,,,,43,外观,96,GC00000057,1,,,5,品管部,1,2,1,11,机码区,2,定期检测,,3,1,139,,2026-06-24 17:47:32,,,,,,1,,,1,单次,,,,11,大于等于1,,1次/小时,目视,码放整齐，成品外观纸箱平整,44,码放不齐/纸箱不平整,,,,,,1,13,调试,若有不合格，通知设备人员进行停机调试，直至调试合格。不合格商品按照异常处理流程处理。,到码垛岗，检查一托码放完好的商品是否整齐，外观是否纸箱平整。,2025-01-01,9999-12-31,1,001,"{'assoc_type': 0, 'formPerms': [], 'needSign': ''}"
225,CMZI0225,7,集团标准,8,机码,机码,码垛,,,,,Q/RW-TS-001-2023,,,,43,外观,96,GC00000057,1,,,5,品管部,1,2,1,11,机码区,2,定期检测,,3,1,139,,2026-06-24 17:47:32,,,,,,1,,,1,单次,,,,11,大于等于1,,1次/小时,目视,批次信息打印合格,33,模糊/错误,,,,,,1,13,调试,若有不合格，通知设备人员进行停机调试，直至调试合格。不合格商品按照异常处理流程处理。,到码垛岗，检查一托码放完好商品的批次信息是否清晰可辨识，是否正确。,2025-01-01,9999-12-31,1,001,"{'assoc_type': 0, 'formPerms': [], 'needSign': ''}"
226,CMZI0226,8,基地标准,11,制糖,配料,液体糖,,,,,,6,8885,广东红牛维他命饮料有限公司,129,干物质（固形物）含量,120,GC00000058,1,5,品管部,5,品管部,1,1,1,19,溶糖糖浆,1,定量检测,1,3,1,139,,2026-06-24 17:47:32,,,溶糖糖浆,44,批次,0,,,1,单次,,,,12,2,,1次/班,RM40折光率仪,52±2,,,26,%,50.0,54.0,1,1,14,复检,"若有不合格，通知生产人员对糖浆进行重新调整，再次取样复检,并将具体过程详细记录。",每班从溶糖糖浆取500ml进行检测,2025-01-01,9999-12-31,0,001,"{'assoc_type': 0, 'formPerms': [], 'needSign': ''}"
227,CMZI0227,8,基地标准,11,制糖,配料,液体糖,,,,,,6,8885,广东红牛维他命饮料有限公司,129,干物质（固形物）含量,121,GF00000023,1,5,品管部,5,品管部,1,1,2,19,溶糖糖浆,1,定量检测,1,3,1,139,,2026-06-24 17:47:32,,,溶糖糖浆,44,批次,0,,,1,单次,,,,12,2,,1次/班,RM40折光率仪,52±2,,,26,%,50.0,54.0,1,1,15,不合格,若仍有不合格，通知生产人员对其进行原因排查和调整，由品管部和生产部共同确定处置意见。,每班从溶糖糖浆取500ml进行检测,2025-01-01,9999-12-31,0,001,"{'assoc_type': 0, 'formPerms': [], 'needSign': ''}"
228,CMZI0228,8,基地标准,11,制糖,配料,液体糖,,,,,,6,8885,广东红牛维他命饮料有限公司,86,pH,120,GC00000058,0,5,品管部,5,品管部,1,1,1,19,溶糖糖浆,1,定量检测,1,3,1,139,,2026-06-24 17:47:32,,,溶糖糖浆,44,批次,0,,,1,单次,,,,12,2,,1次/班,pH计、天平,"操作限值：6.0~7.5
关键限值：5.2~8.5",,,,,5.2,8.5,1,1,15,不合格,若有不合格，进行记录。,每班从溶糖糖浆取500ml进行检测,2025-01-01,9999-12-31,0,001,"{'assoc_type': 0, 'formPerms': [], 'needSign': ''}"
229,CMZI0229,8,基地标准,11,制糖,配料,液体糖,,,,,,6,8885,广东红牛维他命饮料有限公司,129,干物质（固形物）含量,120,GC00000058,1,5,品管部,5,品管部,1,1,1,20,离子交换糖浆,1,定量检测,1,3,1,139,,2026-06-24 17:47:32,,,离子交换糖浆,44,批次,0,,,1,单次,,,,12,2,,1次/班,RM40折光率仪,52±2,,,26,%,50.0,54.0,1,1,14,复检,"若有不合格，通知生产人员对糖浆进行重新调整，再次取样复检,并将具体过程详细记录。",每班从离子交换糖浆取150ml进行检测,2025-01-01,9999-12-31,0,001,"{'assoc_type': 0, 'formPerms': [], 'needSign': ''}"
230,CMZI0230,8,基地标准,11,制糖,配料,液体糖,,,,,,6,8885,广东红牛维他命饮料有限公司,129,干物质（固形物）含量,121,GF00000023,1,5,品管部,5,品管部,1,1,2,20,离子交换糖浆,1,定量检测,1,3,1,139,,2026-06-24 17:47:32,,,离子交换糖浆,44,批次,0,,,1,单次,,,,12,2,,1次/班,RM40折光率仪,52±2,,,26,%,50.0,54.0,1,1,15,不合格,若仍有不合格，通知生产人员对其进行原因排查和调整，由品管部和生产部共同确定处置意见。,每班从离子交换糖浆取150ml进行检测,2025-01-01,9999-12-31,0,001,"{'assoc_type': 0, 'formPerms': [], 'needSign': ''}"
231,CMZI0231,8,基地标准,11,制糖,配料,液体糖,,,,,,6,8885,广东红牛维他命饮料有限公司,86,pH,120,GC00000058,0,5,品管部,5,品管部,1,1,1,20,离子交换糖浆,1,定量检测,1,3,1,139,,2026-06-24 17:47:32,,,离子交换糖浆,44,批次,0,,,1,单次,,,,12,2,,1次/班,pH计、天平,"操作限值：6.0~7.5
关键限值：5.2~8.5",,,,,5.2,8.5,1,1,15,不合格,若有不合格，进行记录。,每班从离子交换糖浆取150ml进行检测,2025-01-01,9999-12-31,0,001,"{'assoc_type': 0, 'formPerms': [], 'needSign': ''}"
232,CMZI0232,8,基地标准,11,制糖,配料,液体糖,,,,,,6,8885,广东红牛维他命饮料有限公司,130,色值,120,GC00000058,1,5,品管部,5,品管部,1,1,1,20,离子交换糖浆,1,定量检测,1,3,1,139,,2026-06-24 17:47:32,,,离子交换糖浆,44,批次,0,,,1,单次,,,,12,2,,1次/班,分光光度计、RM40折光率仪、滤膜过滤器、天平,≤25,,,40,IU,,25.00,2,1,14,复检,"若有不合格，通知生产人员对糖浆进行重新调整，再次取样复检,并将具体过程详细记录。",每班从离子交换糖浆取150ml进行检测,2025-01-01,9999-12-31,0,001,"{'assoc_type': 0, 'formPerms': [], 'needSign': ''}"
233,CMZI0233,8,基地标准,11,制糖,配料,液体糖,,,,,,6,8885,广东红牛维他命饮料有限公司,130,色值,121,GF00000023,1,5,品管部,5,品管部,1,1,2,20,离子交换糖浆,1,定量检测,1,3,1,139,,2026-06-24 17:47:32,,,离子交换糖浆,44,批次,0,,,1,单次,,,,12,2,,1次/班,分光光度计、RM40折光率仪、滤膜过滤器、天平,≤25,,,40,IU,,25.00,2,1,15,不合格,若仍有不合格，通知生产人员对其进行原因排查和调整，由品管部和生产部共同确定处置意见。,每班从离子交换糖浆取150ml进行检测,2025-01-01,9999-12-31,0,001,"{'assoc_type': 0, 'formPerms': [], 'needSign': ''}"
234,CMZI0234,8,基地标准,11,制糖,配料,液体糖,,,,,,6,8885,广东红牛维他命饮料有限公司,131,混浊度,120,GC00000058,1,5,品管部,5,品管部,1,1,1,20,离子交换糖浆,1,定量检测,1,3,1,139,,2026-06-24 17:47:32,,,离子交换糖浆,44,批次,0,,,1,单次,,,,12,2,,1次/班,分光光度计、RM40折光率仪、滤膜过滤器、天平,≤30,,,39,MAU,,30.00,2,1,14,复检,"若有不合格，通知生产人员对糖浆进行重新调整，再次取样复检,并将具体过程详细记录。",每班从离子交换糖浆取150ml进行检测,2025-01-01,9999-12-31,0,001,"{'assoc_type': 0, 'formPerms': [], 'needSign': ''}"
235,CMZI0235,8,基地标准,11,制糖,配料,液体糖,,,,,,6,8885,广东红牛维他命饮料有限公司,131,混浊度,121,GF00000023,1,5,品管部,5,品管部,1,1,2,20,离子交换糖浆,1,定量检测,1,3,1,139,,2026-06-24 17:47:32,,,离子交换糖浆,44,批次,0,,,1,单次,,,,12,2,,1次/班,分光光度计、RM40折光率仪、滤膜过滤器、天平,≤30,,,39,MAU,,30.00,2,1,15,不合格,若仍有不合格，通知生产人员对其进行原因排查和调整，由品管部和生产部共同确定处置意见。,每班从离子交换糖浆取150ml进行检测,2025-01-01,9999-12-31,0,001,"{'assoc_type': 0, 'formPerms': [], 'needSign': ''}"
236,CMZI0236,8,基地标准,11,制糖,配料,液体糖,,,,,,6,8885,广东红牛维他命饮料有限公司,89,电导率,120,GC00000058,1,5,品管部,5,品管部,1,1,1,20,离子交换糖浆,1,定量检测,1,3,1,139,,2026-06-24 17:47:32,,,离子交换糖浆,44,批次,0,,,1,单次,,,,12,2,,1次/班,电导率仪,≤25,,,34,μS/cm,,25.00,2,1,14,复检,"若有不合格，通知生产人员对糖浆进行重新调整，再次取样复检,并将具体过程详细记录。",每班从离子交换糖浆取150ml进行检测,2025-01-01,9999-12-31,0,001,"{'assoc_type': 0, 'formPerms': [], 'needSign': ''}"
237,CMZI0237,8,基地标准,11,制糖,配料,液体糖,,,,,,6,8885,广东红牛维他命饮料有限公司,89,电导率,121,GF00000023,1,5,品管部,5,品管部,1,1,2,20,离子交换糖浆,1,定量检测,1,3,1,139,,2026-06-24 17:47:32,,,离子交换糖浆,44,批次,0,,,1,单次,,,,12,2,,1次/班,电导率仪,≤25,,,34,μS/cm,,25.00,2,1,15,不合格,若仍有不合格，通知生产人员对其进行原因排查和调整，由品管部和生产部共同确定处置意见。,每班从离子交换糖浆取150ml进行检测,2025-01-01,9999-12-31,0,001,"{'assoc_type': 0, 'formPerms': [], 'needSign': ''}"
238,CMZI0238,8,基地标准,11,制糖,配料,液体糖,,,,,,6,8885,广东红牛维他命饮料有限公司,132,色泽,122,GC00000059,1,5,品管部,5,品管部,1,2,1,21,成品糖浆（紫外杀菌后混合样）,1,定量检测,1,3,1,139,,2026-06-24 17:47:32,,,"成品糖浆
（紫外杀菌后混合样）",44,批次,0,,,1,单次,,,,11,大于等于1,,1次/班,目视和品尝,无色或浅黄色,,,,,,,,1,14,复检,"若有不合格，通知生产人员对糖浆进行重新调整，再次取样复检,并将具体过程详细记录。",在紫外杀菌后取样点取700ml混合样,2025-01-01,9999-12-31,0,001,"{'assoc_type': 0, 'formPerms': [], 'needSign': ''}"
239,CMZI0239,8,基地标准,11,制糖,配料,液体糖,,,,,,6,8885,广东红牛维他命饮料有限公司,132,色泽,123,GF00000024,1,5,品管部,5,品管部,1,2,2,21,成品糖浆（紫外杀菌后混合样）,1,定量检测,1,3,1,139,,2026-06-24 17:47:32,,,"成品糖浆
（紫外杀菌后混合样）",44,批次,0,,,1,单次,,,,11,大于等于1,,1次/班,目视和品尝,无色或浅黄色,,,,,,,,1,15,不合格,若仍有不合格，通知生产人员对其进行原因排查和调整，由品管部和生产部共同确定处置意见。,在紫外杀菌后取样点取700ml混合样,2025-01-01,9999-12-31,0,001,"{'assoc_type': 0, 'formPerms': [], 'needSign': ''}"
240,CMZI0240,8,基地标准,11,制糖,配料,液体糖,,,,,,6,8885,广东红牛维他命饮料有限公司,41,感官,122,GC00000059,1,5,品管部,5,品管部,1,2,1,21,成品糖浆（紫外杀菌后混合样）,1,定量检测,1,3,1,139,,2026-06-24 17:47:32,,,"成品糖浆
（紫外杀菌后混合样）",44,批次,0,,,1,单次,,,,11,大于等于1,,1次/班,目视和品尝,无臭，甜味温和，无异味，呈透明清亮液体，无肉眼可见杂质,48,臭味/甜味异常/异味/液体浑浊/有杂质,,,,,,1,14,复检,"若有不合格，通知生产人员对糖浆进行重新调整，再次取样复检,并将具体过程详细记录。",在紫外杀菌后取样点取700ml混合样,2025-01-01,9999-12-31,0,001,"{'assoc_type': 0, 'formPerms': [], 'needSign': ''}"
241,CMZI0241,8,基地标准,11,制糖,配料,液体糖,,,,,,6,8885,广东红牛维他命饮料有限公司,41,感官,123,GF00000024,1,5,品管部,5,品管部,1,2,2,21,成品糖浆（紫外杀菌后混合样）,1,定量检测,1,3,1,139,,2026-06-24 17:47:32,,,"成品糖浆
（紫外杀菌后混合样）",44,批次,0,,,1,单次,,,,11,大于等于1,,1次/班,目视和品尝,无臭，甜味温和，无异味，呈透明清亮液体，无肉眼可见杂质,48,臭味/甜味异常/异味/液体浑浊/有杂质,,,,,,1,15,不合格,若仍有不合格，通知生产人员对其进行原因排查和调整，由品管部和生产部共同确定处置意见。,在紫外杀菌后取样点取700ml混合样,2025-01-01,9999-12-31,0,001,"{'assoc_type': 0, 'formPerms': [], 'needSign': ''}"
242,CMZI0242,8,基地标准,11,制糖,配料,液体糖,,,,,,6,8885,广东红牛维他命饮料有限公司,129,干物质（固形物）含量,122,GC00000059,1,5,品管部,5,品管部,1,1,1,21,成品糖浆（紫外杀菌后混合样）,1,定量检测,1,3,1,139,,2026-06-24 17:47:32,,,"成品糖浆
（紫外杀菌后混合样）",44,批次,0,,,1,单次,,,,12,2,,1次/班,RM40折光率仪,52±2%,,,26,%,50.0,54.0,1,1,14,复检,"若有不合格，通知生产人员对糖浆进行重新调整，再次取样复检,并将具体过程详细记录。",在紫外杀菌后取样点取700ml混合样,2025-01-01,9999-12-31,0,001,"{'assoc_type': 0, 'formPerms': [], 'needSign': ''}"
243,CMZI0243,8,基地标准,11,制糖,配料,液体糖,,,,,,6,8885,广东红牛维他命饮料有限公司,129,干物质（固形物）含量,123,GF00000024,1,5,品管部,5,品管部,1,1,2,21,成品糖浆（紫外杀菌后混合样）,1,定量检测,1,3,1,139,,2026-06-24 17:47:32,,,"成品糖浆
（紫外杀菌后混合样）",44,批次,0,,,1,单次,,,,12,2,,1次/班,RM40折光率仪,52±2%,,,26,%,50.0,54.0,1,1,15,不合格,若仍有不合格，通知生产人员对其进行原因排查和调整，由品管部和生产部共同确定处置意见。,在紫外杀菌后取样点取700ml混合样,2025-01-01,9999-12-31,0,001,"{'assoc_type': 0, 'formPerms': [], 'needSign': ''}"
244,CMZI0244,8,基地标准,11,制糖,配料,液体糖,,,,,,6,8885,广东红牛维他命饮料有限公司,133,蔗糖分,122,GC00000059,1,5,品管部,5,品管部,1,1,1,21,成品糖浆（紫外杀菌后混合样）,1,定量检测,1,3,1,139,,2026-06-24 17:47:32,,,"成品糖浆
（紫外杀菌后混合样）",44,批次,0,,,1,单次,,,,12,2,,1次/班,自动旋光仪、天平,≥99.80,,,26,%,99.80,,2,1,14,复检,"若有不合格，通知生产人员对糖浆进行重新调整，再次取样复检,并将具体过程详细记录。",在紫外杀菌后取样点取700ml混合样,2025-01-01,9999-12-31,0,001,"{'assoc_type': 0, 'formPerms': [], 'needSign': ''}"
245,CMZI0245,8,基地标准,11,制糖,配料,液体糖,,,,,,6,8885,广东红牛维他命饮料有限公司,133,蔗糖分,123,GF00000024,1,5,品管部,5,品管部,1,1,2,21,成品糖浆（紫外杀菌后混合样）,1,定量检测,1,3,1,139,,2026-06-24 17:47:32,,,"成品糖浆
（紫外杀菌后混合样）",44,批次,0,,,1,单次,,,,12,2,,1次/班,自动旋光仪、天平,≥99.80,,,26,%,99.80,,2,1,15,不合格,若仍有不合格，通知生产人员对其进行原因排查和调整，由品管部和生产部共同确定处置意见。,在紫外杀菌后取样点取700ml混合样,2025-01-01,9999-12-31,0,001,"{'assoc_type': 0, 'formPerms': [], 'needSign': ''}"
246,CMZI0246,8,基地标准,11,制糖,配料,液体糖,,,,,,6,8885,广东红牛维他命饮料有限公司,134,还原糖分,122,GC00000059,1,5,品管部,5,品管部,1,1,1,21,成品糖浆（紫外杀菌后混合样）,1,定量检测,1,3,1,139,,2026-06-24 17:47:32,,,"成品糖浆
（紫外杀菌后混合样）",44,批次,0,,,1,单次,,,,12,2,,1次/班,酸碱滴定装置、电炉、天平,＜5.0,,,26,%,,4.999,3,1,14,复检,"若有不合格，通知生产人员对糖浆进行重新调整，再次取样复检,并将具体过程详细记录。",在紫外杀菌后取样点取700ml混合样,2025-01-01,9999-12-31,0,001,"{'assoc_type': 0, 'formPerms': [], 'needSign': ''}"
247,CMZI0247,8,基地标准,11,制糖,配料,液体糖,,,,,,6,8885,广东红牛维他命饮料有限公司,134,还原糖分,123,GF00000024,1,5,品管部,5,品管部,1,1,2,21,成品糖浆（紫外杀菌后混合样）,1,定量检测,1,3,1,139,,2026-06-24 17:47:32,,,"成品糖浆
（紫外杀菌后混合样）",44,批次,0,,,1,单次,,,,12,2,,1次/班,酸碱滴定装置、电炉、天平,＜5.0,,,26,%,,4.999,3,1,15,不合格,若仍有不合格，通知生产人员对其进行原因排查和调整，由品管部和生产部共同确定处置意见。,在紫外杀菌后取样点取700ml混合样,2025-01-01,9999-12-31,0,001,"{'assoc_type': 0, 'formPerms': [], 'needSign': ''}"
248,CMZI0248,8,基地标准,11,制糖,配料,液体糖,,,,,,6,8885,广东红牛维他命饮料有限公司,86,pH,122,GC00000059,0,5,品管部,5,品管部,1,1,1,21,成品糖浆（紫外杀菌后混合样）,1,定量检测,1,3,1,139,,2026-06-24 17:47:32,,,"成品糖浆
（紫外杀菌后混合样）",44,批次,0,,,1,单次,,,,12,2,,1次/班,pH计、天平,"操作限值：6.0~7.5
关键限值：5.2~8.5",,,,,5.20,8.50,2,1,15,不合格,若有不合格，进行记录。,在紫外杀菌后取样点取700ml混合样,2025-01-01,9999-12-31,0,001,"{'assoc_type': 0, 'formPerms': [], 'needSign': ''}"
249,CMZI0249,8,基地标准,11,制糖,配料,液体糖,,,,,,6,8885,广东红牛维他命饮料有限公司,89,电导率,122,GC00000059,1,5,品管部,5,品管部,1,1,1,21,成品糖浆（紫外杀菌后混合样）,1,定量检测,1,3,1,139,,2026-06-24 17:47:32,,,"成品糖浆
（紫外杀菌后混合样）",44,批次,0,,,1,单次,,,,12,2,,1次/班,电导率仪,≤25,,,34,μS/cm,,25.00,2,1,14,复检,"若有不合格，通知生产人员对糖浆进行重新调整，再次取样复检,并将具体过程详细记录。",在紫外杀菌后取样点取700ml混合样,2025-01-01,9999-12-31,0,001,"{'assoc_type': 0, 'formPerms': [], 'needSign': ''}"
250,CMZI0250,8,基地标准,11,制糖,配料,液体糖,,,,,,6,8885,广东红牛维他命饮料有限公司,89,电导率,123,GF00000024,1,5,品管部,5,品管部,1,1,2,21,成品糖浆（紫外杀菌后混合样）,1,定量检测,1,3,1,139,,2026-06-24 17:47:32,,,"成品糖浆
（紫外杀菌后混合样）",44,批次,0,,,1,单次,,,,12,2,,1次/班,电导率仪,≤25,,,34,μS/cm,,25.00,2,1,15,不合格,若仍有不合格，通知生产人员对其进行原因排查和调整，由品管部和生产部共同确定处置意见。,在紫外杀菌后取样点取700ml混合样,2025-01-01,9999-12-31,0,001,"{'assoc_type': 0, 'formPerms': [], 'needSign': ''}"
251,CMZI0251,8,基地标准,11,制糖,配料,液体糖,,,,,,6,8885,广东红牛维他命饮料有限公司,130,色值,122,GC00000059,1,5,品管部,5,品管部,1,1,1,21,成品糖浆（紫外杀菌后混合样）,1,定量检测,1,3,1,139,,2026-06-24 17:47:32,,,"成品糖浆
（紫外杀菌后混合样）",44,批次,0,,,1,单次,,,,12,2,,1次/班,分光光度计、RM40折光率仪、滤膜过滤器、天平,≤25,,,40,IU,,25.00,2,1,14,复检,"若有不合格，通知生产人员对糖浆进行重新调整，再次取样复检,并将具体过程详细记录。",在紫外杀菌后取样点取700ml混合样,2025-01-01,9999-12-31,0,001,"{'assoc_type': 0, 'formPerms': [], 'needSign': ''}"
252,CMZI0252,8,基地标准,11,制糖,配料,液体糖,,,,,,6,8885,广东红牛维他命饮料有限公司,130,色值,123,GF00000024,1,5,品管部,5,品管部,1,1,2,21,成品糖浆（紫外杀菌后混合样）,1,定量检测,1,3,1,139,,2026-06-24 17:47:32,,,"成品糖浆
（紫外杀菌后混合样）",44,批次,0,,,1,单次,,,,12,2,,1次/班,分光光度计、RM40折光率仪、滤膜过滤器、天平,≤25,,,40,IU,,25.00,2,1,15,不合格,若仍有不合格，通知生产人员对其进行原因排查和调整，由品管部和生产部共同确定处置意见。,在紫外杀菌后取样点取700ml混合样,2025-01-01,9999-12-31,0,001,"{'assoc_type': 0, 'formPerms': [], 'needSign': ''}"
253,CMZI0253,8,基地标准,11,制糖,配料,液体糖,,,,,,6,8885,广东红牛维他命饮料有限公司,131,混浊度,122,GC00000059,1,5,品管部,5,品管部,1,1,1,21,成品糖浆（紫外杀菌后混合样）,1,定量检测,1,3,1,139,,2026-06-24 17:47:32,,,"成品糖浆
（紫外杀菌后混合样）",44,批次,0,,,1,单次,,,,12,2,,1次/班,分光光度计、RM40折光率仪、滤膜过滤器、天平,≤30,,,39,MAU,,30.00,2,1,14,复检,"若有不合格，通知生产人员对糖浆进行重新调整，再次取样复检,并将具体过程详细记录。",在紫外杀菌后取样点取700ml混合样,2025-01-01,9999-12-31,0,001,"{'assoc_type': 0, 'formPerms': [], 'needSign': ''}"
254,CMZI0254,8,基地标准,11,制糖,配料,液体糖,,,,,,6,8885,广东红牛维他命饮料有限公司,131,混浊度,123,GF00000024,1,5,品管部,5,品管部,1,1,2,21,成品糖浆（紫外杀菌后混合样）,1,定量检测,1,3,1,139,,2026-06-24 17:47:32,,,"成品糖浆
（紫外杀菌后混合样）",44,批次,0,,,1,单次,,,,12,2,,1次/班,分光光度计、RM40折光率仪、滤膜过滤器、天平,≤30,,,39,MAU,,30.00,2,1,15,不合格,若仍有不合格，通知生产人员对其进行原因排查和调整，由品管部和生产部共同确定处置意见。,在紫外杀菌后取样点取700ml混合样,2025-01-01,9999-12-31,0,001,"{'assoc_type': 0, 'formPerms': [], 'needSign': ''}"
255,CMZI0255,8,基地标准,11,制糖,配料,液体糖,,,,,,6,8885,广东红牛维他命饮料有限公司,135,细菌总数,122,GC00000059,1,5,品管部,5,品管部,1,1,1,21,成品糖浆（紫外杀菌后混合样）,1,定量检测,1,3,1,139,,2026-06-24 17:47:32,,,"成品糖浆
（紫外杀菌后混合样）",44,批次,0,,,1,单次,,,,12,2,,1次/班,灭菌锅、恒温箱、滤膜抽滤装置等,≤100,,,38,CFU/g,,100,0,1,14,复检,"若有不合格，通知生产人员对糖浆进行重新调整，再次取样复检,并将具体过程详细记录。",在紫外杀菌后取样点取500ml混合样,2025-01-01,9999-12-31,0,001,"{'assoc_type': 0, 'formPerms': [], 'needSign': ''}"
256,CMZI0256,8,基地标准,11,制糖,配料,液体糖,,,,,,6,8885,广东红牛维他命饮料有限公司,135,细菌总数,123,GF00000024,1,5,品管部,5,品管部,1,1,2,21,成品糖浆（紫外杀菌后混合样）,1,定量检测,1,3,1,139,,2026-06-24 17:47:32,,,"成品糖浆
（紫外杀菌后混合样）",44,批次,0,,,1,单次,,,,12,2,,1次/班,灭菌锅、恒温箱、滤膜抽滤装置等,≤100,,,38,CFU/g,,100,0,1,15,不合格,若仍有不合格，通知生产人员对其进行原因排查和调整，由品管部和生产部共同确定处置意见。,在紫外杀菌后取样点取500ml混合样,2025-01-01,9999-12-31,0,001,"{'assoc_type': 0, 'formPerms': [], 'needSign': ''}"
257,CMZI0257,8,基地标准,11,制糖,配料,液体糖,,,,,,6,8885,广东红牛维他命饮料有限公司,83,大肠菌群,122,GC00000059,1,5,品管部,5,品管部,1,1,1,21,成品糖浆（紫外杀菌后混合样）,1,定量检测,1,3,1,139,,2026-06-24 17:47:32,,,"成品糖浆
（紫外杀菌后混合样）",44,批次,0,,,1,单次,,,,12,2,,1次/班,灭菌锅、恒温箱、滤膜抽滤装置等,≤30,,,41,MPN/100g,,30,0,1,14,复检,"若有不合格，通知生产人员对糖浆进行重新调整，再次取样复检,并将具体过程详细记录。",在紫外杀菌后取样点取500ml混合样,2025-01-01,9999-12-31,0,001,"{'assoc_type': 0, 'formPerms': [], 'needSign': ''}"
258,CMZI0258,8,基地标准,11,制糖,配料,液体糖,,,,,,6,8885,广东红牛维他命饮料有限公司,83,大肠菌群,123,GF00000024,1,5,品管部,5,品管部,1,1,2,21,成品糖浆（紫外杀菌后混合样）,1,定量检测,1,3,1,139,,2026-06-24 17:47:32,,,"成品糖浆
（紫外杀菌后混合样）",44,批次,0,,,1,单次,,,,12,2,,1次/班,灭菌锅、恒温箱、滤膜抽滤装置等,≤30,,,41,MPN/100g,,30,0,1,15,不合格,若仍有不合格，通知生产人员对其进行原因排查和调整，由品管部和生产部共同确定处置意见。,在紫外杀菌后取样点取500ml混合样,2025-01-01,9999-12-31,0,001,"{'assoc_type': 0, 'formPerms': [], 'needSign': ''}"
259,CMZI0259,8,基地标准,11,制糖,配料,液体糖,,,,,,6,8885,广东红牛维他命饮料有限公司,84,霉菌,122,GC00000059,1,5,品管部,5,品管部,1,1,1,21,成品糖浆（紫外杀菌后混合样）,1,定量检测,1,3,1,139,,2026-06-24 17:47:32,,,"成品糖浆
（紫外杀菌后混合样）",44,批次,0,,,1,单次,,,,12,2,,1次/班,灭菌锅、恒温箱、滤膜抽滤装置等,≤25,,,38,CFU/g,,25,0,1,14,复检,"若有不合格，通知生产人员对糖浆进行重新调整，再次取样复检,并将具体过程详细记录。",在紫外杀菌后取样点取500ml混合样,2025-01-01,9999-12-31,0,001,"{'assoc_type': 0, 'formPerms': [], 'needSign': ''}"
260,CMZI0260,8,基地标准,11,制糖,配料,液体糖,,,,,,6,8885,广东红牛维他命饮料有限公司,84,霉菌,123,GF00000024,1,5,品管部,5,品管部,1,1,2,21,成品糖浆（紫外杀菌后混合样）,1,定量检测,1,3,1,139,,2026-06-24 17:47:32,,,"成品糖浆
（紫外杀菌后混合样）",44,批次,0,,,1,单次,,,,12,2,,1次/班,灭菌锅、恒温箱、滤膜抽滤装置等,≤25,,,38,CFU/g,,25,0,1,15,不合格,若仍有不合格，通知生产人员对其进行原因排查和调整，由品管部和生产部共同确定处置意见。,在紫外杀菌后取样点取500ml混合样,2025-01-01,9999-12-31,0,001,"{'assoc_type': 0, 'formPerms': [], 'needSign': ''}"
261,CMZI0261,8,基地标准,11,制糖,配料,液体糖,,,,,,6,8885,广东红牛维他命饮料有限公司,85,酵母菌,122,GC00000059,1,5,品管部,5,品管部,1,1,1,21,成品糖浆（紫外杀菌后混合样）,1,定量检测,1,3,1,139,,2026-06-24 17:47:32,,,"成品糖浆
（紫外杀菌后混合样）",44,批次,0,,,1,单次,,,,12,2,,1次/班,灭菌锅、恒温箱、滤膜抽滤装置等,≤10,,,38,CFU/g,,10,0,1,14,复检,"若有不合格，通知生产人员对糖浆进行重新调整，再次取样复检,并将具体过程详细记录。",在紫外杀菌后取样点取500ml混合样,2025-01-01,9999-12-31,0,001,"{'assoc_type': 0, 'formPerms': [], 'needSign': ''}"
262,CMZI0262,8,基地标准,11,制糖,配料,液体糖,,,,,,6,8885,广东红牛维他命饮料有限公司,85,酵母菌,123,GF00000024,1,5,品管部,5,品管部,1,1,2,21,成品糖浆（紫外杀菌后混合样）,1,定量检测,1,3,1,139,,2026-06-24 17:47:32,,,"成品糖浆
（紫外杀菌后混合样）",44,批次,0,,,1,单次,,,,12,2,,1次/班,灭菌锅、恒温箱、滤膜抽滤装置等,≤10,,,38,CFU/g,,10,0,1,15,不合格,若仍有不合格，通知生产人员对其进行原因排查和调整，由品管部和生产部共同确定处置意见。,在紫外杀菌后取样点取500ml混合样,2025-01-01,9999-12-31,0,001,"{'assoc_type': 0, 'formPerms': [], 'needSign': ''}"
263,CMZI0263,8,基地标准,11,制糖,配料,液体糖,,,,,,6,8885,广东红牛维他命饮料有限公司,136,糖浆温度,124,-,1,8,/,5,品管部,1,1,1,22,烛式过滤,2,定期检测,1,3,1,139,,2026-06-24 17:47:32,,,烛式过滤,44,批次,1,,,1,单次,,,,11,大于等于1,,1次/4小时,抄表,≤50℃,,,28,℃,,50.0,1,1,13,调试,若有不合格，通知生产人员对糖浆进行重新调整，直至检测合格后方可使用。,抄表,2025-01-01,9999-12-31,0,001,"{'assoc_type': 0, 'formPerms': [], 'needSign': ''}"
264,CMZI0264,8,基地标准,11,制糖,配料,液体糖,,,,,,6,8885,广东红牛维他命饮料有限公司,137,压力,124,-,1,8,/,5,品管部,1,1,1,23,离交压力,2,定期检测,1,3,1,139,,2026-06-24 17:47:32,,,离交压力,44,批次,1,,,1,单次,,,,11,大于等于1,,1次/4小时,抄表,≤0.15Mpa   ,,,31,MPa,,0.15,2,1,13,调试,若有不合格，通知生产人员对糖浆进行重新调整，直至检测合格后方可使用。,抄表,2025-01-01,9999-12-31,0,001,"{'assoc_type': 0, 'formPerms': [], 'needSign': ''}"
265,CMZI0265,8,基地标准,11,制糖,配料,液体糖,,,,,,6,8885,广东红牛维他命饮料有限公司,138,流速,124,-,1,8,/,5,品管部,1,1,1,24,离交流速,2,定期检测,1,3,1,139,,2026-06-24 17:47:32,,,离交流速,44,批次,1,,,1,单次,,,,11,大于等于1,,1次/4小时,抄表,15-25m³/h   ,,,42,m³/h,15,25,0,1,13,调试,若有不合格，通知生产人员对糖浆进行重新调整，直至检测合格后方可使用。,抄表,2025-01-01,9999-12-31,0,001,"{'assoc_type': 0, 'formPerms': [], 'needSign': ''}"
266,CMZI0266,8,基地标准,11,制糖,配料,液体糖,,,,,,6,8885,广东红牛维他命饮料有限公司,139,紫外杀菌强度,124,-,1,8,/,5,品管部,1,1,1,25,紫外杀菌强度,2,定期检测,1,3,1,139,,2026-06-24 17:47:32,,,紫外杀菌强度,44,批次,1,,,1,单次,,,,11,大于等于1,,1次/4小时,抄表,≥100mJ/cm²,,,43,mJ/cm²,100,,0,1,13,调试,若有不合格，通知生产人员对糖浆进行重新调整，直至检测合格后方可使用。,抄表,2025-01-01,9999-12-31,0,001,"{'assoc_type': 0, 'formPerms': [], 'needSign': ''}"
