id,goods_code,goods_name,is_gift,weight,expiry_date,from_date,exp_arr,price,price_expiry_date,price_from_date,price_exp_arr,box_price,box_price_expiry_date,box_price_from_date,box_price_exp_arr
664,11000404,战马/310ML/24/罐装/2026/新包装线下1元乐享（二段）,0,0.00001,9999-12-31,2023-01-01,"[{'id': 371, 'goods_id': 664, 'weight': '0.00001', 'from_date': '2023-01-01', 'expiry_date': '9999-12-31', 'status': 2}]",,,,[],,,,[]
663,11000401,战马/330ML/24/罐装/含气/夏日柠檬味/扫码红包2026,0,0.00001,9999-12-31,2023-01-01,"[{'id': 370, 'goods_id': 663, 'weight': '0.00001', 'from_date': '2023-01-01', 'expiry_date': '9999-12-31', 'status': 2}]",,,,[],,,,[]
662,11000400,战马/330ML/24/罐装/含气/春日白桃味/扫码红包2026,0,0.00001,9999-12-31,2023-01-01,"[{'id': 369, 'goods_id': 662, 'weight': '0.00001', 'from_date': '2023-01-01', 'expiry_date': '9999-12-31', 'status': 2}]",,,,[],,,,[]
661,11000399,战马/330ML/24/罐装/含气/夏日浆果味/扫码红包2026,0,0.00001,9999-12-31,2023-01-01,"[{'id': 368, 'goods_id': 661, 'weight': '0.00001', 'from_date': '2023-01-01', 'expiry_date': '9999-12-31', 'status': 2}]",,,,[],,,,[]
660,11000398,战马/330ML/24/罐装/含气/菠萝西柚味/扫码红包2026,0,0.00001,9999-12-31,2023-01-01,"[{'id': 367, 'goods_id': 660, 'weight': '0.00001', 'from_date': '2023-01-01', 'expiry_date': '9999-12-31', 'status': 2}]",,,,[],,,,[]
659,11000396,战马/330ML/24/罐装/含气/蓝莓黑加仑味/扫码红包2026,0,0.00001,9999-12-31,2023-01-01,"[{'id': 366, 'goods_id': 659, 'weight': '0.00001', 'from_date': '2023-01-01', 'expiry_date': '9999-12-31', 'status': 2}]",,,,[],,,,[]
658,11000391,战马/330ML/24/罐装/含气/青苹果葡萄味/扫码红包2026,0,0.00001,9999-12-31,2023-01-01,"[{'id': 365, 'goods_id': 658, 'weight': '0.00001', 'from_date': '2023-01-01', 'expiry_date': '9999-12-31', 'status': 2}]",,,,[],,,,[]
657,81000285,国产/芙丝水330ML/24瓶装/京东专供,0,0.00001,9999-12-31,2023-01-01,"[{'id': 364, 'goods_id': 657, 'weight': '0.00001', 'from_date': '2023-01-01', 'expiry_date': '9999-12-31', 'status': 2}]",,,,[],,,,[]
656,81000197,国产/芙丝水375ML/20瓶/玻璃瓶/芙丝苏打水饮料（含气型）,0,0.00001,9999-12-31,2023-01-01,"[{'id': 363, 'goods_id': 656, 'weight': '0.00001', 'from_date': '2023-01-01', 'expiry_date': '9999-12-31', 'status': 2}]",,,,[],,,,[]
655,11000384,战马/310ML/24/罐装/2026/新包装线下1元乐享,0,0.00001,9999-12-31,2023-01-01,"[{'id': 362, 'goods_id': 655, 'weight': '0.00001', 'from_date': '2023-01-01', 'expiry_date': '9999-12-31', 'status': 2}]",,,,[],,,,[]
654,11000376,战马/400ML/15/不含气/2026/1元乐享,0,0.00001,9999-12-31,2023-01-01,"[{'id': 361, 'goods_id': 654, 'weight': '0.00001', 'from_date': '2023-01-01', 'expiry_date': '9999-12-31', 'status': 2}]",,,,[],,,,[]
647,11000379,战马/310ML/24/罐装/UTMBx联名装,0,0.00001,9999-12-31,2023-01-01,"[{'id': 360, 'goods_id': 647, 'weight': '0.00001', 'from_date': '2023-01-01', 'expiry_date': '9999-12-31', 'status': 2}]",,,,[],,,,[]
646,81000270,国产/芙丝水330ML/24瓶/牛皮纸环保装,0,0.00001,9999-12-31,2023-01-01,"[{'id': 359, 'goods_id': 646, 'weight': '0.00001', 'from_date': '2023-01-01', 'expiry_date': '9999-12-31', 'status': 2}]",,,,[],,,,[]
645,11000356,战马/330ML/24/罐装/含气/菠萝西柚味/广东促销,0,0.00001,9999-12-31,2023-01-01,"[{'id': 358, 'goods_id': 645, 'weight': '0.00001', 'from_date': '2023-01-01', 'expiry_date': '9999-12-31', 'status': 2}]",,,,[],,,,[]
642,11000370,战马/310ML/24/罐装/2026/扫码红包-新包装,0,0.00001,9999-12-31,2023-01-01,"[{'id': 357, 'goods_id': 642, 'weight': '0.00001', 'from_date': '2023-01-01', 'expiry_date': '9999-12-31', 'status': 2}]",,,,[],,,,[]
617,81000253,国产/芙丝水330ML/24瓶装/YOMA,0,0.00001,9999-12-31,2023-01-01,"[{'id': 349, 'goods_id': 617, 'weight': '0.00001', 'from_date': '2023-01-01', 'expiry_date': '9999-12-31', 'status': 2}]",,,,[],,,,[]
616,81000221,国产/芙丝水500ML/24瓶装/纯享装,0,0.00001,9999-12-31,2023-01-01,"[{'id': 348, 'goods_id': 616, 'weight': '0.00001', 'from_date': '2023-01-01', 'expiry_date': '9999-12-31', 'status': 2}]",,,,[],,,,[]
599,11000312,战马/310ML/24/罐装/2025/线上1元乐享（含箱码）-新包装,0,0.00001,9999-12-31,2023-01-01,"[{'id': 346, 'goods_id': 599, 'weight': '0.00001', 'from_date': '2023-01-01', 'expiry_date': '9999-12-31', 'status': 2}]",,,,[],,,,[]
572,10001105,红牛维生素功能饮料/普通型/250ML/24/30周年普通箱内码/2025,0,0.00740,2031-06-30,2024-06-01,"[{'id': 337, 'goods_id': 572, 'weight': '0.00001', 'from_date': '2023-01-01', 'expiry_date': '2024-05-31', 'status': 1}, {'id': 338, 'goods_id': 572, 'weight': '0.00740', 'from_date': '2024-06-01', 'expiry_date': '2031-06-30', 'status': 2}, {'id': 339, 'goods_id': 572, 'weight': '0.00001', 'from_date': '2031-07-01', 'expiry_date': '9999-12-31', 'status': 0}]",,,,[],,,,[]
571,10001132,红牛维生素功能饮料/普通型/250ML/24/扫码1元乐享-广西/2025,0,0.00740,2031-06-30,2024-06-01,"[{'id': 336, 'goods_id': 571, 'weight': '0.00001', 'from_date': '2023-01-01', 'expiry_date': '2024-05-31', 'status': 1}, {'id': 342, 'goods_id': 571, 'weight': '0.00740', 'from_date': '2024-06-01', 'expiry_date': '2031-06-30', 'status': 2}, {'id': 343, 'goods_id': 571, 'weight': '0.00001', 'from_date': '2031-07-01', 'expiry_date': '9999-12-31', 'status': 0}]",,,,[],,,,[]
570,10001134,红牛维生素功能饮料/普通型/250ML/24/广东促销/2025,0,0.00740,2030-06-30,2024-06-01,"[{'id': 335, 'goods_id': 570, 'weight': '0.00001', 'from_date': '2023-01-01', 'expiry_date': '2024-05-31', 'status': 1}, {'id': 344, 'goods_id': 570, 'weight': '0.00740', 'from_date': '2024-06-01', 'expiry_date': '2030-06-30', 'status': 2}, {'id': 345, 'goods_id': 570, 'weight': '0.00001', 'from_date': '2030-07-01', 'expiry_date': '9999-12-31', 'status': 0}]",,,,[],,,,[]
569,10001129,红牛维生素功能饮料/普通型/250ML/24/广东扫码中红包/2025,0,0.00740,2032-06-01,2024-05-01,"[{'id': 334, 'goods_id': 569, 'weight': '0.00001', 'from_date': '2023-01-01', 'expiry_date': '2024-04-30', 'status': 1}, {'id': 340, 'goods_id': 569, 'weight': '0.00740', 'from_date': '2024-05-01', 'expiry_date': '2032-06-01', 'status': 2}, {'id': 341, 'goods_id': 569, 'weight': '0.00001', 'from_date': '2032-06-02', 'expiry_date': '9999-12-31', 'status': 0}]",,,,[],,,,[]
568,10001081,红牛维生素功能饮料/普通型/250ML/24/29周年普通箱内码二期/2024,0,0.00740,9999-12-31,2023-01-01,"[{'id': 333, 'goods_id': 568, 'weight': '0.00740', 'from_date': '2023-01-01', 'expiry_date': '9999-12-31', 'status': 2}]",112.80,9999-12-31,2023-01-01,"[{'id': 11, 'goods_id': 568, 'price': '112.80', 'from_date': '2023-01-01', 'expiry_date': '9999-12-31', 'status': 2}]",2.15,9999-12-31,2023-01-01,"[{'id': 8, 'goods_id': 568, 'box_price': '2.15', 'from_date': '2023-01-01', 'expiry_date': '9999-12-31', 'status': 2}]"
676,81000320,国产/芙丝水330ML/24瓶装/宝姿联标,0,,,,[],,,,[],,,,[]
675,81000324,国产/芙丝水500ML*6*4/六连包彩膜装,0,,,,[],,,,[],,,,[]
674,81000235,国产/芙丝水500ML/24瓶装/万物有时节,0,,,,[],,,,[],,,,[]
673,11000405,战马/330ML/24/罐装/含气/春日白桃味/普通型,0,,,,[],,,,[],,,,[]
672,11000412,战马/330ML/24/罐装/含气/夏日柠檬味/扫码1元乐享/2026,0,,,,[],,,,[],,,,[]
671,11000411,战马/330ML/24/罐装/含气/春日白桃味/扫码1元乐享/2026,0,,,,[],,,,[],,,,[]
670,11000409,战马/330ML/24/罐装/含气/夏日柠檬味/收拉环1元乐享/2026,0,,,,[],,,,[],,,,[]
669,11000408,战马/330ML/24/罐装/含气/春日白桃味/收拉环1元乐享/2026,0,,,,[],,,,[],,,,[]
668,81000323,国产/芙丝水500ML/24瓶装/艺术家夏季限定装,0,0.01380,2099-12-31,2026-01-01,"[{'id': 375, 'goods_id': 668, 'weight': '0.01380', 'from_date': '2026-01-01', 'expiry_date': '2099-12-31', 'status': 2}]",91.20,2099-12-31,2026-01-01,"[{'id': 22, 'goods_id': 668, 'price': '91.20', 'from_date': '2026-01-01', 'expiry_date': '2099-12-31', 'status': 2}]",3.91,2099-12-31,2026-01-01,"[{'id': 19, 'goods_id': 668, 'box_price': '3.91', 'from_date': '2026-01-01', 'expiry_date': '2099-12-31', 'status': 2}]"
667,11000410,战马/330ML/24/罐装/含气/菠萝西柚味/扫码1元乐享/2026,0,0.00866,2099-12-31,2026-01-01,"[{'id': 374, 'goods_id': 667, 'weight': '0.00866', 'from_date': '2026-01-01', 'expiry_date': '2099-12-31', 'status': 2}]",100.80,2099-12-31,2026-01-01,"[{'id': 21, 'goods_id': 667, 'price': '100.80', 'from_date': '2026-01-01', 'expiry_date': '2099-12-31', 'status': 2}]",2.17,2099-12-31,2026-01-01,"[{'id': 18, 'goods_id': 667, 'box_price': '2.17', 'from_date': '2026-01-01', 'expiry_date': '2099-12-31', 'status': 2}]"
666,11000407,战马/330ML/24/罐装/含气/菠萝西柚味/收拉环1元乐享/2026,0,0.00866,2099-12-31,2026-01-01,"[{'id': 373, 'goods_id': 666, 'weight': '0.00866', 'from_date': '2026-01-01', 'expiry_date': '2099-12-31', 'status': 2}]",100.80,2099-12-31,2026-01-01,"[{'id': 20, 'goods_id': 666, 'price': '100.80', 'from_date': '2026-01-01', 'expiry_date': '2099-12-31', 'status': 2}]",2.17,2099-12-31,2026-01-01,"[{'id': 17, 'goods_id': 666, 'box_price': '2.17', 'from_date': '2026-01-01', 'expiry_date': '2099-12-31', 'status': 2}]"
665,81000287,国产/芙丝气泡水330ML/12瓶装/蜜柚甜橘,0,0.00430,2099-12-31,2026-01-01,"[{'id': 372, 'goods_id': 665, 'weight': '0.00430', 'from_date': '2026-01-01', 'expiry_date': '2099-12-31', 'status': 2}]",39.60,2099-12-31,2026-01-01,"[{'id': 19, 'goods_id': 665, 'price': '39.60', 'from_date': '2026-01-01', 'expiry_date': '2099-12-31', 'status': 2}]",1.38,2099-12-31,2026-01-01,"[{'id': 16, 'goods_id': 665, 'box_price': '1.38', 'from_date': '2026-01-01', 'expiry_date': '2099-12-31', 'status': 2}]"
653,10001199,红牛维生素功能饮料/普通型/250ML/24/普通箱内码/2026,0,,,,[],,,,[],,,,[]
652,10001198,红牛维生素功能饮料/普通型/250ML/24/扫码1元乐享-闽苏沪/2026,0,,,,[],,,,[],,,,[]
651,10001204,红牛维生素功能饮料/普通型/250ML/24/扫码1元乐享-云贵/2026,0,,,,[],,,,[],,,,[]
650,10001203,红牛维生素功能饮料/普通型/250ML/24/扫码1元乐享-广西/2026,0,,,,[],,,,[],,,,[]
649,10001201,红牛维生素功能饮料/普通型/250ML/24/普通箱内码-新疆专供/2026,0,,,,[],,,,[],,,,[]
648,10001200,红牛维生素功能饮料/普通型/250ML/24/1元乐享-新疆青海/2026,0,,,,[],,,,[],,,,[]
644,11000372,战马/310ML/24/罐装/2026/线下1元乐享,0,,,,[],,,,[],,,,[]
643,11000371,战马/310ML/24/罐装/2026/线上1元乐享-新包装,0,,,,[],,,,[],,,,[]
641,81000290,国产/神农明珠天然泉水/350ML/24瓶/无外箱/红动中原牛气冲天联标,0,,,,[],,,,[],,,,[]
640,81000258,国产/神农明珠天然泉水/350ML/24瓶/无外箱/北站苗乡,0,,,,[],,,,[],,,,[]
639,81000225,国产/神农明珠天然泉水/350ML/24瓶/无外箱,0,,,,[],,,,[],,,,[]
638,81000237,国产/神农明珠天然泉水/5L/4桶装,0,,,,[],,,,[],,,,[]
637,81000227,国产/神农明珠天然泉水/5L/4桶装/无外箱,0,,,,[],,,,[],,,,[]
636,81000316,国产/神农明珠天然泉水/500ML/24瓶/无外箱/大角鹿联标,0,,,,[],,,,[],,,,[]
635,81000313,国产/神农明珠天然泉水/500ML/24瓶/无外箱/交通银行联标,0,,,,[],,,,[],,,,[]
634,81000314,国产/神农明珠天然泉水/500ML/24瓶/无外箱/初雄联标,0,,,,[],,,,[],,,,[]
633,81000298,国产/神农明珠天然泉水/500ML/24瓶/无外箱/华彬航空联标,0,,,,[],,,,[],,,,[]
632,81000291,国产/神农明珠天然泉水/500ML/24瓶/无外箱/德高防水联标,0,,,,[],,,,[],,,,[]
631,81000289,国产/神农明珠天然泉水/500ML/24瓶/无外箱/名仕台球联标,0,,,,[],,,,[],,,,[]
630,81000283,国产/神农明珠天然泉水/500ML/24瓶/无外箱/黄石联标,0,,,,[],,,,[],,,,[]
629,81000240,国产/神农明珠天然泉水/500ml/24瓶/无外箱,0,,,,[],,,,[],,,,[]
628,81000310,国产/神农明珠天然泉水/500ML/24瓶/交通银行联标,0,,,,[],,,,[],,,,[]
627,81000304,国产/神农明珠天然泉水/500ML/24瓶/德高防水联标,0,,,,[],,,,[],,,,[]
626,81000294,国产/神农明珠天然泉水/500ML/24瓶/华彬航空联标,0,,,,[],,,,[],,,,[]
625,81000224,国产/神农明珠天然泉水/500ML/24瓶,0,,,,[],,,,[],,,,[]
624,10001193,红牛维生素功能饮料/普通型/250ML/24/新疆专供/2026,0,0.00740,9999-12-31,2026-01-01,"[{'id': 356, 'goods_id': 624, 'weight': '0.00740', 'from_date': '2026-01-01', 'expiry_date': '9999-12-31', 'status': 2}]",112.80,9999-12-31,2026-01-01,"[{'id': 18, 'goods_id': 624, 'price': '112.80', 'from_date': '2026-01-01', 'expiry_date': '9999-12-31', 'status': 2}]",2.15,9999-12-31,2026-01-01,"[{'id': 15, 'goods_id': 624, 'box_price': '2.15', 'from_date': '2026-01-01', 'expiry_date': '9999-12-31', 'status': 2}]"
623,10001191,红牛维生素功能饮料/普通型/250ML/六罐装/31周年,0,0.00185,9999-12-31,2026-01-01,"[{'id': 355, 'goods_id': 623, 'weight': '0.00185', 'from_date': '2026-01-01', 'expiry_date': '9999-12-31', 'status': 2}]",28.20,9999-12-31,2026-01-01,"[{'id': 17, 'goods_id': 623, 'price': '28.20', 'from_date': '2026-01-01', 'expiry_date': '9999-12-31', 'status': 2}]",1.66,9999-12-31,2026-01-01,"[{'id': 14, 'goods_id': 623, 'box_price': '1.66', 'from_date': '2026-01-01', 'expiry_date': '9999-12-31', 'status': 2}]"
622,10001188,红牛维生素功能饮料/普通型/250ML/24/31周年纪念装,0,0.00740,9999-12-31,2026-01-01,"[{'id': 354, 'goods_id': 622, 'weight': '0.00740', 'from_date': '2026-01-01', 'expiry_date': '9999-12-31', 'status': 2}]",112.80,9999-12-31,2026-01-01,"[{'id': 16, 'goods_id': 622, 'price': '112.80', 'from_date': '2026-01-01', 'expiry_date': '9999-12-31', 'status': 2}]",2.15,9999-12-31,2026-01-01,"[{'id': 13, 'goods_id': 622, 'box_price': '2.15', 'from_date': '2026-01-01', 'expiry_date': '9999-12-31', 'status': 2}]"
621,10001187,红牛维生素功能饮料/普通型/250ML/24/广东1元乐享促销/2026,0,0.00740,9999-12-31,2026-01-01,"[{'id': 353, 'goods_id': 621, 'weight': '0.00740', 'from_date': '2026-01-01', 'expiry_date': '9999-12-31', 'status': 2}]",112.80,9999-12-31,2026-01-01,"[{'id': 15, 'goods_id': 621, 'price': '112.80', 'from_date': '2026-01-01', 'expiry_date': '9999-12-31', 'status': 2}]",2.15,9999-12-31,2026-01-01,"[{'id': 12, 'goods_id': 621, 'box_price': '2.15', 'from_date': '2026-01-01', 'expiry_date': '9999-12-31', 'status': 2}]"
620,10001186,红牛维生素功能饮料/普通型/250ML/24/广东红包促销/2026,0,0.00740,9999-12-31,2026-01-01,"[{'id': 352, 'goods_id': 620, 'weight': '0.00740', 'from_date': '2026-01-01', 'expiry_date': '9999-12-31', 'status': 2}]",112.80,9999-12-31,2026-01-01,"[{'id': 14, 'goods_id': 620, 'price': '112.80', 'from_date': '2026-01-01', 'expiry_date': '9999-12-31', 'status': 2}]",2.15,9999-12-31,2026-01-01,"[{'id': 11, 'goods_id': 620, 'box_price': '2.15', 'from_date': '2026-01-01', 'expiry_date': '9999-12-31', 'status': 2}]"
619,10001185,红牛维生素功能饮料/普通型/250ML/24/31周年/两元纸箱/台州专供一期,0,0.00740,9999-12-31,2026-01-01,"[{'id': 351, 'goods_id': 619, 'weight': '0.00740', 'from_date': '2026-01-01', 'expiry_date': '9999-12-31', 'status': 2}]",112.80,9999-12-31,2026-01-01,"[{'id': 13, 'goods_id': 619, 'price': '112.80', 'from_date': '2026-01-01', 'expiry_date': '9999-12-31', 'status': 2}]",2.15,9999-12-31,2026-01-01,"[{'id': 10, 'goods_id': 619, 'box_price': '2.15', 'from_date': '2026-01-01', 'expiry_date': '9999-12-31', 'status': 2}]"
618,10001184,红牛维生素功能饮料/牛磺酸强化型/250ml/24/31周年纪念装,0,0.00740,9999-12-31,2026-01-01,"[{'id': 350, 'goods_id': 618, 'weight': '0.00740', 'from_date': '2026-01-01', 'expiry_date': '9999-12-31', 'status': 2}]",120.00,9999-12-31,2026-01-01,"[{'id': 12, 'goods_id': 618, 'price': '120.00', 'from_date': '2026-01-01', 'expiry_date': '9999-12-31', 'status': 2}]",2.15,9999-12-31,2026-01-01,"[{'id': 9, 'goods_id': 618, 'box_price': '2.15', 'from_date': '2026-01-01', 'expiry_date': '9999-12-31', 'status': 2}]"
615,11000359,战马/330ML/24/罐装/含气/夏日柠檬味/广东促销,0,,,,[],,,,[],,,,[]
614,11000358,战马/330ML/24/罐装/含气/春日白桃味/广东促销,0,,,,[],,,,[],,,,[]
613,11000357,战马/330ML/24/罐装/含气/夏日浆果味/广东促销,0,,,,[],,,,[],,,,[]
612,11000353,战马/330ML/24/罐装/含气/夏日柠檬味/常规装,0,,,,[],,,,[],,,,[]
611,11000352,战马/330ML/24/罐装/含气/春日白桃味/常规装,0,,,,[],,,,[],,,,[]
610,11000351,战马/330ML/24/罐装/含气/夏日浆果味/常规装,0,,,,[],,,,[],,,,[]
609,11000350,战马/330ML/24/罐装/含气/菠萝西柚味/常规装,0,,,,[],,,,[],,,,[]
608,11000349,战马/330ML/24/罐装/含气/蓝莓黑加仑味/常规装,0,,,,[],,,,[],,,,[]
607,11000348,战马/330ML/24/罐装/含气/青苹果葡萄味/常规装,0,,,,[],,,,[],,,,[]
606,11000298,战马/180ML/24/罐装/夏黑葡萄味,0,,,,[],,,,[],,,,[]
605,11000334,战马/310ML/24/罐装/2025/广东扫码红包-新包装,0,,,,[],,,,[],,,,[]
604,11000322,战马/310ML/24/罐装/2025/广东扫码1元乐享-新包装,0,,,,[],,,,[],,,,[]
603,11000321,战马/310ML/24/罐装/新包装,0,,,,[],,,,[],,,,[]
602,10001165,红牛维生素功能饮料/普通型/250ML/24/30周年普通箱内码二期/2025,0,,,,[],,,,[],,,,[]
601,10001164,红牛维生素功能饮料/普通型/250ML/24/30周年广东二期箱内码,0,,,,[],,,,[],,,,[]
600,10001163,红牛维生素功能饮料/普通型/250ML/24/广东促销2025（含二期箱码）,0,,,,[],,,,[],,,,[]
598,11000283,战马/400ML/15/不含气/2025/1元乐享（线上核销）/二段,0,,,,[],,,,[],,,,[]
597,11000282,战马/400ML/15/不含气/2025/1元乐享/二段,0,,,,[],,,,[],,,,[]
596,11000281,战马/400ML/15/不含气/2025/1元乐享（线上核销版）,0,,,,[],,,,[],,,,[]
595,11000280,战马/400ML/15/不含气/2025/1元乐享,0,,,,[],,,,[],,,,[]
594,11000304,战马/310ML/24/罐装/2025/线上1元乐享/二段（无箱码）,0,,,,[],,,,[],,,,[]
593,11000303,战马/310ML/24/罐装/2025/线上1元乐享/二段（含箱码）,0,,,,[],,,,[],,,,[]
592,11000302,战马/310ML/24/罐装/2025/1元乐享/二段-新疆（含箱码）,0,,,,[],,,,[],,,,[]
591,11000301,战马/310ML/24/罐装/2025/1元乐享/二段（无箱码）,0,,,,[],,,,[],,,,[]
590,11000300,战马/310ML/24/罐装/2025/1元乐享/二段（含箱码）,0,,,,[],,,,[],,,,[]
589,11000273,战马/310ML/24/罐装/2025/线上1元乐享（无箱码）,0,,,,[],,,,[],,,,[]
588,11000272,战马/310ML/24/罐装/2025/线上1元乐享（含箱码）,0,,,,[],,,,[],,,,[]
587,11000270,战马/310ML/24/罐装/2025/1元乐享-新疆（含箱码）,0,,,,[],,,,[],,,,[]
586,11000268,战马/310ML/24/罐装/2025/1元乐享（无箱码）,0,,,,[],,,,[],,,,[]
585,11000267,战马/310ML/24/罐装/2025/1元乐享（含箱码）,0,,,,[],,,,[],,,,[]
584,10001155,红牛维生素功能饮料/普通型/250ML/24/30周年/两元纸箱/台州专供二期,0,,,,[],,,,[],,,,[]
583,10001153,红牛维生素功能饮料/普通型/250ML/24/1元乐享-江西/2025,0,,,,[],,,,[],,,,[]
582,10001146,红牛维生素功能饮料/普通型/250ML/24/1元乐享-云南贵州/2025,0,0.00740,2029-08-01,2024-01-01,"[{'id': 347, 'goods_id': 582, 'weight': '0.00740', 'from_date': '2024-01-01', 'expiry_date': '2029-08-01', 'status': 2}]",,,,[],,,,[]
581,10001126,红牛维生素功能饮料/普通型/250ML/24/新疆专供/2025,0,,,,[],,,,[],,,,[]
580,10001125,红牛维生素功能饮料/普通型/250ML/24/新疆箱内码专供/2025,0,,,,[],,,,[],,,,[]
579,10001124,红牛维生素功能饮料/普通型/250ML/24/1元乐享-新疆青海/2025,0,,,,[],,,,[],,,,[]
578,10001104,红牛维生素功能饮料/普通型/250ML/24/扫码1元乐享/2025,0,,,,[],,,,[],,,,[]
577,10001119,红牛维生素功能饮料/普通型/250ML/24/30周年/两元纸箱/台州专供一期,0,,,,[],,,,[],,,,[]
576,10001118,红牛维生素功能饮料/普通型/250ML/24/30周年/24年广东箱内码三期,0,,,,[],,,,[],,,,[]
575,10001117,红牛维生素功能饮料/牛磺酸强化型/250ml/24/30周年纪念装,0,,,,[],,,,[],,,,[]
574,10001116,红牛维生素功能饮料/普通型/250ML/六罐装/30周年,0,,,,[],,,,[],,,,[]
573,10001114,红牛维生素功能饮料/普通型/250ML/24/30周年纪念装,0,,,,[],,,,[],,,,[]
566,10001060,红牛维生素功能饮料/普通型/250ML/24/1元换购-新疆青海/2024,0,0.00740,9999-12-31,2024-04-01,"[{'id': 328, 'goods_id': 566, 'weight': '0.00740', 'from_date': '2024-04-01', 'expiry_date': '9999-12-31', 'status': 2}]",,,,[],,,,[]
565,10001054,红牛维生素功能饮料/普通型/250ML/24/扫码促销-台州2元回收/2024,0,0.00740,9999-12-31,2024-04-01,"[{'id': 323, 'goods_id': 565, 'weight': '0.00740', 'from_date': '2024-04-01', 'expiry_date': '9999-12-31', 'status': 2}]",,,,[],,,,[]
564,10000000,红牛维生素功能饮料/普通型/250ml/24,0,0.00740,9999-12-31,2024-04-01,"[{'id': 313, 'goods_id': 564, 'weight': '0.00740', 'from_date': '2024-04-01', 'expiry_date': '9999-12-31', 'status': 2}]",,,,[],,,,[]
563,10000134,红牛维生素功能饮料/普通型/250ml/24,0,0.00740,9999-12-31,2024-04-01,"[{'id': 312, 'goods_id': 563, 'weight': '0.00740', 'from_date': '2024-04-01', 'expiry_date': '9999-12-31', 'status': 2}]",,,,[],,,,[]
562,10001059,红牛维生素功能饮料/普通型/250ML/24/扫码促销-含箱内码/2024,0,0.00740,9999-12-31,2024-04-01,"[{'id': 307, 'goods_id': 562, 'weight': '0.00740', 'from_date': '2024-01-01', 'expiry_date': '2024-03-31', 'status': 1}, {'id': 327, 'goods_id': 562, 'weight': '0.00740', 'from_date': '2024-04-01', 'expiry_date': '9999-12-31', 'status': 2}]",,,,[],,,,[]
561,10001058,红牛维生素功能饮料/普通型/250ML/扫码促销/六罐装/2024,0,0.00185,9999-12-31,2024-04-01,"[{'id': 306, 'goods_id': 561, 'weight': '0.00185', 'from_date': '2024-01-01', 'expiry_date': '2024-03-31', 'status': 1}, {'id': 326, 'goods_id': 561, 'weight': '0.00185', 'from_date': '2024-04-01', 'expiry_date': '9999-12-31', 'status': 2}]",,,,[],,,,[]
560,10001057,红牛维生素功能饮料/普通型/250ML/24/扫码促销/2024,0,0.00740,9999-12-31,2024-04-01,"[{'id': 305, 'goods_id': 560, 'weight': '0.00740', 'from_date': '2024-01-01', 'expiry_date': '2024-03-31', 'status': 1}, {'id': 325, 'goods_id': 560, 'weight': '0.00740', 'from_date': '2024-04-01', 'expiry_date': '9999-12-31', 'status': 2}]",,,,[],,,,[]
556,11000234,战马/400ML/15/不含气/2024/1元乐享LPL版,0,0.00730,9999-12-31,2024-01-01,"[{'id': 304, 'goods_id': 556, 'weight': '0.00730', 'from_date': '2024-01-01', 'expiry_date': '9999-12-31', 'status': 2}]",,,,[],,,,[]
548,10001056,红牛维生素功能饮料/普通型/250ML/24/29周年普通箱内码/2024,0,0.00740,9999-12-31,2024-04-01,"[{'id': 303, 'goods_id': 548, 'weight': '0.00740', 'from_date': '2024-03-05', 'expiry_date': '2024-03-31', 'status': 1}, {'id': 324, 'goods_id': 548, 'weight': '0.00740', 'from_date': '2024-04-01', 'expiry_date': '9999-12-31', 'status': 2}]",,,,[],,,,[]
546,11000231,战马/310ML/24/罐装/2024无箱内码/1元乐享-篮球,0,0.00840,9999-12-31,2024-01-01,"[{'id': 282, 'goods_id': 546, 'weight': '0.00840', 'from_date': '2024-01-01', 'expiry_date': '9999-12-31', 'status': 2}]",,,,[],,,,[]
545,11000230,战马/310ML/24/罐装/2024箱内码/1元乐享-篮球,0,0.00840,9999-12-31,2024-01-01,"[{'id': 281, 'goods_id': 545, 'weight': '0.00840', 'from_date': '2024-01-01', 'expiry_date': '9999-12-31', 'status': 2}]",,,,[],,,,[]
544,10001053,红牛维生素功能饮料/普通型/250ML/24/广东促销/2024,0,0.00740,9999-12-31,2024-04-01,"[{'id': 280, 'goods_id': 544, 'weight': '0.00740', 'from_date': '2024-02-21', 'expiry_date': '2024-03-31', 'status': 1}, {'id': 322, 'goods_id': 544, 'weight': '0.00740', 'from_date': '2024-04-01', 'expiry_date': '9999-12-31', 'status': 2}]",,,,[],,,,[]
532,好智粒1*15,好智粒1*15,0,0.00485,9999-12-31,2023-01-01,"[{'id': 269, 'goods_id': 532, 'weight': '0.00485', 'from_date': '2023-01-01', 'expiry_date': '9999-12-31', 'status': 2}]",,,,[],,,,[]
531,好智粒1*24,好智粒1*24,0,0.00650,9999-12-31,2023-01-01,"[{'id': 268, 'goods_id': 531, 'weight': '0.00650', 'from_date': '2023-01-01', 'expiry_date': '9999-12-31', 'status': 2}]",,,,[],,,,[]
530,好智粒1*12,好智粒1*12,0,0.00380,9999-12-31,2023-01-01,"[{'id': 267, 'goods_id': 530, 'weight': '0.00380', 'from_date': '2023-01-01', 'expiry_date': '9999-12-31', 'status': 2}]",,,,[],,,,[]
528,80000131,进口芙丝天然泉水/24/500ml/Still-蓝瓶,0,0.01350,9999-12-31,2023-01-01,"[{'id': 266, 'goods_id': 528, 'weight': '0.01350', 'from_date': '2023-01-01', 'expiry_date': '9999-12-31', 'status': 2}]",,,,[],,,,[]
527,80000114,进口芙丝天然泉水/12/850ml/Still,0,0.01140,9999-12-31,2023-01-01,"[{'id': 265, 'goods_id': 527, 'weight': '0.01140', 'from_date': '2023-01-01', 'expiry_date': '9999-12-31', 'status': 2}]",,,,[],,,,[]
526,80000106,进口芙丝苏打水/12/375ml/Sparkling-黄瓜柠檬味,0,0.00843,9999-12-31,2023-01-01,"[{'id': 264, 'goods_id': 526, 'weight': '0.00843', 'from_date': '2023-01-01', 'expiry_date': '9999-12-31', 'status': 2}]",,,,[],,,,[]
525,80000103,进口气泡果味水/8罐/355ml/柠檬黄瓜味,0,0.00310,9999-12-31,2023-01-01,"[{'id': 263, 'goods_id': 525, 'weight': '0.00310', 'from_date': '2023-01-01', 'expiry_date': '9999-12-31', 'status': 2}]",,,,[],,,,[]
524,80000102,进口气泡果味水/8罐/355ml/草莓生姜味,0,0.00310,9999-12-31,2023-01-01,"[{'id': 262, 'goods_id': 524, 'weight': '0.00310', 'from_date': '2023-01-01', 'expiry_date': '9999-12-31', 'status': 2}]",,,,[],,,,[]
523,80000071,进口芙丝苏打水/12/375ml/Sparkling-青柠薄荷味,0,0.00835,9999-12-31,2023-01-01,"[{'id': 261, 'goods_id': 523, 'weight': '0.00835', 'from_date': '2023-01-01', 'expiry_date': '9999-12-31', 'status': 2}]",,,,[],,,,[]
522,80000070,进口芙丝苏打水/12/375ml/Sparkling-柑橘柠檬草味,0,0.00843,9999-12-31,2023-01-01,"[{'id': 260, 'goods_id': 522, 'weight': '0.00843', 'from_date': '2023-01-01', 'expiry_date': '9999-12-31', 'status': 2}]",,,,[],,,,[]
521,80000015,进口芙丝天然泉水/24/500ml/Still,0,0.01350,9999-12-31,2023-01-01,"[{'id': 259, 'goods_id': 521, 'weight': '0.01350', 'from_date': '2023-01-01', 'expiry_date': '9999-12-31', 'status': 2}]",,,,[],,,,[]
520,80000014,进口芙丝天然泉水/24/330ml/Still,0,0.00940,9999-12-31,2023-01-01,"[{'id': 258, 'goods_id': 520, 'weight': '0.00940', 'from_date': '2023-01-01', 'expiry_date': '9999-12-31', 'status': 2}]",,,,[],,,,[]
519,80000013,进口芙丝天然泉水/12/800ml/Still,0,0.01661,9999-12-31,2023-01-01,"[{'id': 257, 'goods_id': 519, 'weight': '0.01661', 'from_date': '2023-01-01', 'expiry_date': '9999-12-31', 'status': 2}]",,,,[],,,,[]
518,80000012,进口芙丝天然泉水/24/375ml/Still,0,0.01663,9999-12-31,2023-01-01,"[{'id': 256, 'goods_id': 518, 'weight': '0.01663', 'from_date': '2023-01-01', 'expiry_date': '9999-12-31', 'status': 2}]",,,,[],,,,[]
517,80000011,进口芙丝苏打水/12/800ml/Sparkling,0,0.01661,9999-12-31,2023-01-01,"[{'id': 255, 'goods_id': 517, 'weight': '0.01661', 'from_date': '2023-01-01', 'expiry_date': '9999-12-31', 'status': 2}]",,,,[],,,,[]
516,80000010,进口芙丝苏打水/24/375ml/Sparkling,0,0.01675,9999-12-31,2023-01-01,"[{'id': 254, 'goods_id': 516, 'weight': '0.01675', 'from_date': '2023-01-01', 'expiry_date': '9999-12-31', 'status': 2}]",,,,[],,,,[]
515,,芙丝青提葡萄味气泡水,0,0.00860,9999-12-31,2023-01-01,"[{'id': 253, 'goods_id': 515, 'weight': '0.00860', 'from_date': '2023-01-01', 'expiry_date': '9999-12-31', 'status': 2}]",,,,[],,,,[]
514,81000177,国产/风味饮料/500ML/15瓶/夏黑葡萄味,0,0.00865,9999-12-31,2023-01-01,"[{'id': 252, 'goods_id': 514, 'weight': '0.00865', 'from_date': '2023-01-01', 'expiry_date': '9999-12-31', 'status': 2}]",,,,[],,,,[]
513,81000175,国产/风味饮料/500ML/15瓶/黄柠檬青柠,0,0.00865,9999-12-31,2023-01-01,"[{'id': 251, 'goods_id': 513, 'weight': '0.00865', 'from_date': '2023-01-01', 'expiry_date': '9999-12-31', 'status': 2}]",,,,[],,,,[]
512,81000172,国产/风味饮料/500ML/15瓶/樱花白桃味,0,0.00865,9999-12-31,2023-01-01,"[{'id': 250, 'goods_id': 512, 'weight': '0.00865', 'from_date': '2023-01-01', 'expiry_date': '9999-12-31', 'status': 2}]",,,,[],,,,[]
511,,芙丝蛋白肽气泡水荔枝玫瑰味,0,0.00670,9999-12-31,2023-01-01,"[{'id': 249, 'goods_id': 511, 'weight': '0.00670', 'from_date': '2023-01-01', 'expiry_date': '9999-12-31', 'status': 2}]",,,,[],,,,[]
510,,芙丝蛋白肽气泡水香茅味,0,0.00670,9999-12-31,2023-01-01,"[{'id': 248, 'goods_id': 510, 'weight': '0.00670', 'from_date': '2023-01-01', 'expiry_date': '9999-12-31', 'status': 2}]",,,,[],,,,[]
509,81000204,国产/芙丝水500ML/24瓶装/静安璞隽联标,0,0.01390,9999-12-31,2023-01-01,"[{'id': 247, 'goods_id': 509, 'weight': '0.01390', 'from_date': '2023-01-01', 'expiry_date': '9999-12-31', 'status': 2}]",,,,[],,,,[]
508,81000200,国产/芙丝水500ML/24瓶装/沙漠钻石联标,0,0.01390,9999-12-31,2023-01-01,"[{'id': 246, 'goods_id': 508, 'weight': '0.01390', 'from_date': '2023-01-01', 'expiry_date': '9999-12-31', 'status': 2}]",,,,[],,,,[]
507,81000199,国产/芙丝水330ML/24瓶装/白膜/割箱-厦航专供,0,0.00960,9999-12-31,2023-01-01,"[{'id': 245, 'goods_id': 507, 'weight': '0.00960', 'from_date': '2023-01-01', 'expiry_date': '9999-12-31', 'status': 2}]",,,,[],,,,[]
506,81000162,国产/芙丝水375ML/20瓶/玻璃瓶/黑珍珠联名,0,0.01380,9999-12-31,2023-01-01,"[{'id': 244, 'goods_id': 506, 'weight': '0.01380', 'from_date': '2023-01-01', 'expiry_date': '9999-12-31', 'status': 2}]",,,,[],,,,[]
505,81000152,国产/芙丝水375ML/20瓶装/玻璃瓶,0,0.01380,9999-12-31,2023-01-01,"[{'id': 243, 'goods_id': 505, 'weight': '0.01380', 'from_date': '2023-01-01', 'expiry_date': '9999-12-31', 'status': 2}]",,,,[],,,,[]
504,81000144,国产/芙丝水375ML/12瓶装/柑橘柠檬草,0,,,,[],,,,[],,,,[]
503,81000122,国产/芙丝水375ML/12瓶装/玻璃瓶,0,,,,[],,,,[],,,,[]
502,81000121,国产/芙丝水375ML/24瓶装/玻璃瓶,0,,,,[],,,,[],,,,[]
501,81000093,国产/芙丝蛋白肽气泡水249ml/12罐装/香茅味,0,,,,[],,,,[],,,,[]
500,81000120,芙丝蛋白肽/249ML*6*2/香茅,0,,,,[],,,,[],,,,[]
499,81000119,芙丝蛋白肽/249ML*6/香茅,0,,,,[],,,,[],,,,[]
498,81000092,国产/芙丝蛋白肽气泡水249ml/12罐装/荔枝玫瑰味,0,,,,[],,,,[],,,,[]
497,81000118,芙丝蛋白肽/249ML*6*2/荔枝玫瑰,0,,,,[],,,,[],,,,[]
496,81000117,芙丝蛋白肽/249ML*6/荔枝玫瑰,0,,,,[],,,,[],,,,[]
495,81000108,国产/芙丝气泡水330ML/12瓶装/青提葡萄/含投奖卡,0,0.00430,9999-12-31,2023-01-01,"[{'id': 242, 'goods_id': 495, 'weight': '0.00430', 'from_date': '2023-01-01', 'expiry_date': '9999-12-31', 'status': 2}]",,,,[],,,,[]
494,81000107,国产/芙丝气泡水330ML/12瓶装/樱花白桃/含投奖卡,0,0.00430,9999-12-31,2023-01-01,"[{'id': 241, 'goods_id': 494, 'weight': '0.00430', 'from_date': '2023-01-01', 'expiry_date': '9999-12-31', 'status': 2}]",,,,[],,,,[]
493,81000106,国产/芙丝气泡水330ML/12瓶装/青柠生姜/含投奖卡,0,0.00430,9999-12-31,2023-01-01,"[{'id': 240, 'goods_id': 493, 'weight': '0.00430', 'from_date': '2023-01-01', 'expiry_date': '9999-12-31', 'status': 2}]",,,,[],,,,[]
492,81000193,国产/芙丝气泡水330ML/12瓶装/荔枝香橙,0,0.00430,9999-12-31,2023-01-01,"[{'id': 239, 'goods_id': 492, 'weight': '0.00430', 'from_date': '2023-01-01', 'expiry_date': '9999-12-31', 'status': 2}]",,,,[],,,,[]
491,81000105,国产/芙丝气泡水330ML/12瓶装/柠檬黄瓜,0,0.00430,9999-12-31,2023-01-01,"[{'id': 238, 'goods_id': 491, 'weight': '0.00430', 'from_date': '2023-01-01', 'expiry_date': '9999-12-31', 'status': 2}]",,,,[],,,,[]
490,81000104,国产/芙丝气泡水330ML/12瓶装/青提葡萄,0,0.00430,9999-12-31,2023-01-01,"[{'id': 237, 'goods_id': 490, 'weight': '0.00430', 'from_date': '2023-01-01', 'expiry_date': '9999-12-31', 'status': 2}]",,,,[],,,,[]
489,81000103,国产/芙丝气泡水330ML/12瓶装/樱花白桃,0,0.00430,9999-12-31,2023-01-01,"[{'id': 236, 'goods_id': 489, 'weight': '0.00430', 'from_date': '2023-01-01', 'expiry_date': '9999-12-31', 'status': 2}]",,,,[],,,,[]
488,81000102,国产/芙丝气泡水330ML/12瓶装/青柠生姜,0,0.00430,9999-12-31,2023-01-01,"[{'id': 235, 'goods_id': 488, 'weight': '0.00430', 'from_date': '2023-01-01', 'expiry_date': '9999-12-31', 'status': 2}]",,,,[],,,,[]
487,81000101,国产/芙丝气泡水330ML/24瓶装/柠檬黄瓜,0,0.00860,9999-12-31,2023-01-01,"[{'id': 234, 'goods_id': 487, 'weight': '0.00860', 'from_date': '2023-01-01', 'expiry_date': '9999-12-31', 'status': 2}]",,,,[],,,,[]
486,81000100,国产/芙丝气泡水330ML/24瓶装/青提葡萄,0,0.00860,9999-12-31,2023-01-01,"[{'id': 233, 'goods_id': 486, 'weight': '0.00860', 'from_date': '2023-01-01', 'expiry_date': '9999-12-31', 'status': 2}]",,,,[],,,,[]
485,81000099,国产/芙丝气泡水330ML/24瓶装/樱花白桃,0,0.00860,9999-12-31,2023-01-01,"[{'id': 232, 'goods_id': 485, 'weight': '0.00860', 'from_date': '2023-01-01', 'expiry_date': '9999-12-31', 'status': 2}]",,,,[],,,,[]
484,81000096,国产/芙丝气泡水330ML/24瓶装/青柠生姜,0,0.00860,9999-12-31,2023-01-01,"[{'id': 231, 'goods_id': 484, 'weight': '0.00860', 'from_date': '2023-01-01', 'expiry_date': '9999-12-31', 'status': 2}]",,,,[],,,,[]
483,81000164,国产/芙丝水330ML/24瓶装/滴滴联标/牛皮纸,0,0.00928,9999-12-31,2023-01-01,"[{'id': 230, 'goods_id': 483, 'weight': '0.00928', 'from_date': '2023-01-01', 'expiry_date': '9999-12-31', 'status': 2}]",,,,[],,,,[]
482,81000161,国产/芙丝水330ML/30瓶装/电商纯享,0,0.01175,9999-12-31,2023-01-01,"[{'id': 229, 'goods_id': 482, 'weight': '0.01175', 'from_date': '2023-01-01', 'expiry_date': '9999-12-31', 'status': 2}]",,,,[],,,,[]
481,81000160,国产/芙丝水500ML/20瓶装/电商纯享,0,0.01145,9999-12-31,2023-01-01,"[{'id': 228, 'goods_id': 481, 'weight': '0.01145', 'from_date': '2023-01-01', 'expiry_date': '9999-12-31', 'status': 2}]",,,,[],,,,[]
480,81000130,国产/芙丝水330ML/24瓶装/万达瑞华联标,0,0.00960,9999-12-31,2023-01-01,"[{'id': 227, 'goods_id': 480, 'weight': '0.00960', 'from_date': '2023-01-01', 'expiry_date': '9999-12-31', 'status': 2}]",,,,[],,,,[]
479,81000126,国产/芙丝水500ML/24瓶装/出口澳门,0,0.01390,9999-12-31,2023-01-01,"[{'id': 226, 'goods_id': 479, 'weight': '0.01390', 'from_date': '2023-01-01', 'expiry_date': '9999-12-31', 'status': 2}]",,,,[],,,,[]
478,81000125,国产/芙丝水330ML/24瓶装/出口澳门,0,0.00960,9999-12-31,2023-01-01,"[{'id': 225, 'goods_id': 478, 'weight': '0.00960', 'from_date': '2023-01-01', 'expiry_date': '9999-12-31', 'status': 2}]",,,,[],,,,[]
477,81000038,国产/芙丝水500ML/24瓶装/出口新加坡,0,0.01390,9999-12-31,2023-01-01,"[{'id': 224, 'goods_id': 477, 'weight': '0.01390', 'from_date': '2023-01-01', 'expiry_date': '9999-12-31', 'status': 2}]",,,,[],,,,[]
476,81000039,国产/芙丝水330ML/24瓶装/出口新加坡,0,0.00960,9999-12-31,2023-01-01,"[{'id': 223, 'goods_id': 476, 'weight': '0.00960', 'from_date': '2023-01-01', 'expiry_date': '9999-12-31', 'status': 2}]",,,,[],,,,[]
475,81000060,国产/芙丝水4L/4瓶装,0,0.01770,9999-12-31,2023-01-01,"[{'id': 222, 'goods_id': 475, 'weight': '0.01770', 'from_date': '2023-01-01', 'expiry_date': '9999-12-31', 'status': 2}]",,,,[],,,,[]
474,81000064,国产/芙丝水330ML/24瓶装/电商/品鉴,0,0.00920,9999-12-31,2023-01-01,"[{'id': 221, 'goods_id': 474, 'weight': '0.00920', 'from_date': '2023-01-01', 'expiry_date': '9999-12-31', 'status': 2}]",,,,[],,,,[]
473,81000030,国产/芙丝水500ML/12瓶装/白膜,0,0.00705,9999-12-31,2023-01-01,"[{'id': 220, 'goods_id': 473, 'weight': '0.00705', 'from_date': '2023-01-01', 'expiry_date': '9999-12-31', 'status': 2}]",,,,[],,,,[]
472,81000195,国产/芙丝水330ML/24瓶装/WHDH联标,0,0.00960,9999-12-31,2023-01-01,"[{'id': 219, 'goods_id': 472, 'weight': '0.00960', 'from_date': '2023-01-01', 'expiry_date': '9999-12-31', 'status': 2}]",,,,[],,,,[]
471,81000195,国产/芙丝水330ML/24瓶装/湖北中烟联标,0,0.00960,9999-12-31,2023-01-01,"[{'id': 218, 'goods_id': 471, 'weight': '0.00960', 'from_date': '2023-01-01', 'expiry_date': '9999-12-31', 'status': 2}]",,,,[],,,,[]
470,81000194,国产/芙丝水330ML/24瓶装/LUX酒店联名,0,0.00960,9999-12-31,2023-01-01,"[{'id': 217, 'goods_id': 470, 'weight': '0.00960', 'from_date': '2023-01-01', 'expiry_date': '9999-12-31', 'status': 2}]",,,,[],,,,[]
469,81000190,国产/芙丝水330ML/24瓶装/特供装,0,0.00960,9999-12-31,2023-01-01,"[{'id': 216, 'goods_id': 469, 'weight': '0.00960', 'from_date': '2023-01-01', 'expiry_date': '9999-12-31', 'status': 2}]",,,,[],,,,[]
468,81000003,国产/芙丝水330ML/24瓶装/白膜,0,0.00960,9999-12-31,2023-01-01,"[{'id': 215, 'goods_id': 468, 'weight': '0.00960', 'from_date': '2023-01-01', 'expiry_date': '9999-12-31', 'status': 2}]",,,,[],,,,[]
467,81000001,国产/芙丝水330ML/24瓶装,0,0.00960,9999-12-31,2023-01-01,"[{'id': 214, 'goods_id': 467, 'weight': '0.00960', 'from_date': '2023-01-01', 'expiry_date': '9999-12-31', 'status': 2}]",,,,[],,,,[]
466,81000192,国产/芙丝水500ML/24瓶装/特供装,0,0.01390,9999-12-31,2023-01-01,"[{'id': 213, 'goods_id': 466, 'weight': '0.01390', 'from_date': '2023-01-01', 'expiry_date': '9999-12-31', 'status': 2}]",,,,[],,,,[]
465,81000141,国产/芙丝水500ML/24瓶装/红韵/圣诞装,0,0.01390,9999-12-31,2023-01-01,"[{'id': 212, 'goods_id': 465, 'weight': '0.01390', 'from_date': '2023-01-01', 'expiry_date': '9999-12-31', 'status': 2}]",,,,[],,,,[]
464,81000114,国产/芙丝水500ML/24瓶装/长江河湖联标,0,0.01390,9999-12-31,2023-01-01,"[{'id': 211, 'goods_id': 464, 'weight': '0.01390', 'from_date': '2023-01-01', 'expiry_date': '9999-12-31', 'status': 2}]",,,,[],,,,[]
463,81000113,国产/芙丝水500ML/24瓶装/便利蜂联标,0,0.01390,9999-12-31,2023-01-01,"[{'id': 210, 'goods_id': 463, 'weight': '0.01390', 'from_date': '2023-01-01', 'expiry_date': '9999-12-31', 'status': 2}]",,,,[],,,,[]
462,81000090,国产/芙丝水500ML/24瓶装/红韵,0,0.01390,9999-12-31,2023-01-01,"[{'id': 209, 'goods_id': 462, 'weight': '0.01390', 'from_date': '2023-01-01', 'expiry_date': '9999-12-31', 'status': 2}]",,,,[],,,,[]
461,81000002,国产/芙丝水500ML/24瓶装/白膜,0,0.01390,9999-12-31,2023-01-01,"[{'id': 208, 'goods_id': 461, 'weight': '0.01390', 'from_date': '2023-01-01', 'expiry_date': '9999-12-31', 'status': 2}]",,,,[],,,,[]
460,81000000,国产/芙丝水500ML/24瓶装,0,0.01390,9999-12-31,2023-01-01,"[{'id': 207, 'goods_id': 460, 'weight': '0.01390', 'from_date': '2023-01-01', 'expiry_date': '9999-12-31', 'status': 2}]",,,,[],,,,[]
459,70000124,唯他可可椰子水/原味/310ml/罐装,0,0.00825,9999-12-31,2023-01-01,"[{'id': 206, 'goods_id': 459, 'weight': '0.00825', 'from_date': '2023-01-01', 'expiry_date': '9999-12-31', 'status': 2}]",,,,[],,,,[]
458,70000121,唯他可可椰子水/醇香风味/500ml/PET瓶装,0,0.00668,9999-12-31,2023-01-01,"[{'id': 205, 'goods_id': 458, 'weight': '0.00668', 'from_date': '2023-01-01', 'expiry_date': '9999-12-31', 'status': 2}]",,,,[],,,,[]
457,70000060,唯他可可椰子水/原味/500ml/六瓶装,0,0.00340,9999-12-31,2023-01-01,"[{'id': 204, 'goods_id': 457, 'weight': '0.00340', 'from_date': '2023-01-01', 'expiry_date': '9999-12-31', 'status': 2}]",,,,[],,,,[]
456,70000051,唯他可可椰子水/原味/500ml,0,0.00667,9999-12-31,2023-01-01,"[{'id': 203, 'goods_id': 456, 'weight': '0.00667', 'from_date': '2023-01-01', 'expiry_date': '9999-12-31', 'status': 2}]",,,,[],,,,[]
455,70000050,唯他可可椰子水/蜂蜜味/330ml,0,0.00450,9999-12-31,2023-01-01,"[{'id': 202, 'goods_id': 455, 'weight': '0.00450', 'from_date': '2023-01-01', 'expiry_date': '9999-12-31', 'status': 2}]",,,,[],,,,[]
454,70000045,唯他可可椰子水/菠萝味/330ml,0,0.00450,9999-12-31,2023-01-01,"[{'id': 201, 'goods_id': 454, 'weight': '0.00450', 'from_date': '2023-01-01', 'expiry_date': '9999-12-31', 'status': 2}]",,,,[],,,,[]
453,70000043,唯他可可椰子水/原味/330ml/航空专用,0,0.00450,9999-12-31,2023-01-01,"[{'id': 200, 'goods_id': 453, 'weight': '0.00450', 'from_date': '2023-01-01', 'expiry_date': '9999-12-31', 'status': 2}]",,,,[],,,,[]
452,70000041,唯他可可椰子水/原味/1L/航空专用,0,0.01320,9999-12-31,2023-01-01,"[{'id': 199, 'goods_id': 452, 'weight': '0.01320', 'from_date': '2023-01-01', 'expiry_date': '9999-12-31', 'status': 2}]",,,,[],,,,[]
451,70000128,唯他可可椰子水/凤梨口味/330ml,0,0.00450,9999-12-31,2023-01-01,"[{'id': 198, 'goods_id': 451, 'weight': '0.00450', 'from_date': '2023-01-01', 'expiry_date': '9999-12-31', 'status': 2}]",,,,[],,,,[]
450,70000123,唯他可可椰子水/醇香风味/330ml/利乐瓶装,0,0.00450,9999-12-31,2023-01-01,"[{'id': 197, 'goods_id': 450, 'weight': '0.00450', 'from_date': '2023-01-01', 'expiry_date': '9999-12-31', 'status': 2}]",,,,[],,,,[]
449,70000071,唯他可可椰子水/原味/330ml/天猫专供,0,0.00450,9999-12-31,2023-01-01,"[{'id': 196, 'goods_id': 449, 'weight': '0.00450', 'from_date': '2023-01-01', 'expiry_date': '9999-12-31', 'status': 2}]",,,,[],,,,[]
448,70000002,唯他可可椰子水/原味/330ml,0,0.00450,9999-12-31,2023-01-01,"[{'id': 195, 'goods_id': 448, 'weight': '0.00450', 'from_date': '2023-01-01', 'expiry_date': '9999-12-31', 'status': 2}]",,,,[],,,,[]
447,70000001,唯他可可椰子水/原味/1L,0,0.01320,9999-12-31,2023-01-01,"[{'id': 194, 'goods_id': 447, 'weight': '0.01320', 'from_date': '2023-01-01', 'expiry_date': '9999-12-31', 'status': 2}]",,,,[],,,,[]
446,60000235,果倍爽/樱桃复合果汁/330ML/文案装,0,0.00554,9999-12-31,2023-01-01,"[{'id': 193, 'goods_id': 446, 'weight': '0.00554', 'from_date': '2023-01-01', 'expiry_date': '9999-12-31', 'status': 2}]",,,,[],,,,[]
445,60000234,果倍爽/红葡萄汁/330ML/文案装,0,0.00554,9999-12-31,2023-01-01,"[{'id': 192, 'goods_id': 445, 'weight': '0.00554', 'from_date': '2023-01-01', 'expiry_date': '9999-12-31', 'status': 2}]",,,,[],,,,[]
444,60000233,果倍爽/橙汁/330ML/文案装,0,0.00554,9999-12-31,2023-01-01,"[{'id': 191, 'goods_id': 444, 'weight': '0.00554', 'from_date': '2023-01-01', 'expiry_date': '9999-12-31', 'status': 2}]",,,,[],,,,[]
443,60000022,果倍爽/樱桃复合果汁/330ML,0,0.00554,9999-12-31,2023-01-01,"[{'id': 190, 'goods_id': 443, 'weight': '0.00554', 'from_date': '2023-01-01', 'expiry_date': '9999-12-31', 'status': 2}]",,,,[],,,,[]
442,60000021,果倍爽/红葡萄汁/330ML,0,0.00554,9999-12-31,2023-01-01,"[{'id': 189, 'goods_id': 442, 'weight': '0.00554', 'from_date': '2023-01-01', 'expiry_date': '9999-12-31', 'status': 2}]",,,,[],,,,[]
441,60000020,果倍爽/橙汁/330ML,0,0.00554,9999-12-31,2023-01-01,"[{'id': 188, 'goods_id': 441, 'weight': '0.00554', 'from_date': '2023-01-01', 'expiry_date': '9999-12-31', 'status': 2}]",,,,[],,,,[]
440,60000256,果倍爽/猕猴桃复合果汁/六袋装/200ML/果小包盲盒,0,0.00420,9999-12-31,2023-01-01,"[{'id': 187, 'goods_id': 440, 'weight': '0.00420', 'from_date': '2023-01-01', 'expiry_date': '9999-12-31', 'status': 2}]",,,,[],,,,[]
439,60000255,果倍爽/黑加仑复合果汁/六袋装/200ML/果小包盲盒,0,0.00420,9999-12-31,2023-01-01,"[{'id': 186, 'goods_id': 439, 'weight': '0.00420', 'from_date': '2023-01-01', 'expiry_date': '9999-12-31', 'status': 2}]",,,,[],,,,[]
438,60000254,果倍爽/桃苹果复合果汁/六袋装/200ML/果小包盲盒,0,0.00420,9999-12-31,2023-01-01,"[{'id': 185, 'goods_id': 438, 'weight': '0.00420', 'from_date': '2023-01-01', 'expiry_date': '9999-12-31', 'status': 2}]",,,,[],,,,[]
437,60000253,果倍爽/梨汁/六袋装/200ML/果小包盲盒,0,0.00420,9999-12-31,2023-01-01,"[{'id': 184, 'goods_id': 437, 'weight': '0.00420', 'from_date': '2023-01-01', 'expiry_date': '9999-12-31', 'status': 2}]",,,,[],,,,[]
436,60000252,果倍爽/白葡萄汁/六袋装/200ML/果小包盲盒,0,0.00420,9999-12-31,2023-01-01,"[{'id': 183, 'goods_id': 436, 'weight': '0.00420', 'from_date': '2023-01-01', 'expiry_date': '9999-12-31', 'status': 2}]",,,,[],,,,[]
435,60000251,果倍爽/橙汁/六袋装/200ML/果小包盲盒,0,0.00420,9999-12-31,2023-01-01,"[{'id': 182, 'goods_id': 435, 'weight': '0.00420', 'from_date': '2023-01-01', 'expiry_date': '9999-12-31', 'status': 2}]",,,,[],,,,[]
434,60000217,果倍爽/猕猴桃复合果汁/六袋装/200ML/2020年整箱促销,0,0.00420,9999-12-31,2023-01-01,"[{'id': 181, 'goods_id': 434, 'weight': '0.00420', 'from_date': '2023-01-01', 'expiry_date': '9999-12-31', 'status': 2}]",,,,[],,,,[]
433,60000216,果倍爽/黑加仑复合果汁/六袋装/200ML/2020年整箱促销,0,0.00420,9999-12-31,2023-01-01,"[{'id': 180, 'goods_id': 433, 'weight': '0.00420', 'from_date': '2023-01-01', 'expiry_date': '9999-12-31', 'status': 2}]",,,,[],,,,[]
432,60000215,果倍爽/桃苹果复合果汁/六袋装/200ML/2020年整箱促销,0,0.00420,9999-12-31,2023-01-01,"[{'id': 179, 'goods_id': 432, 'weight': '0.00420', 'from_date': '2023-01-01', 'expiry_date': '9999-12-31', 'status': 2}]",,,,[],,,,[]
431,60000214,果倍爽/梨汁/六袋装/200ML/2020年整箱促销,0,0.00420,9999-12-31,2023-01-01,"[{'id': 178, 'goods_id': 431, 'weight': '0.00420', 'from_date': '2023-01-01', 'expiry_date': '9999-12-31', 'status': 2}]",,,,[],,,,[]
430,60000213,果倍爽/白葡萄汁/六袋装/200ML/2020年整箱促销,0,0.00420,9999-12-31,2023-01-01,"[{'id': 177, 'goods_id': 430, 'weight': '0.00420', 'from_date': '2023-01-01', 'expiry_date': '9999-12-31', 'status': 2}]",,,,[],,,,[]
429,60000211,果倍爽/橙汁/六袋装/200ML/2020年整箱促销,0,0.00420,9999-12-31,2023-01-01,"[{'id': 176, 'goods_id': 429, 'weight': '0.00420', 'from_date': '2023-01-01', 'expiry_date': '9999-12-31', 'status': 2}]",,,,[],,,,[]
428,60000171,果倍爽/橙汁/六袋装/200ML/果小包,0,0.00420,9999-12-31,2023-01-01,"[{'id': 175, 'goods_id': 428, 'weight': '0.00420', 'from_date': '2023-01-01', 'expiry_date': '9999-12-31', 'status': 2}]",,,,[],,,,[]
427,60000221,果倍爽/橙汁/六袋装/200ML/运动版果小包,0,0.00420,9999-12-31,2023-01-01,"[{'id': 174, 'goods_id': 427, 'weight': '0.00420', 'from_date': '2023-01-01', 'expiry_date': '9999-12-31', 'status': 2}]",,,,[],,,,[]
426,60000185,果倍爽/猕猴桃复合果汁/六袋装/200ML/2019开箱有礼,0,0.00420,9999-12-31,2023-01-01,"[{'id': 173, 'goods_id': 426, 'weight': '0.00420', 'from_date': '2023-01-01', 'expiry_date': '9999-12-31', 'status': 2}]",,,,[],,,,[]
425,60000184,果倍爽/黑加仑复合果汁/六袋装/200ML/2019开箱有礼,0,0.00420,9999-12-31,2023-01-01,"[{'id': 172, 'goods_id': 425, 'weight': '0.00420', 'from_date': '2023-01-01', 'expiry_date': '9999-12-31', 'status': 2}]",,,,[],,,,[]
424,60000183,果倍爽/桃苹果复合果汁/六袋装/200ML/2019开箱有礼,0,0.00420,9999-12-31,2023-01-01,"[{'id': 171, 'goods_id': 424, 'weight': '0.00420', 'from_date': '2023-01-01', 'expiry_date': '9999-12-31', 'status': 2}]",,,,[],,,,[]
423,60000182,果倍爽/梨汁/六袋装/200ML/2019开箱有礼,0,0.00420,9999-12-31,2023-01-01,"[{'id': 170, 'goods_id': 423, 'weight': '0.00420', 'from_date': '2023-01-01', 'expiry_date': '9999-12-31', 'status': 2}]",,,,[],,,,[]
422,60000181,果倍爽/白葡萄汁/六袋装/200ML/2019开箱有礼,0,0.00420,9999-12-31,2023-01-01,"[{'id': 169, 'goods_id': 422, 'weight': '0.00420', 'from_date': '2023-01-01', 'expiry_date': '9999-12-31', 'status': 2}]",,,,[],,,,[]
421,60000180,果倍爽/橙汁/六袋装/200ML/2019开箱有礼,0,0.00420,9999-12-31,2023-01-01,"[{'id': 168, 'goods_id': 421, 'weight': '0.00420', 'from_date': '2023-01-01', 'expiry_date': '9999-12-31', 'status': 2}]",,,,[],,,,[]
420,60000091,果倍爽/猕猴桃复合果汁/200ML,0,0.00420,9999-12-31,2023-01-01,"[{'id': 167, 'goods_id': 420, 'weight': '0.00420', 'from_date': '2023-01-01', 'expiry_date': '9999-12-31', 'status': 2}]",,,,[],,,,[]
419,60000090,果倍爽/黑加仑复合果汁/200ML,0,0.00420,9999-12-31,2023-01-01,"[{'id': 166, 'goods_id': 419, 'weight': '0.00420', 'from_date': '2023-01-01', 'expiry_date': '9999-12-31', 'status': 2}]",,,,[],,,,[]
418,60000003,果倍爽/桃苹果复合果汁/200ML,0,0.00420,9999-12-31,2023-01-01,"[{'id': 165, 'goods_id': 418, 'weight': '0.00420', 'from_date': '2023-01-01', 'expiry_date': '9999-12-31', 'status': 2}]",,,,[],,,,[]
417,60000002,果倍爽/梨汁/200ML,0,0.00420,9999-12-31,2023-01-01,"[{'id': 164, 'goods_id': 417, 'weight': '0.00420', 'from_date': '2023-01-01', 'expiry_date': '9999-12-31', 'status': 2}]",,,,[],,,,[]
416,60000001,果倍爽/白葡萄汁/200ML,0,0.00420,9999-12-31,2023-01-01,"[{'id': 163, 'goods_id': 416, 'weight': '0.00420', 'from_date': '2023-01-01', 'expiry_date': '9999-12-31', 'status': 2}]",,,,[],,,,[]
415,60000000,果倍爽/橙汁/200ML,0,0.00420,9999-12-31,2023-01-01,"[{'id': 162, 'goods_id': 415, 'weight': '0.00420', 'from_date': '2023-01-01', 'expiry_date': '9999-12-31', 'status': 2}]",,,,[],,,,[]
414,,战马无糖解酒型试机装,0,0.00495,9999-12-31,2023-01-01,"[{'id': 161, 'goods_id': 414, 'weight': '0.00495', 'from_date': '2023-01-01', 'expiry_date': '9999-12-31', 'status': 2}]",,,,[],,,,[]
413,,战马无糖型试机装,0,0.00495,9999-12-31,2023-01-01,"[{'id': 160, 'goods_id': 413, 'weight': '0.00495', 'from_date': '2023-01-01', 'expiry_date': '9999-12-31', 'status': 2}]",,,,[],,,,[]
412,11000182,战马/180ML/24/罐装/含气/柠檬味,0,0.00498,9999-12-31,2023-01-01,"[{'id': 159, 'goods_id': 412, 'weight': '0.00498', 'from_date': '2023-01-01', 'expiry_date': '9999-12-31', 'status': 2}]",,,,[],,,,[]
411,11000181,战马/180ML/24/罐装/含气/西柚味,0,0.00499,9999-12-31,2023-01-01,"[{'id': 158, 'goods_id': 411, 'weight': '0.00499', 'from_date': '2023-01-01', 'expiry_date': '9999-12-31', 'status': 2}]",,,,[],,,,[]
410,11000180,战马/180ML/24/罐装/含气/白桃味,0,0.00499,9999-12-31,2023-01-01,"[{'id': 157, 'goods_id': 410, 'weight': '0.00499', 'from_date': '2023-01-01', 'expiry_date': '9999-12-31', 'status': 2}]",,,,[],,,,[]
409,11000179,战马/180ML/24/罐装/含气/无糖,0,0.00499,9999-12-31,2023-01-01,"[{'id': 156, 'goods_id': 409, 'weight': '0.00499', 'from_date': '2023-01-01', 'expiry_date': '9999-12-31', 'status': 2}]",,,,[],,,,[]
408,11000164,战马/180ML/6/罐装/玉米低聚肽,0,0.00128,9999-12-31,2023-01-01,"[{'id': 155, 'goods_id': 408, 'weight': '0.00128', 'from_date': '2023-01-01', 'expiry_date': '9999-12-31', 'status': 2}]",,,,[],,,,[]
407,11000163,战马/180ML/6/罐装/大豆肽,0,0.00128,9999-12-31,2023-01-01,"[{'id': 154, 'goods_id': 407, 'weight': '0.00128', 'from_date': '2023-01-01', 'expiry_date': '9999-12-31', 'status': 2}]",,,,[],,,,[]
406,11000162,战马/180ML/6/罐装/浓郁型,0,0.00128,9999-12-31,2023-01-01,"[{'id': 153, 'goods_id': 406, 'weight': '0.00128', 'from_date': '2023-01-01', 'expiry_date': '9999-12-31', 'status': 2}]",,,,[],,,,[]
405,11000161,战马/180ML/6/罐装/柠檬味,0,0.00128,9999-12-31,2023-01-01,"[{'id': 152, 'goods_id': 405, 'weight': '0.00128', 'from_date': '2023-01-01', 'expiry_date': '9999-12-31', 'status': 2}]",,,,[],,,,[]
404,11000160,战马/180ML/6/罐装/西柚味,0,0.00128,9999-12-31,2023-01-01,"[{'id': 151, 'goods_id': 404, 'weight': '0.00128', 'from_date': '2023-01-01', 'expiry_date': '9999-12-31', 'status': 2}]",,,,[],,,,[]
403,11000159,战马/180ML/6/罐装/白桃味,0,0.00128,9999-12-31,2023-01-01,"[{'id': 150, 'goods_id': 403, 'weight': '0.00128', 'from_date': '2023-01-01', 'expiry_date': '9999-12-31', 'status': 2}]",,,,[],,,,[]
402,11000221,战马/310ML/24/罐装/广东云南促销-篮球,0,0.00840,9999-12-31,2023-01-01,"[{'id': 149, 'goods_id': 402, 'weight': '0.00840', 'from_date': '2023-01-01', 'expiry_date': '9999-12-31', 'status': 2}]",,,,[],,,,[]
401,11000214,战马/310ML/24/罐装/2023/穿越火线联名版,0,0.00840,9999-12-31,2023-01-01,"[{'id': 148, 'goods_id': 401, 'weight': '0.00840', 'from_date': '2023-01-01', 'expiry_date': '9999-12-31', 'status': 2}]",,,,[],,,,[]
400,11000208,战马/310ML/24/罐装/常规-LPL女版,0,0.00840,9999-12-31,2023-01-01,"[{'id': 147, 'goods_id': 400, 'weight': '0.00840', 'from_date': '2023-01-01', 'expiry_date': '9999-12-31', 'status': 2}]",,,,[],,,,[]
399,11000207,战马/310ML/24/罐装/广深东扫码-LPL女版,0,0.00840,9999-12-31,2023-01-01,"[{'id': 146, 'goods_id': 399, 'weight': '0.00840', 'from_date': '2023-01-01', 'expiry_date': '9999-12-31', 'status': 2}]",,,,[],,,,[]
398,11000206,战马/310ML/24/罐装/1元乐享2023-LPL女版,0,0.00840,9999-12-31,2023-01-01,"[{'id': 145, 'goods_id': 398, 'weight': '0.00840', 'from_date': '2023-01-01', 'expiry_date': '9999-12-31', 'status': 2}]",,,,[],,,,[]
397,11000205,战马/310ML/24/罐装/常规-LPL男版,0,0.00840,9999-12-31,2023-01-01,"[{'id': 144, 'goods_id': 397, 'weight': '0.00840', 'from_date': '2023-01-01', 'expiry_date': '9999-12-31', 'status': 2}]",,,,[],,,,[]
396,11000204,战马/310ML/24/罐装/广深东扫码-LPL男版,0,0.00840,9999-12-31,2023-01-01,"[{'id': 143, 'goods_id': 396, 'weight': '0.00840', 'from_date': '2023-01-01', 'expiry_date': '9999-12-31', 'status': 2}]",,,,[],,,,[]
395,11000203,战马/310ML/24/罐装/1元乐享2023-LPL男版,0,0.00840,9999-12-31,2023-01-01,"[{'id': 142, 'goods_id': 395, 'weight': '0.00840', 'from_date': '2023-01-01', 'expiry_date': '9999-12-31', 'status': 2}]",,,,[],,,,[]
394,11000202,战马/310ML/24/罐装/常规-篮球,0,0.00840,9999-12-31,2023-01-01,"[{'id': 141, 'goods_id': 394, 'weight': '0.00840', 'from_date': '2023-01-01', 'expiry_date': '9999-12-31', 'status': 2}]",,,,[],,,,[]
393,11000201,战马/310ML/24/罐装/广深东扫码-篮球,0,0.00840,9999-12-31,2023-01-01,"[{'id': 140, 'goods_id': 393, 'weight': '0.00840', 'from_date': '2023-01-01', 'expiry_date': '9999-12-31', 'status': 2}]",,,,[],,,,[]
392,11000200,战马/310ML/24/罐装/1元乐享2023-篮球,0,0.00840,9999-12-31,2023-01-01,"[{'id': 139, 'goods_id': 392, 'weight': '0.00840', 'from_date': '2023-01-01', 'expiry_date': '9999-12-31', 'status': 2}]",,,,[],,,,[]
391,11000178,战马/310ML/24/罐装/2022/常规-LPL男版,0,0.00840,9999-12-31,2023-01-01,"[{'id': 138, 'goods_id': 391, 'weight': '0.00840', 'from_date': '2023-01-01', 'expiry_date': '9999-12-31', 'status': 2}]",,,,[],,,,[]
390,11000177,战马/310ML/24/罐装/2022/1元即享-LPL女版,0,0.00840,9999-12-31,2023-01-01,"[{'id': 137, 'goods_id': 390, 'weight': '0.00840', 'from_date': '2023-01-01', 'expiry_date': '9999-12-31', 'status': 2}]",,,,[],,,,[]
389,11000176,战马/310ML/24/罐装/2022/1元即享-LPL男版,0,0.00840,9999-12-31,2023-01-01,"[{'id': 136, 'goods_id': 389, 'weight': '0.00840', 'from_date': '2023-01-01', 'expiry_date': '9999-12-31', 'status': 2}]",,,,[],,,,[]
388,11000174,战马/310ML/24/罐装/2022/常规-LPL女版,0,0.00840,9999-12-31,2023-01-01,"[{'id': 135, 'goods_id': 388, 'weight': '0.00840', 'from_date': '2023-01-01', 'expiry_date': '9999-12-31', 'status': 2}]",,,,[],,,,[]
387,11000173,战马/310ML/24/罐装/2022/常规-篮球,0,0.00840,9999-12-31,2023-01-01,"[{'id': 134, 'goods_id': 387, 'weight': '0.00840', 'from_date': '2023-01-01', 'expiry_date': '9999-12-31', 'status': 2}]",,,,[],,,,[]
386,11000172,战马/310ML/24/罐装/2022/1元即享-街舞,0,0.00840,9999-12-31,2023-01-01,"[{'id': 133, 'goods_id': 386, 'weight': '0.00840', 'from_date': '2023-01-01', 'expiry_date': '9999-12-31', 'status': 2}]",,,,[],,,,[]
385,11000171,战马/310ML/24/罐装/2022/1元即享-篮球,0,0.00840,9999-12-31,2023-01-01,"[{'id': 132, 'goods_id': 385, 'weight': '0.00840', 'from_date': '2023-01-01', 'expiry_date': '9999-12-31', 'status': 2}]",,,,[],,,,[]
384,11000156,战马/310ML/24/罐装/2021/和平精英/扫码红包,0,0.00840,9999-12-31,2023-01-01,"[{'id': 131, 'goods_id': 384, 'weight': '0.00840', 'from_date': '2023-01-01', 'expiry_date': '9999-12-31', 'status': 2}]",,,,[],,,,[]
383,11000155,战马/310ML/24/罐装/2021/和平精英/礼上有礼,0,0.00840,9999-12-31,2023-01-01,"[{'id': 130, 'goods_id': 383, 'weight': '0.00840', 'from_date': '2023-01-01', 'expiry_date': '9999-12-31', 'status': 2}]",,,,[],,,,[]
382,11000153,战马/310ML/24/罐装/2021/扫码红包,0,0.00840,9999-12-31,2023-01-01,"[{'id': 129, 'goods_id': 382, 'weight': '0.00840', 'from_date': '2023-01-01', 'expiry_date': '9999-12-31', 'status': 2}]",,,,[],,,,[]
381,11000152,战马/310ML/24/罐装/2021/礼上有礼,0,0.00840,9999-12-31,2023-01-01,"[{'id': 128, 'goods_id': 381, 'weight': '0.00840', 'from_date': '2023-01-01', 'expiry_date': '9999-12-31', 'status': 2}]",,,,[],,,,[]
380,11000011,战马/310ML/24/罐装,0,0.00840,9999-12-31,2023-01-01,"[{'id': 127, 'goods_id': 380, 'weight': '0.00840', 'from_date': '2023-01-01', 'expiry_date': '9999-12-31', 'status': 2}]",,,,[],,,,[]
379,11000080,战马/310ML/24/罐装/赠饮,0,0.00840,9999-12-31,2023-01-01,"[{'id': 126, 'goods_id': 379, 'weight': '0.00840', 'from_date': '2023-01-01', 'expiry_date': '9999-12-31', 'status': 2}]",,,,[],,,,[]
378,11000140,战马/310ML/24/罐装/2020/箱内码,0,0.00840,9999-12-31,2023-01-01,"[{'id': 125, 'goods_id': 378, 'weight': '0.00840', 'from_date': '2023-01-01', 'expiry_date': '9999-12-31', 'status': 2}]",,,,[],,,,[]
377,11000096,战马/310ML/24/罐装/2020/1元畅享,0,0.00840,9999-12-31,2023-01-01,"[{'id': 124, 'goods_id': 377, 'weight': '0.00840', 'from_date': '2023-01-01', 'expiry_date': '9999-12-31', 'status': 2}]",,,,[],,,,[]
376,11000086,战马/310ML/24/罐装/2019/壹元乐享二阶段,0,0.00840,9999-12-31,2023-01-01,"[{'id': 123, 'goods_id': 376, 'weight': '0.00840', 'from_date': '2023-01-01', 'expiry_date': '9999-12-31', 'status': 2}]",,,,[],,,,[]
375,11000131,战马/310ML/24/罐装/2020/扫码红包,0,0.00840,9999-12-31,2023-01-01,"[{'id': 122, 'goods_id': 375, 'weight': '0.00840', 'from_date': '2023-01-01', 'expiry_date': '9999-12-31', 'status': 2}]",,,,[],,,,[]
374,11000130,战马/310ML/24/罐装/2020/1元轻松享,0,0.00840,9999-12-31,2023-01-01,"[{'id': 121, 'goods_id': 374, 'weight': '0.00840', 'from_date': '2023-01-01', 'expiry_date': '9999-12-31', 'status': 2}]",,,,[],,,,[]
373,11000063,战马/310ML/24/罐装/2019壹元乐享,0,0.00840,9999-12-31,2023-01-01,"[{'id': 120, 'goods_id': 373, 'weight': '0.00840', 'from_date': '2023-01-01', 'expiry_date': '9999-12-31', 'status': 2}]",,,,[],,,,[]
372,11000012,战马/310ML/24/罐装/2018壹元乐享,0,0.00840,9999-12-31,2023-01-01,"[{'id': 119, 'goods_id': 372, 'weight': '0.00840', 'from_date': '2023-01-01', 'expiry_date': '9999-12-31', 'status': 2}]",,,,[],,,,[]
371,11000143,战马/310ML/24/罐装/出口美国,0,0.00840,9999-12-31,2023-01-01,"[{'id': 118, 'goods_id': 371, 'weight': '0.00840', 'from_date': '2023-01-01', 'expiry_date': '9999-12-31', 'status': 2}]",,,,[],,,,[]
370,11000092,战马/310ML/24/罐装/出口韩国,0,0.00840,9999-12-31,2023-01-01,"[{'id': 117, 'goods_id': 370, 'weight': '0.00840', 'from_date': '2023-01-01', 'expiry_date': '9999-12-31', 'status': 2}]",,,,[],,,,[]
369,11000218,战马/500ML/24/含气,0,0.01350,9999-12-31,2023-01-01,"[{'id': 116, 'goods_id': 369, 'weight': '0.01350', 'from_date': '2023-01-01', 'expiry_date': '9999-12-31', 'status': 2}]",,,,[],,,,[]
368,11000217,战马/500ML/24/原味,0,0.01370,9999-12-31,2023-01-01,"[{'id': 115, 'goods_id': 368, 'weight': '0.01370', 'from_date': '2023-01-01', 'expiry_date': '9999-12-31', 'status': 2}]",,,,[],,,,[]
367,11000213,战马/400ML/15/不含气/常规-LPL女版,0,0.00730,9999-12-31,2023-01-01,"[{'id': 114, 'goods_id': 367, 'weight': '0.00730', 'from_date': '2023-01-01', 'expiry_date': '9999-12-31', 'status': 2}]",,,,[],,,,[]
366,11000212,战马/400ML/15/不含气/常规-LPL男版,0,0.00730,9999-12-31,2023-01-01,"[{'id': 113, 'goods_id': 366, 'weight': '0.00730', 'from_date': '2023-01-01', 'expiry_date': '9999-12-31', 'status': 2}]",,,,[],,,,[]
365,11000211,战马/400ML/15/不含气/2023/1元乐享-LPL女版,0,0.00730,9999-12-31,2023-01-01,"[{'id': 112, 'goods_id': 365, 'weight': '0.00730', 'from_date': '2023-01-01', 'expiry_date': '9999-12-31', 'status': 2}]",,,,[],,,,[]
364,11000210,战马/400ML/15/不含气/2023/1元乐享-LPL男版,0,0.00730,9999-12-31,2023-01-01,"[{'id': 111, 'goods_id': 364, 'weight': '0.00730', 'from_date': '2023-01-01', 'expiry_date': '9999-12-31', 'status': 2}]",,,,[],,,,[]
363,11000184,战马/400ML/15/不含气/2022/1元即享-LPL女版,0,0.00730,9999-12-31,2023-01-01,"[{'id': 110, 'goods_id': 363, 'weight': '0.00730', 'from_date': '2023-01-01', 'expiry_date': '9999-12-31', 'status': 2}]",,,,[],,,,[]
362,11000183,战马/400ML/15/不含气/2022/1元即享-LPL男版,0,0.00730,9999-12-31,2023-01-01,"[{'id': 109, 'goods_id': 362, 'weight': '0.00730', 'from_date': '2023-01-01', 'expiry_date': '9999-12-31', 'status': 2}]",,,,[],,,,[]
361,11000094,战马/400ML/15/不含气/出口韩国,0,0.00730,9999-12-31,2023-01-01,"[{'id': 108, 'goods_id': 361, 'weight': '0.00730', 'from_date': '2023-01-01', 'expiry_date': '9999-12-31', 'status': 2}]",,,,[],,,,[]
360,11000151,战马/400ML/15/不含气/2021/扫码红包,0,0.00730,9999-12-31,2023-01-01,"[{'id': 107, 'goods_id': 360, 'weight': '0.00730', 'from_date': '2023-01-01', 'expiry_date': '9999-12-31', 'status': 2}]",,,,[],,,,[]
359,11000150,战马/400ML/15/不含气/2021/礼上有礼,0,0.00730,9999-12-31,2023-01-01,"[{'id': 106, 'goods_id': 359, 'weight': '0.00730', 'from_date': '2023-01-01', 'expiry_date': '9999-12-31', 'status': 2}]",,,,[],,,,[]
358,11000100,战马/400ML/15/不含气/2020/1元畅享,0,0.00730,9999-12-31,2023-01-01,"[{'id': 105, 'goods_id': 358, 'weight': '0.00730', 'from_date': '2023-01-01', 'expiry_date': '9999-12-31', 'status': 2}]",,,,[],,,,[]
357,11000083,战马/400ML/15/不含气/2019壹元乐享,0,0.00730,9999-12-31,2023-01-01,"[{'id': 104, 'goods_id': 357, 'weight': '0.00730', 'from_date': '2023-01-01', 'expiry_date': '9999-12-31', 'status': 2}]",,,,[],,,,[]
356,11000014,战马/400ML/15/不含气/2018壹元乐享,0,0.00730,9999-12-31,2023-01-01,"[{'id': 103, 'goods_id': 356, 'weight': '0.00730', 'from_date': '2023-01-01', 'expiry_date': '9999-12-31', 'status': 2}]",,,,[],,,,[]
355,11000084,战马/400ML/15/含气/2019壹元乐享,0,0.00730,9999-12-31,2023-01-01,"[{'id': 102, 'goods_id': 355, 'weight': '0.00730', 'from_date': '2023-01-01', 'expiry_date': '9999-12-31', 'status': 2}]",,,,[],,,,[]
354,11000015,战马/400ML/15/含气/2018壹元乐享,0,0.00730,9999-12-31,2023-01-01,"[{'id': 101, 'goods_id': 354, 'weight': '0.00730', 'from_date': '2023-01-01', 'expiry_date': '9999-12-31', 'status': 2}]",,,,[],,,,[]
353,11000046,战马/400ML/15/不含气/赠饮,0,0.00730,9999-12-31,2023-01-01,"[{'id': 100, 'goods_id': 353, 'weight': '0.00730', 'from_date': '2023-01-01', 'expiry_date': '9999-12-31', 'status': 2}]",,,,[],,,,[]
352,11000047,战马/400ML/15/含气/赠饮,0,0.00730,9999-12-31,2023-01-01,"[{'id': 99, 'goods_id': 352, 'weight': '0.00730', 'from_date': '2023-01-01', 'expiry_date': '9999-12-31', 'status': 2}]",,,,[],,,,[]
351,11000088,战马/400ML/15/不含气/2019要疯产品,0,0.00730,9999-12-31,2023-01-01,"[{'id': 98, 'goods_id': 351, 'weight': '0.00730', 'from_date': '2023-01-01', 'expiry_date': '9999-12-31', 'status': 2}]",,,,[],,,,[]
350,11000040,战马/400ML/15/含气/战马要疯,0,0.00730,9999-12-31,2023-01-01,"[{'id': 97, 'goods_id': 350, 'weight': '0.00730', 'from_date': '2023-01-01', 'expiry_date': '9999-12-31', 'status': 2}]",,,,[],,,,[]
349,11000112,战马/400ML/15/含气/2020/1元轻松享,0,0.00730,9999-12-31,2023-01-01,"[{'id': 96, 'goods_id': 349, 'weight': '0.00730', 'from_date': '2023-01-01', 'expiry_date': '9999-12-31', 'status': 2}]",,,,[],,,,[]
348,11000114,战马/400ML/15/含气/2020/扫码红包,0,0.00730,9999-12-31,2023-01-01,"[{'id': 95, 'goods_id': 348, 'weight': '0.00730', 'from_date': '2023-01-01', 'expiry_date': '9999-12-31', 'status': 2}]",,,,[],,,,[]
347,11000113,战马/400ML/15/不含气/2020/1元轻松享,0,0.00730,9999-12-31,2023-01-01,"[{'id': 94, 'goods_id': 347, 'weight': '0.00730', 'from_date': '2023-01-01', 'expiry_date': '9999-12-31', 'status': 2}]",,,,[],,,,[]
346,11000115,战马/400ML/15/不含气/2020/扫码红包,0,0.00730,9999-12-31,2023-01-01,"[{'id': 93, 'goods_id': 346, 'weight': '0.00730', 'from_date': '2023-01-01', 'expiry_date': '9999-12-31', 'status': 2}]",,,,[],,,,[]
345,11000002,战马/400ML/15/含气,0,0.00730,9999-12-31,2023-01-01,"[{'id': 92, 'goods_id': 345, 'weight': '0.00730', 'from_date': '2023-01-01', 'expiry_date': '9999-12-31', 'status': 2}]",,,,[],,,,[]
344,11000001,战马/400ML/15/不含气,0,0.00730,9999-12-31,2023-01-01,"[{'id': 91, 'goods_id': 344, 'weight': '0.00730', 'from_date': '2023-01-01', 'expiry_date': '9999-12-31', 'status': 2}]",,,,[],,,,[]
343,,红牛强化型十二罐常规礼盒,0,0.00370,9999-12-31,2023-01-01,"[{'id': 90, 'goods_id': 343, 'weight': '0.00370', 'from_date': '2023-01-01', 'expiry_date': '9999-12-31', 'status': 2}]",,,,[],,,,[]
342,,红牛普通型十二罐常规礼盒,0,0.00370,9999-12-31,2023-01-01,"[{'id': 89, 'goods_id': 342, 'weight': '0.00370', 'from_date': '2023-01-01', 'expiry_date': '9999-12-31', 'status': 2}]",,,,[],,,,[]
341,10001044,红牛维生素功能饮料/普通型/250ML/24/29周年/广东箱内码一期/2024,0,0.00740,9999-12-31,2024-04-01,"[{'id': 88, 'goods_id': 341, 'weight': '0.00740', 'from_date': '2023-01-01', 'expiry_date': '2024-03-31', 'status': 1}, {'id': 321, 'goods_id': 341, 'weight': '0.00740', 'from_date': '2024-04-01', 'expiry_date': '9999-12-31', 'status': 2}]",,,,[],,,,[]
340,10001043,红牛维生素功能饮料/普通型/250ML/24/29周年/两元纸箱/台州专供一期,0,0.00740,9999-12-31,2024-04-01,"[{'id': 87, 'goods_id': 340, 'weight': '0.00740', 'from_date': '2023-01-01', 'expiry_date': '2024-03-31', 'status': 1}, {'id': 320, 'goods_id': 340, 'weight': '0.00740', 'from_date': '2024-04-01', 'expiry_date': '9999-12-31', 'status': 2}]",,,,[],,,,[]
339,10001035,红牛维生素功能饮料/牛磺酸强化型/250ml/24/29周年纪念装,0,0.00740,9999-12-31,2024-04-01,"[{'id': 86, 'goods_id': 339, 'weight': '0.00740', 'from_date': '2023-01-01', 'expiry_date': '2024-03-31', 'status': 1}, {'id': 319, 'goods_id': 339, 'weight': '0.00740', 'from_date': '2024-04-01', 'expiry_date': '9999-12-31', 'status': 2}]",,,,[],,,,[]
338,10001034,红牛维生素功能饮料/普通型/250ML/六罐装/29周年,0,0.00185,9999-12-31,2024-04-01,"[{'id': 85, 'goods_id': 338, 'weight': '0.00185', 'from_date': '2023-01-01', 'expiry_date': '2024-03-31', 'status': 1}, {'id': 318, 'goods_id': 338, 'weight': '0.00185', 'from_date': '2024-04-01', 'expiry_date': '9999-12-31', 'status': 2}]",,,,[],,,,[]
337,10001033,红牛维生素功能饮料/普通型/250ML/24/29周年纪念装,0,0.00740,9999-12-31,2024-04-01,"[{'id': 84, 'goods_id': 337, 'weight': '0.00740', 'from_date': '2023-01-01', 'expiry_date': '2024-03-31', 'status': 1}, {'id': 317, 'goods_id': 337, 'weight': '0.00740', 'from_date': '2024-04-01', 'expiry_date': '9999-12-31', 'status': 2}]",,,,[],,,,[]
336,10001029,红牛/250ML/24/28周年纪念装/广东促销二期/2023,0,0.00740,9999-12-31,2023-01-01,"[{'id': 83, 'goods_id': 336, 'weight': '0.00740', 'from_date': '2023-01-01', 'expiry_date': '9999-12-31', 'status': 2}]",,,,[],,,,[]
335,10001028,红牛/250ML/24/28周年纪念装/两元促销/台州专供三期,0,0.00740,9999-12-31,2023-01-01,"[{'id': 82, 'goods_id': 335, 'weight': '0.00740', 'from_date': '2023-01-01', 'expiry_date': '9999-12-31', 'status': 2}]",,,,[],,,,[]
334,10001025,红牛/普通型/250ML/24/2023普通装箱内码二期,0,0.00740,9999-12-31,2023-01-01,"[{'id': 81, 'goods_id': 334, 'weight': '0.00740', 'from_date': '2023-01-01', 'expiry_date': '9999-12-31', 'status': 2}]",,,,[],,,,[]
333,10001024,红牛/250ML/24/28周年纪念装/两元促销/台州专供二期,0,0.00740,9999-12-31,2023-01-01,"[{'id': 80, 'goods_id': 333, 'weight': '0.00740', 'from_date': '2023-01-01', 'expiry_date': '9999-12-31', 'status': 2}]",,,,[],,,,[]
332,10001017,红牛/250ML/24/28周年普通型-含箱内码/2023,0,0.00740,9999-12-31,2023-01-01,"[{'id': 79, 'goods_id': 332, 'weight': '0.00740', 'from_date': '2023-01-01', 'expiry_date': '9999-12-31', 'status': 2}]",,,,[],,,,[]
331,10001020,红牛/普通型/250ML/24/广东促销/2023,0,0.00740,9999-12-31,2023-01-01,"[{'id': 78, 'goods_id': 331, 'weight': '0.00740', 'from_date': '2023-01-01', 'expiry_date': '9999-12-31', 'status': 2}]",,,,[],,,,[]
330,10001016,红牛/普通型/250ML/24/扫码促销-含箱内码/2023,0,0.00740,9999-12-31,2023-01-01,"[{'id': 77, 'goods_id': 330, 'weight': '0.00740', 'from_date': '2023-01-01', 'expiry_date': '9999-12-31', 'status': 2}]",,,,[],,,,[]
329,10001015,红牛/250ML/扫码促销/六罐装/2023,0,0.00185,9999-12-31,2023-01-01,"[{'id': 76, 'goods_id': 329, 'weight': '0.00185', 'from_date': '2023-01-01', 'expiry_date': '9999-12-31', 'status': 2}]",,,,[],,,,[]
328,10001019,红牛/普通型/250ML/24/1元换购-藏区/2023,0,0.00740,9999-12-31,2023-01-01,"[{'id': 75, 'goods_id': 328, 'weight': '0.00740', 'from_date': '2023-01-01', 'expiry_date': '9999-12-31', 'status': 2}]",,,,[],,,,[]
327,10001018,红牛/普通型/250ML/24/1元换购/2023,0,0.00740,9999-12-31,2023-01-01,"[{'id': 74, 'goods_id': 327, 'weight': '0.00740', 'from_date': '2023-01-01', 'expiry_date': '9999-12-31', 'status': 2}]",,,,[],,,,[]
326,10001014,红牛/普通型/250ML/24/扫码促销/2023,0,0.00740,9999-12-31,2023-01-01,"[{'id': 73, 'goods_id': 326, 'weight': '0.00740', 'from_date': '2023-01-01', 'expiry_date': '9999-12-31', 'status': 2}]",,,,[],,,,[]
325,10001013,红牛/250ML/24/扫码促销/两元促销/台州专供,0,0.00740,9999-12-31,2023-01-01,"[{'id': 72, 'goods_id': 325, 'weight': '0.00740', 'from_date': '2023-01-01', 'expiry_date': '9999-12-31', 'status': 2}]",,,,[],,,,[]
324,10001003,红牛/强化型/250ml/蓝色/24/28周年,0,0.00740,9999-12-31,2023-01-01,"[{'id': 71, 'goods_id': 324, 'weight': '0.00740', 'from_date': '2023-01-01', 'expiry_date': '9999-12-31', 'status': 2}]",112.80,2027-04-30,2023-01-02,"[{'id': 10, 'goods_id': 324, 'price': '112.80', 'from_date': '2023-01-02', 'expiry_date': '2027-04-30', 'status': 2}]",,,,[]
323,10001001,红牛/普通型/250ML/六罐装/28周年,0,0.00185,9999-12-31,2023-01-01,"[{'id': 70, 'goods_id': 323, 'weight': '0.00185', 'from_date': '2023-01-01', 'expiry_date': '9999-12-31', 'status': 2}]",,,,[],,,,[]
322,10001000,红牛/250ML/24/28周年纪念装,0,0.00740,9999-12-31,2023-01-01,"[{'id': 69, 'goods_id': 322, 'weight': '0.00740', 'from_date': '2023-01-01', 'expiry_date': '9999-12-31', 'status': 2}]",,,,[],,,,[]
321,10000998,红牛/250ML/24/28周年纪念装/两元促销/台州专供,0,0.00740,9999-12-31,2023-01-01,"[{'id': 68, 'goods_id': 321, 'weight': '0.00740', 'from_date': '2023-01-01', 'expiry_date': '9999-12-31', 'status': 2}]",,,,[],,,,[]
320,10000997,红牛/250ML/24/27周年版/两元促销/台州专供,0,0.00740,9999-12-31,2023-01-01,"[{'id': 67, 'goods_id': 320, 'weight': '0.00740', 'from_date': '2023-01-01', 'expiry_date': '9999-12-31', 'status': 2}]",,,,[],,,,[]
319,10001031,红牛维生素功能饮料/普通型/250ML/12/2024开门红加大礼盒,0,0.00370,9999-12-31,2024-04-01,"[{'id': 66, 'goods_id': 319, 'weight': '0.00370', 'from_date': '2023-01-01', 'expiry_date': '2024-03-31', 'status': 1}, {'id': 316, 'goods_id': 319, 'weight': '0.00370', 'from_date': '2024-04-01', 'expiry_date': '9999-12-31', 'status': 2}]",,,,[],,,,[]
318,10001030,红牛维生素功能饮料/普通型/250ML/12/2024开门红礼盒,0,0.00370,9999-12-31,2024-04-01,"[{'id': 65, 'goods_id': 318, 'weight': '0.00370', 'from_date': '2023-01-01', 'expiry_date': '2024-03-31', 'status': 1}, {'id': 315, 'goods_id': 318, 'weight': '0.00370', 'from_date': '2024-04-01', 'expiry_date': '9999-12-31', 'status': 2}]",,,,[],,,,[]
317,10000994,红牛/250ML/12/2023开门红加大礼盒,0,0.00370,9999-12-31,2023-01-01,"[{'id': 64, 'goods_id': 317, 'weight': '0.00370', 'from_date': '2023-01-01', 'expiry_date': '9999-12-31', 'status': 2}]",,,,[],,,,[]
316,10000993,红牛/250ML/12/2023开门红礼盒,0,0.00370,9999-12-31,2023-01-01,"[{'id': 63, 'goods_id': 316, 'weight': '0.00370', 'from_date': '2023-01-01', 'expiry_date': '9999-12-31', 'status': 2}]",,,,[],,,,[]
315,10000978,红牛/普通型/250ML/24/2022普通装箱内码2期,0,0.00740,9999-12-31,2023-01-01,"[{'id': 62, 'goods_id': 315, 'weight': '0.00740', 'from_date': '2023-01-01', 'expiry_date': '9999-12-31', 'status': 2}]",,,,[],,,,[]
314,10000962,红牛/普通型/250ML/24/1元乐享/2022,0,0.00740,9999-12-31,2023-01-01,"[{'id': 61, 'goods_id': 314, 'weight': '0.00740', 'from_date': '2023-01-01', 'expiry_date': '9999-12-31', 'status': 2}]",,,,[],,,,[]
313,10000961,红牛/普通型/250ML/24/广东促销/2022,0,0.00740,9999-12-31,2023-01-01,"[{'id': 60, 'goods_id': 313, 'weight': '0.00740', 'from_date': '2023-01-01', 'expiry_date': '9999-12-31', 'status': 2}]",,,,[],,,,[]
312,10000960,红牛/250ML/扫码促销/六罐装/缩膜装/2022,0,0.00185,9999-12-31,2023-01-01,"[{'id': 59, 'goods_id': 312, 'weight': '0.00185', 'from_date': '2023-01-01', 'expiry_date': '9999-12-31', 'status': 2}]",,,,[],,,,[]
311,10000959,红牛/普通型/250ML/24/2022普通装箱内码,0,0.00740,9999-12-31,2023-01-01,"[{'id': 58, 'goods_id': 311, 'weight': '0.00740', 'from_date': '2023-01-01', 'expiry_date': '9999-12-31', 'status': 2}]",,,,[],,,,[]
310,10000957,红牛/普通型/250ML/24/扫码促销-含箱内码/2022,0,0.00740,9999-12-31,2023-01-01,"[{'id': 57, 'goods_id': 310, 'weight': '0.00740', 'from_date': '2023-01-01', 'expiry_date': '9999-12-31', 'status': 2}]",,,,[],,,,[]
309,10000955,红牛/普通型/250ML/24/扫码促销/2022,0,0.00740,9999-12-31,2023-01-01,"[{'id': 56, 'goods_id': 309, 'weight': '0.00740', 'from_date': '2023-01-01', 'expiry_date': '9999-12-31', 'status': 2}]",,,,[],,,,[]
308,10000945,红牛/强化型/250ml/蓝色/24/27周年,0,0.00740,9999-12-31,2023-01-01,"[{'id': 55, 'goods_id': 308, 'weight': '0.00740', 'from_date': '2023-01-01', 'expiry_date': '9999-12-31', 'status': 2}]",,,,[],,,,[]
307,10000944,红牛/普通型/250ML/六罐装/27周年,0,0.00185,9999-12-31,2023-01-01,"[{'id': 54, 'goods_id': 307, 'weight': '0.00185', 'from_date': '2023-01-01', 'expiry_date': '9999-12-31', 'status': 2}]",,,,[],,,,[]
306,10000943,红牛/250ML/24/27周年纪念装,0,0.00740,9999-12-31,2023-01-01,"[{'id': 53, 'goods_id': 306, 'weight': '0.00740', 'from_date': '2023-01-01', 'expiry_date': '9999-12-31', 'status': 2}]",,,,[],,,,[]
305,10000938,红牛/250ML/12/2022开门红加大礼盒,0,0.00370,9999-12-31,2023-01-01,"[{'id': 52, 'goods_id': 305, 'weight': '0.00370', 'from_date': '2023-01-01', 'expiry_date': '9999-12-31', 'status': 2}]",,,,[],,,,[]
304,10000937,红牛/250ML/12/2022开门红礼盒,0,0.00370,9999-12-31,2023-01-01,"[{'id': 51, 'goods_id': 304, 'weight': '0.00370', 'from_date': '2023-01-01', 'expiry_date': '9999-12-31', 'status': 2}]",,,,[],,,,[]
303,10000932,红牛/普通型/250ML/24/普通箱内码促销/2021,0,0.00740,9999-12-31,2023-01-01,"[{'id': 50, 'goods_id': 303, 'weight': '0.00740', 'from_date': '2023-01-01', 'expiry_date': '9999-12-31', 'status': 2}]",,,,[],,,,[]
302,10000931,红牛/普通型/250ML/24/箱内码/电子标签/2021,0,0.00740,9999-12-31,2023-01-01,"[{'id': 49, 'goods_id': 302, 'weight': '0.00740', 'from_date': '2023-01-01', 'expiry_date': '9999-12-31', 'status': 2}]",,,,[],,,,[]
301,10000928,红牛/250ML/12/2021双节礼盒,0,0.00370,9999-12-31,2023-01-01,"[{'id': 48, 'goods_id': 301, 'weight': '0.00370', 'from_date': '2023-01-01', 'expiry_date': '9999-12-31', 'status': 2}]",,,,[],,,,[]
300,10000914,红牛/250ML/2021/扫码促销/六罐装/缩膜装,0,0.00185,9999-12-31,2023-01-01,"[{'id': 47, 'goods_id': 300, 'weight': '0.00185', 'from_date': '2023-01-01', 'expiry_date': '9999-12-31', 'status': 2}]",,,,[],,,,[]
299,10000919,红牛/普通型/250ML/24/1元享红牛/2021,0,0.00740,9999-12-31,2023-01-01,"[{'id': 46, 'goods_id': 299, 'weight': '0.00740', 'from_date': '2023-01-01', 'expiry_date': '9999-12-31', 'status': 2}]",,,,[],,,,[]
298,10000917,红牛/普通型/250ML/24/广东促销/2021,0,0.00740,9999-12-31,2023-01-01,"[{'id': 45, 'goods_id': 298, 'weight': '0.00740', 'from_date': '2023-01-01', 'expiry_date': '9999-12-31', 'status': 2}]",,,,[],,,,[]
297,10000916,红牛/普通型/250ML/24/广东促销-非电子标签/2021,0,0.00740,9999-12-31,2023-01-01,"[{'id': 44, 'goods_id': 297, 'weight': '0.00740', 'from_date': '2023-01-01', 'expiry_date': '9999-12-31', 'status': 2}]",,,,[],,,,[]
296,10000915,红牛/普通型/250ML/24/扫码促销-箱内码/2021,0,0.00740,9999-12-31,2023-01-01,"[{'id': 43, 'goods_id': 296, 'weight': '0.00740', 'from_date': '2023-01-01', 'expiry_date': '9999-12-31', 'status': 2}]",,,,[],,,,[]
295,10000913,红牛/普通型/250ML/24/扫码促销/2021,0,0.00740,9999-12-31,2023-01-01,"[{'id': 42, 'goods_id': 295, 'weight': '0.00740', 'from_date': '2023-01-01', 'expiry_date': '9999-12-31', 'status': 2}]",,,,[],,,,[]
294,10000845,红牛/250ML/2020/1元轻松享/六罐装/缩膜装,0,0.00185,9999-12-31,2023-01-01,"[{'id': 41, 'goods_id': 294, 'weight': '0.00185', 'from_date': '2023-01-01', 'expiry_date': '9999-12-31', 'status': 2}]",,,,[],,,,[]
293,10000843,红牛/250ML/2020/扫码促销/六罐装/缩膜装,0,0.00185,9999-12-31,2023-01-01,"[{'id': 40, 'goods_id': 293, 'weight': '0.00185', 'from_date': '2023-01-01', 'expiry_date': '9999-12-31', 'status': 2}]",,,,[],,,,[]
292,10000788,红牛/普通型/250ML/2019壹元再享/六罐装/缩膜装,0,0.00185,9999-12-31,2023-01-01,"[{'id': 39, 'goods_id': 292, 'weight': '0.00185', 'from_date': '2023-01-01', 'expiry_date': '9999-12-31', 'status': 2}]",,,,[],,,,[]
291,10000784,红牛/普通型/250ML/2019扫码促销/六罐装/缩膜装,0,0.00185,9999-12-31,2023-01-01,"[{'id': 38, 'goods_id': 291, 'weight': '0.00185', 'from_date': '2023-01-01', 'expiry_date': '9999-12-31', 'status': 2}]",,,,[],,,,[]
290,10000750,红牛/普通型/250ML/2018壹元乐享/六罐装/缩膜装,0,0.00185,9999-12-31,2023-01-01,"[{'id': 37, 'goods_id': 290, 'weight': '0.00185', 'from_date': '2023-01-01', 'expiry_date': '9999-12-31', 'status': 2}]",,,,[],,,,[]
289,10000746,红牛/普通型/250ML/2018扫码促销/六罐装/缩膜装,0,0.00185,9999-12-31,2023-01-01,"[{'id': 36, 'goods_id': 289, 'weight': '0.00185', 'from_date': '2023-01-01', 'expiry_date': '9999-12-31', 'status': 2}]",,,,[],,,,[]
288,10000901,红牛/普通型/250ML/六罐装/26周年,0,0.00185,9999-12-31,2023-01-01,"[{'id': 35, 'goods_id': 288, 'weight': '0.00185', 'from_date': '2023-01-01', 'expiry_date': '9999-12-31', 'status': 2}]",,,,[],,,,[]
287,10000820,红牛/普通型/250ML/六罐装/25周年,0,0.00185,9999-12-31,2023-01-01,"[{'id': 34, 'goods_id': 287, 'weight': '0.00185', 'from_date': '2023-01-01', 'expiry_date': '9999-12-31', 'status': 2}]",,,,[],,,,[]
286,10000387,红牛/普通型/250ML/六罐装/缩膜装,0,0.00185,9999-12-31,2023-01-01,"[{'id': 33, 'goods_id': 286, 'weight': '0.00185', 'from_date': '2023-01-01', 'expiry_date': '9999-12-31', 'status': 2}]",,,,[],,,,[]
285,10000044,红牛维生素功能饮料/牛磺酸强化型/250ml/四罐装,0,0.00123,9999-12-31,2024-04-01,"[{'id': 32, 'goods_id': 285, 'weight': '0.00123', 'from_date': '2023-01-01', 'expiry_date': '2024-03-31', 'status': 1}, {'id': 314, 'goods_id': 285, 'weight': '0.00123', 'from_date': '2024-04-01', 'expiry_date': '9999-12-31', 'status': 2}]",,,,[],,,,[]
284,10000001,红牛/强化型/250ml/蓝色/24,0,0.00740,9999-12-31,2023-01-01,"[{'id': 31, 'goods_id': 284, 'weight': '0.00740', 'from_date': '2023-01-01', 'expiry_date': '9999-12-31', 'status': 2}]",,,,[],,,,[]
283,10000177,红牛/强化型/250ml/蓝色/24/充氮,0,0.00740,9999-12-31,2023-01-01,"[{'id': 30, 'goods_id': 283, 'weight': '0.00740', 'from_date': '2023-01-01', 'expiry_date': '9999-12-31', 'status': 2}]",,,,[],,,,[]
282,10000902,红牛/强化型/250ml/蓝色/24/26周年,0,0.00740,9999-12-31,2023-01-01,"[{'id': 29, 'goods_id': 282, 'weight': '0.00740', 'from_date': '2023-01-01', 'expiry_date': '9999-12-31', 'status': 2}]",,,,[],,,,[]
281,10000822,红牛/强化型/250ml/蓝色/24/25周年,0,0.00740,9999-12-31,2023-01-01,"[{'id': 28, 'goods_id': 281, 'weight': '0.00740', 'from_date': '2023-01-01', 'expiry_date': '9999-12-31', 'status': 2}]",,,,[],,,,[]
280,10000844,红牛/普通型/250ML/24/1元轻松享/2020,0,0.00740,9999-12-31,2023-01-01,"[{'id': 27, 'goods_id': 280, 'weight': '0.00740', 'from_date': '2023-01-01', 'expiry_date': '9999-12-31', 'status': 2}]",,,,[],,,,[]
279,10000787,红牛/普通型/250ML/24/壹元再享/2019,0,0.00740,9999-12-31,2023-01-01,"[{'id': 26, 'goods_id': 279, 'weight': '0.00740', 'from_date': '2023-01-01', 'expiry_date': '9999-12-31', 'status': 2}]",,,,[],,,,[]
278,10000748,红牛/普通型/250ML/24/壹元乐享/2018,0,0.00740,9999-12-31,2023-01-01,"[{'id': 25, 'goods_id': 278, 'weight': '0.00740', 'from_date': '2023-01-01', 'expiry_date': '9999-12-31', 'status': 2}]",,,,[],,,,[]
277,10000832,红牛/普通型/250ML/24/华新扫码-3元箱码/2020,0,0.00740,9999-12-31,2023-01-01,"[{'id': 24, 'goods_id': 277, 'weight': '0.00740', 'from_date': '2023-01-01', 'expiry_date': '9999-12-31', 'status': 2}]",,,,[],,,,[]
276,10000831,红牛/普通型/250ML/24/扫码促销-3元箱码/2020,0,0.00740,9999-12-31,2023-01-01,"[{'id': 23, 'goods_id': 276, 'weight': '0.00740', 'from_date': '2023-01-01', 'expiry_date': '9999-12-31', 'status': 2}]",,,,[],,,,[]
275,10000830,红牛/普通型/250ML/24/扫码促销-2元箱码/2020,0,0.00740,9999-12-31,2023-01-01,"[{'id': 22, 'goods_id': 275, 'weight': '0.00740', 'from_date': '2023-01-01', 'expiry_date': '9999-12-31', 'status': 2}]",,,,[],,,,[]
274,10000794,红牛/普通型/250ML/24/扫码促销-3元纸箱/2019,0,0.00740,9999-12-31,2023-01-01,"[{'id': 21, 'goods_id': 274, 'weight': '0.00740', 'from_date': '2023-01-01', 'expiry_date': '9999-12-31', 'status': 2}]",,,,[],,,,[]
273,10000829,红牛/普通型/250ML/24/扫码促销/2020,0,0.00740,9999-12-31,2023-01-01,"[{'id': 20, 'goods_id': 273, 'weight': '0.00740', 'from_date': '2023-01-01', 'expiry_date': '9999-12-31', 'status': 2}]",,,,[],,,,[]
272,10000783,红牛/普通型/250ML/24/扫码促销/2019,0,0.00740,9999-12-31,2023-01-01,"[{'id': 19, 'goods_id': 272, 'weight': '0.00740', 'from_date': '2023-01-01', 'expiry_date': '9999-12-31', 'status': 2}]",,,,[],,,,[]
271,10000795,红牛/普通型/250ML/24/华新/扫码促销-3元纸箱/2019,0,0.00740,9999-12-31,2023-01-01,"[{'id': 18, 'goods_id': 271, 'weight': '0.00740', 'from_date': '2023-01-01', 'expiry_date': '9999-12-31', 'status': 2}]",,,,[],,,,[]
270,10000785,红牛/普通型/250ML/24/华新/扫码促销/2019,0,0.00740,9999-12-31,2023-01-01,"[{'id': 17, 'goods_id': 270, 'weight': '0.00740', 'from_date': '2023-01-01', 'expiry_date': '9999-12-31', 'status': 2}]",,,,[],,,,[]
269,10000745,红牛/普通型/250ML/24/2018扫码促销/华新专供,0,0.00740,9999-12-31,2023-01-01,"[{'id': 16, 'goods_id': 269, 'weight': '0.00740', 'from_date': '2023-01-01', 'expiry_date': '9999-12-31', 'status': 2}]",,,,[],,,,[]
268,10000744,红牛/普通型/250ML/24/扫码促销/2018,0,0.00740,9999-12-31,2023-01-01,"[{'id': 15, 'goods_id': 268, 'weight': '0.00740', 'from_date': '2023-01-01', 'expiry_date': '9999-12-31', 'status': 2}]",,,,[],,,,[]
267,10000819,红牛/普通型/250ML/24/华新/25周年,0,0.00740,9999-12-31,2023-01-01,"[{'id': 14, 'goods_id': 267, 'weight': '0.00740', 'from_date': '2023-01-01', 'expiry_date': '9999-12-31', 'status': 2}]",,,,[],,,,[]
266,10000163,红牛/普通型/250ml/24/华新/充氮,0,0.00740,9999-12-31,2023-01-01,"[{'id': 13, 'goods_id': 266, 'weight': '0.00740', 'from_date': '2023-01-01', 'expiry_date': '9999-12-31', 'status': 2}]",,,,[],,,,[]
265,10000876,红牛/普通型/250ML/24/华南1元轻松享/2020,0,0.00740,9999-12-31,2023-01-01,"[{'id': 12, 'goods_id': 265, 'weight': '0.00740', 'from_date': '2023-01-01', 'expiry_date': '9999-12-31', 'status': 2}]",,,,[],,,,[]
264,10000875,红牛/普通型/250ML/24/华南促销/2021,0,0.00740,9999-12-31,2023-01-01,"[{'id': 11, 'goods_id': 264, 'weight': '0.00740', 'from_date': '2023-01-01', 'expiry_date': '9999-12-31', 'status': 2}]",,,,[],,,,[]
263,10000869,1,0,0.00740,9999-12-31,2023-01-01,"[{'id': 10, 'goods_id': 263, 'weight': '0.00740', 'from_date': '2023-01-01', 'expiry_date': '9999-12-31', 'status': 2}]",,,,[],,,,[]
262,10000766,红牛/普通型/250ML/24/华新2元回收/2018,0,0.00740,9999-12-31,2023-01-01,"[{'id': 9, 'goods_id': 262, 'weight': '0.00740', 'from_date': '2023-01-01', 'expiry_date': '9999-12-31', 'status': 2}]",,,,[],,,,[]
261,10000765,红牛/普通型/250ML/24/南区2元回收/2018,0,0.00740,9999-12-31,2023-01-01,"[{'id': 8, 'goods_id': 261, 'weight': '0.00740', 'from_date': '2023-01-01', 'expiry_date': '9999-12-31', 'status': 2}]",,,,[],,,,[]
260,10000896,红牛/250ML/12/2021开门红专项礼盒,0,0.00370,9999-12-31,2023-01-01,"[{'id': 7, 'goods_id': 260, 'weight': '0.00370', 'from_date': '2023-01-01', 'expiry_date': '9999-12-31', 'status': 2}]",,,,[],,,,[]
259,10000895,红牛/250ML/12/2021开门红礼盒,0,0.00370,9999-12-31,2023-01-01,"[{'id': 6, 'goods_id': 259, 'weight': '0.00370', 'from_date': '2023-01-01', 'expiry_date': '9999-12-31', 'status': 2}]",,,,[],,,,[]
258,10000864,红牛/250ML/24/专供型,0,0.00740,9999-12-31,2023-01-01,"[{'id': 5, 'goods_id': 258, 'weight': '0.00740', 'from_date': '2023-01-01', 'expiry_date': '9999-12-31', 'status': 2}]",,,,[],,,,[]
257,10000900,红牛/250ML/24/26周年纪念装,0,0.00740,9999-12-31,2023-01-01,"[{'id': 4, 'goods_id': 257, 'weight': '0.00740', 'from_date': '2023-01-01', 'expiry_date': '9999-12-31', 'status': 2}]",,,,[],,,,[]
256,10000818,红牛/250ML/24/25周年纪念装,0,0.00740,9999-12-31,2023-01-01,"[{'id': 3, 'goods_id': 256, 'weight': '0.00740', 'from_date': '2023-01-01', 'expiry_date': '9999-12-31', 'status': 2}]",,,,[],,,,[]
255,10000002,红牛/普通型/250ml/24/非卖品,0,0.00740,9999-12-31,2023-01-01,"[{'id': 2, 'goods_id': 255, 'weight': '0.00740', 'from_date': '2023-01-01', 'expiry_date': '9999-12-31', 'status': 2}]",,,,[],,,,[]
254,10000813,红牛/普通型/250ml/24,0,0.00740,9999-12-31,2024-03-19,"[{'id': 1, 'goods_id': 254, 'weight': '0.00740', 'from_date': '2023-01-01', 'expiry_date': '2024-02-29', 'status': 1}, {'id': 310, 'goods_id': 254, 'weight': '0.00001', 'from_date': '2024-03-01', 'expiry_date': '2024-03-18', 'status': 1}, {'id': 311, 'goods_id': 254, 'weight': '0.00740', 'from_date': '2024-03-19', 'expiry_date': '9999-12-31', 'status': 2}]",,,,"[{'id': 7, 'goods_id': 254, 'price': '0.01', 'from_date': '2024-04-01', 'expiry_date': '2024-04-25', 'status': 1}]",,,,[]
