序号,操作,上层代码,上层名称,工厂名称,工厂代码,备注
1,编辑 删除,6889,华彬（广东）企业管理有限公司,华彬广东战马宣传品零价值工厂,89A8,
2,编辑 删除,6889,华彬（广东）企业管理有限公司,华彬广东战马宣传品工厂,89A7,
3,编辑 删除,6889,华彬（广东）企业管理有限公司,华彬广东宣传品零价值工厂,89A3,
4,编辑 删除,6889,华彬（广东）企业管理有限公司,华彬广东宣传品工厂,89A2,
5,编辑 删除,6889,华彬（广东）企业管理有限公司,华彬广东第三方物流工厂,89A1,
6,编辑 删除,8889,珠海红牛饮料销售有限公司,珠海红牛销售总公司战马宣传品零价值工厂,8908,
7,编辑 删除,8889,珠海红牛饮料销售有限公司,珠海红牛销售总公司战马宣传品工厂,8907,
8,编辑 删除,8889,珠海红牛饮料销售有限公司,珠海红牛销售总公司百仕欣宣传品工厂,8905,
9,编辑 删除,8889,珠海红牛饮料销售有限公司,珠海红牛销售总公司宣传品零价值工厂,8903,
10,编辑 删除,8889,珠海红牛饮料销售有限公司,珠海红牛销售总公司宣传品工厂,8902,
11,编辑 删除,8889,珠海红牛饮料销售有限公司,珠海红牛销售总公司第三方物流工厂,8901,
12,编辑 删除,6888,华彬饮料销售有限公司,华彬饮料销售总公司零价值工厂,88A4,
13,编辑 删除,6888,华彬饮料销售有限公司,华彬饮料销售总公司宣传品零价值工厂,88A3,
14,编辑 删除,6888,华彬饮料销售有限公司,华彬饮料销售总公司宣传品工厂,88A2,
15,编辑 删除,6888,华彬饮料销售有限公司,华彬饮料销售总公司工厂,88A1,
16,编辑 删除,8888,北京红牛饮料销售有限公司,红牛销售总公司战马宣传品零价值工厂,8805,
17,编辑 删除,8888,北京红牛饮料销售有限公司,红牛销售总公司战马宣传品工厂,8804,
18,编辑 删除,8888,北京红牛饮料销售有限公司,红牛销售总公司宣传品零价值工厂,8803,
19,编辑 删除,8888,北京红牛饮料销售有限公司,红牛销售总公司宣传品工厂,8802,
20,编辑 删除,8888,北京红牛饮料销售有限公司,红牛销售总公司第三方物流工厂,8801,
21,编辑 删除,6886,华彬快速消费品销售（湖北）有限公司,华彬饮料湖北销售公司宣传品零价值工厂,86A3,
22,编辑 删除,6886,华彬快速消费品销售（湖北）有限公司,华彬饮料湖北销售公司宣传品工厂,86A2,
23,编辑 删除,6886,华彬快速消费品销售（湖北）有限公司,华彬饮料湖北销售公司工厂,86A1,
24,编辑 删除,6885,华彬快速消费品销售（贵州）有限公司,华彬饮料贵州销售公司宣传品零价值工厂,85A3,
25,编辑 删除,6885,华彬快速消费品销售（贵州）有限公司,华彬饮料贵州销售公司宣传品工厂,85A2,
26,编辑 删除,6885,华彬快速消费品销售（贵州）有限公司,华彬饮料贵州销售公司工厂,85A1,
27,编辑 删除,6884,华彬快速消费品销售（福建）有限公司,华彬饮料福建销售公司宣传品零价值工厂,84A3,
28,编辑 删除,6884,华彬快速消费品销售（福建）有限公司,华彬饮料福建销售公司宣传品工厂,84A2,
29,编辑 删除,6884,华彬快速消费品销售（福建）有限公司,华彬饮料福建销售公司工厂,84A1,
30,编辑 删除,8884,北京朗臣饮料有限公司,朗臣奥瑞金委托工厂,8491,
31,编辑 删除,8884,北京朗臣饮料有限公司,朗臣备件零价值工厂,8402,
32,编辑 删除,8884,北京朗臣饮料有限公司,朗臣工厂,8401,
33,编辑 删除,6883,华彬快速消费品销售（江苏）有限公司,华彬饮料江苏销售公司工厂,83A1,
34,编辑 删除,8880,红牛维他命饮料有限公司,华彬快速消费品企业管理（横琴）有限公司工厂,80A1,
35,编辑 删除,8880,红牛维他命饮料有限公司,红牛北京怀柔基地-厦门基地工厂,8097,
36,编辑 删除,8880,红牛维他命饮料有限公司,红牛北京怀柔基地-贵州基地工厂,8096,
37,编辑 删除,8880,红牛维他命饮料有限公司,红牛北京奥瑞金辽宁委外工厂,8095,
38,编辑 删除,8880,红牛维他命饮料有限公司,红牛北京奥瑞金委外工厂,8094,
39,编辑 删除,8880,红牛维他命饮料有限公司,红牛北京怀柔基地三号线,8011,
40,编辑 删除,8880,红牛维他命饮料有限公司,红牛总公司宣传品工厂,8003,
41,编辑 删除,8880,红牛维他命饮料有限公司,怀柔备品备件零价值工厂,8002,
42,编辑 删除,8880,红牛维他命饮料有限公司,红牛北京怀柔基地,8001,
43,编辑 删除,7070,华彬力美科技（湖北）有限公司,华彬力美浙江安迈欣委外工厂,70C3,
44,编辑 删除,7070,华彬力美科技（湖北）有限公司,华彬力美广东德源委外工厂,70C2,
45,编辑 删除,7070,华彬力美科技（湖北）有限公司,华彬力美基地工厂,70C1,
46,编辑 删除,7070,华彬力美科技（湖北）有限公司,华彬智力销售公司工厂,70A1,
47,编辑 删除,6867,战马（无锡）饮料有限公司,无锡战马浙江委外工厂,6799,
48,编辑 删除,6867,战马（无锡）饮料有限公司,无锡战马厦门基地委外工厂,6798,
49,编辑 删除,6867,战马（无锡）饮料有限公司,无锡战马贵州委外工厂,6797,
50,编辑 删除,6867,战马（无锡）饮料有限公司,无锡战马朗臣委外工厂,6796,
1,编辑 删除,6867,战马（无锡）饮料有限公司,无锡战马广东委外工厂,6795,
2,编辑 删除,6867,战马（无锡）饮料有限公司,无锡战马奥瑞金委外工厂,6794,
3,编辑 删除,6867,战马（无锡）饮料有限公司,无锡战马湖北委外工厂,6793,
4,编辑 删除,6867,战马（无锡）饮料有限公司,无锡战马江苏委外工厂,6792,
5,编辑 删除,6867,战马（无锡）饮料有限公司,无锡战马江西委外工厂,6790,
6,编辑 删除,6867,战马（无锡）饮料有限公司,无锡战马百仕欣基地委外工厂,6781,
7,编辑 删除,6867,战马（无锡）饮料有限公司,无锡战马广西委外工厂,6780,
8,编辑 删除,6867,战马（无锡）饮料有限公司,无锡战马公司宣传品工厂,6703,
9,编辑 删除,6867,战马（无锡）饮料有限公司,无锡战马公司宣传品零价值工厂,6702,
10,编辑 删除,6867,战马（无锡）饮料有限公司,无锡战马公司工厂,6701,
11,编辑 删除,6864,芙丝（中国）饮品销售有限公司,芙丝中国饮品销售有限公司宣传品零价值工厂,6403,
12,编辑 删除,6864,芙丝（中国）饮品销售有限公司,芙丝中国饮品销售有限公司宣传品工厂,6402,
13,编辑 删除,6864,芙丝（中国）饮品销售有限公司,芙丝中国饮品销售有限公司工厂,6401,
14,编辑 删除,6863,战马（北京）饮料有限公司,战马浙江委外工厂,6399,
15,编辑 删除,6863,战马（北京）饮料有限公司,战马厦门基地委外工厂,6398,
16,编辑 删除,6863,战马（北京）饮料有限公司,战马贵州委外工厂,6397,
17,编辑 删除,6863,战马（北京）饮料有限公司,战马朗臣委外工厂,6396,
18,编辑 删除,6863,战马（北京）饮料有限公司,战马广东委外工厂,6395,
19,编辑 删除,6863,战马（北京）饮料有限公司,战马奥瑞金委外工厂,6394,
20,编辑 删除,6863,战马（北京）饮料有限公司,战马湖北委外工厂,6393,
21,编辑 删除,6863,战马（北京）饮料有限公司,战马江苏委外工厂,6392,
22,编辑 删除,6863,战马（北京）饮料有限公司,战马天津委外工厂,6391,
23,编辑 删除,6863,战马（北京）饮料有限公司,战马江西委外工厂,6390,
24,编辑 删除,6863,战马（北京）饮料有限公司,战马广西委外工厂,6380,
25,编辑 删除,6863,战马（北京）饮料有限公司,战马公司宣传品工厂,6303,
26,编辑 删除,6863,战马（北京）饮料有限公司,战马公司宣传品零价值工厂,6302,
27,编辑 删除,6863,战马（北京）饮料有限公司,战马公司工厂,6301,
28,编辑 删除,6862,芙丝（湖北）饮品有限公司,芙丝湖北田东委外工厂,6293,
29,编辑 删除,6862,芙丝（湖北）饮品有限公司,芙丝湖北广西委外工厂,6292,
30,编辑 删除,6862,芙丝（湖北）饮品有限公司,芙丝湖北奥瑞金委外工厂,6291,
31,编辑 删除,6862,芙丝（湖北）饮品有限公司,芙丝湖北十堰基地备件工厂,6203,
32,编辑 删除,6862,芙丝（湖北）饮品有限公司,芙丝湖北十堰基地零价值工厂,6202,
33,编辑 删除,6862,芙丝（湖北）饮品有限公司,芙丝湖北十堰基地,6201,
34,编辑 删除,6860,百仕欣饮料（北京）有限公司,百仕欣生产基地罐装工厂,6021,
35,编辑 删除,6860,百仕欣饮料（北京）有限公司,百仕欣生产基地瓶装工厂,6011,
36,编辑 删除,6860,百仕欣饮料（北京）有限公司,百仕欣公司宣传品工厂,6003,
37,编辑 删除,6860,百仕欣饮料（北京）有限公司,百仕欣怀柔备品备件零价值工厂,6002,
38,编辑 删除,6860,百仕欣饮料（北京）有限公司,百仕欣北京怀柔基地,6001,
39,编辑 删除,8886,红牛维他命饮料（江苏）有限公司,红牛江苏宜兴基地二期工厂,8611,
40,编辑 删除,8886,红牛维他命饮料（江苏）有限公司,红牛江苏宜兴零价值工厂,8602,
41,编辑 删除,8886,红牛维他命饮料（江苏）有限公司,红牛江苏宜兴基地一期工厂,8601,
42,编辑 删除,8885,广东红牛维他命饮料有限公司,广东基地湖北奥瑞金委外工厂,8594,
43,编辑 删除,8885,广东红牛维他命饮料有限公司,红牛广州三水基地五号/六号线工厂,8521,
44,编辑 删除,8885,广东红牛维他命饮料有限公司,红牛广州三水基地三号/四号线工厂,8511,
45,编辑 删除,8885,广东红牛维他命饮料有限公司,红牛广州三水零价值工厂,8502,
46,编辑 删除,8885,广东红牛维他命饮料有限公司,红牛广州三水基地一号/二号线工厂,8501,
47,编辑 删除,8883,红牛维他命饮料（湖北）有限公司,红牛湖北委外工厂,8394,
48,编辑 删除,8883,红牛维他命饮料（湖北）有限公司,红牛湖北咸宁基地五号/六号线工厂,8321,
49,编辑 删除,8883,红牛维他命饮料（湖北）有限公司,红牛湖北咸宁基地三号/四号线工厂,8311,
50,编辑 删除,8883,红牛维他命饮料（湖北）有限公司,红牛湖北制罐工厂,8303,
1,编辑 删除,8883,红牛维他命饮料（湖北）有限公司,红牛湖北咸宁零价值工厂,8302,
2,编辑 删除,8883,红牛维他命饮料（湖北）有限公司,红牛湖北咸宁基地一号/二号线工厂,8301,
3,编辑 删除,6866,华彬快速消费品饮料（福建）有限公司,华彬快速消费品饮料（福建）备件工厂,6604,
4,编辑 删除,6866,华彬快速消费品饮料（福建）有限公司,华彬快速消费品饮料（福建）备件工厂-停用,6603,
5,编辑 删除,6866,华彬快速消费品饮料（福建）有限公司,华彬快速消费品饮料（福建）零价值工厂,6602,
6,编辑 删除,6866,华彬快速消费品饮料（福建）有限公司,华彬快速消费品饮料（福建）工厂,6601,
7,编辑 删除,6865,华彬快速消费品饮料（贵州）有限公司,华彬快速消费品饮料（贵州）零价值工厂,6502,
8,编辑 删除,6865,华彬快速消费品饮料（贵州）有限公司,华彬快速消费品饮料（贵州）工厂,6501,
