,序号,操作,主键ID,检测项目代码,适用类型,审批状态,启/禁状态,显示顺序,备注信息
,1,详情 反审 禁用,DREW0124,-,工序控制,已完成,启用,--,--
,2,详情 反审 禁用,DREW0123,GF00000024,工序控制,已完成,启用,--,--
,3,详情 反审 禁用,DREW0122,GC00000059,工序控制,已完成,启用,--,--
,4,详情 反审 禁用,DREW0121,GF00000023,工序控制,已完成,启用,--,--
,5,详情 反审 禁用,DREW0120,GC00000058,工序控制,已完成,启用,--,--
,6,详情 反审 禁用,DREW0119,无,全部,已完成,启用,--,--
,7,详情 反审 禁用,DREW0118,GF00000022,工序控制,已完成,启用,--,--
,8,详情 反审 禁用,DREW0117,GF00000021,工序控制,已完成,启用,--,--
,9,详情 反审 禁用,DREW0116,GF00000020,工序控制,已完成,启用,--,--
,10,详情 反审 禁用,DREW0115,GF00000019,工序控制,已完成,启用,--,--
,11,详情 反审 禁用,DREW0114,GF00000018,工序控制,已完成,启用,--,--
,12,详情 反审 禁用,DREW0113,GF00000017,工序控制,已完成,启用,--,--
,13,详情 反审 禁用,DREW0112,GF00000016,工序控制,已完成,启用,--,--
,14,详情 反审 禁用,DREW0111,GF00000015,工序控制,已完成,启用,--,--
,15,详情 反审 禁用,DREW0110,GF00000014,工序控制,已完成,启用,--,--
,16,详情 反审 禁用,DREW0109,GF00000013,工序控制,已完成,启用,--,--
,17,详情 反审 禁用,DREW0108,GF00000012,工序控制,已完成,启用,--,--
,18,详情 反审 禁用,DREW0107,GF00000011,工序控制,已完成,启用,--,--
,19,详情 反审 禁用,DREW0106,GF00000010,工序控制,已完成,启用,--,--
,20,详情 反审 禁用,DREW0105,GF00000009,工序控制,已完成,启用,--,--
,21,详情 反审 禁用,DREW0104,GF00000008,工序控制,已完成,启用,--,--
,22,详情 反审 禁用,DREW0103,GF00000007,工序控制,已完成,启用,--,--
,23,详情 反审 禁用,DREW0102,GF00000006,工序控制,已完成,启用,--,--
,24,详情 反审 禁用,DREW0101,GF00000005,工序控制,已完成,启用,--,--
,25,详情 反审 禁用,DREW0100,GF00000004,工序控制,已完成,启用,--,--
,26,详情 反审 禁用,DREW0099,GF00000003,工序控制,已完成,启用,--,--
,27,详情 反审 禁用,DREW0098,GF00000002,工序控制,已完成,启用,--,--
,28,详情 反审 禁用,DREW0097,GF00000001,工序控制,已完成,启用,--,--
,29,详情 反审 禁用,DREW0096,GC00000057,工序控制,已完成,启用,--,--
,30,详情 反审 禁用,DREW0095,GC00000056,工序控制,已完成,启用,--,--
,31,详情 反审 禁用,DREW0094,GC00000055,工序控制,已完成,启用,--,--
,32,详情 反审 禁用,DREW0093,GC00000054,工序控制,已完成,启用,--,--
,33,详情 反审 禁用,DREW0092,GC00000053,工序控制,已完成,启用,--,--
,34,详情 反审 禁用,DREW0091,GC00000052,工序控制,已完成,启用,--,--
,35,详情 反审 禁用,DREW0090,GC00000051,工序控制,已完成,启用,--,--
,36,详情 反审 禁用,DREW0089,GC00000050,工序控制,已完成,启用,--,--
,37,详情 反审 禁用,DREW0088,GC00000049,工序控制,已完成,启用,--,--
,38,详情 反审 禁用,DREW0087,GC00000048,工序控制,已完成,启用,--,--
,39,详情 反审 禁用,DREW0086,GC00000047,工序控制,已完成,启用,--,--
,40,详情 反审 禁用,DREW0085,GC00000046,工序控制,已完成,启用,--,--
,41,详情 反审 禁用,DREW0084,GC00000045,工序控制,已完成,启用,--,--
,42,详情 反审 禁用,DREW0083,GC00000044,工序控制,已完成,启用,--,--
,43,详情 反审 禁用,DREW0082,GC00000043,工序控制,已完成,启用,--,--
,44,详情 反审 禁用,DREW0081,GC00000042,工序控制,已完成,启用,--,--
,45,详情 反审 禁用,DREW0080,GC00000041,工序控制,已完成,启用,--,--
,46,详情 反审 禁用,DREW0079,GC00000040,工序控制,已完成,启用,--,--
,47,详情 反审 禁用,DREW0078,GC00000039,工序控制,已完成,启用,--,--
,48,详情 反审 禁用,DREW0077,GC00000038,工序控制,已完成,启用,--,--
,49,详情 反审 禁用,DREW0076,GC00000037,工序控制,已完成,启用,--,--
,50,详情 反审 禁用,DREW0075,GC00000036,工序控制,已完成,启用,--,--
,1,详情 反审 禁用,DREW0074,GC00000035,工序控制,已完成,启用,--,--
,2,详情 反审 禁用,DREW0073,GC00000034,工序控制,已完成,启用,--,--
,3,详情 反审 禁用,DREW0072,GC00000033,工序控制,已完成,启用,--,--
,4,详情 反审 禁用,DREW0071,GC00000032,工序控制,已完成,启用,--,--
,5,详情 反审 禁用,DREW0070,GC00000031,工序控制,已完成,启用,--,--
,6,详情 反审 禁用,DREW0069,GC00000030,工序控制,已完成,启用,--,--
,7,详情 反审 禁用,DREW0068,GC00000029,工序控制,已完成,启用,--,--
,8,详情 反审 禁用,DREW0067,GC00000028,工序控制,已完成,启用,--,--
,9,详情 反审 禁用,DREW0066,GC00000027,工序控制,已完成,启用,--,--
,10,详情 反审 禁用,DREW0065,GC00000026,工序控制,已完成,启用,--,--
,11,详情 反审 禁用,DREW0064,GC00000025,工序控制,已完成,启用,--,--
,12,详情 反审 禁用,DREW0063,GC00000024,工序控制,已完成,启用,--,--
,13,详情 反审 禁用,DREW0062,GC00000023,工序控制,已完成,启用,--,--
,14,详情 反审 禁用,DREW0061,GC00000022,工序控制,已完成,启用,--,--
,15,详情 反审 禁用,DREW0060,GC00000021,工序控制,已完成,启用,--,--
,16,详情 反审 禁用,DREW0059,GC00000020,工序控制,已完成,启用,--,--
,17,详情 反审 禁用,DREW0058,GC00000019,工序控制,已完成,启用,--,--
,18,详情 反审 禁用,DREW0057,GC00000018,工序控制,已完成,启用,--,--
,19,详情 反审 禁用,DREW0056,GC00000017,工序控制,已完成,启用,--,--
,20,详情 反审 禁用,DREW0055,GC00000016,工序控制,已完成,启用,--,--
,21,详情 反审 禁用,DREW0054,GC00000015,工序控制,已完成,启用,--,--
,22,详情 反审 禁用,DREW0053,GC00000014,工序控制,已完成,启用,--,--
,23,详情 反审 禁用,DREW0052,GC00000013,工序控制,已完成,启用,--,--
,24,详情 反审 禁用,DREW0051,GC00000012,工序控制,已完成,启用,--,--
,25,详情 反审 禁用,DREW0050,GC00000011,工序控制,已完成,启用,--,--
,26,详情 反审 禁用,DREW0049,GC00000010,工序控制,已完成,启用,--,--
,27,详情 反审 禁用,DREW0048,GC00000009,工序控制,已完成,启用,--,--
,28,详情 反审 禁用,DREW0047,GC00000008,工序控制,已完成,启用,--,--
,29,详情 反审 禁用,DREW0046,GC00000007,工序控制,已完成,启用,--,--
,30,详情 反审 禁用,DREW0045,GC00000006,工序控制,已完成,启用,--,--
,31,详情 反审 禁用,DREW0044,GC00000005,工序控制,已完成,启用,--,--
,32,详情 反审 禁用,DREW0043,GC00000004,工序控制,已完成,启用,--,--
,33,详情 反审 禁用,DREW0042,GC00000003,工序控制,已完成,启用,--,--
,34,详情 反审 禁用,DREW0041,GC00000002,工序控制,已完成,启用,--,--
,35,详情 反审 禁用,DREW0040,GC00000001,工序控制,已完成,启用,--,--
,36,详情 反审 禁用,DREW0039,CC00000002,成品检测,已完成,启用,--,--
,37,详情 反审 禁用,DREW0038,CC00000001,成品检测,已完成,启用,--,--
,38,详情 反审 禁用,DREW0037,YF00000027,原材料检测,已完成,启用,--,--
,39,详情 反审 禁用,DREW0036,YF00000026,原材料检测,已完成,启用,--,--
,40,详情 反审 禁用,DREW0035,YF00000025,原材料检测,已完成,启用,--,--
,41,详情 反审 禁用,DREW0034,YF00000024,原材料检测,已完成,启用,--,--
,42,详情 反审 禁用,DREW0033,YF00000023,原材料检测,已完成,启用,--,--
,43,详情 反审 禁用,DREW0032,YF00000022,原材料检测,已完成,启用,--,--
,44,详情 反审 禁用,DREW0031,YF00000021,原材料检测,已完成,启用,--,--
,45,详情 反审 禁用,DREW0030,YF00000020,原材料检测,已完成,启用,--,--
,46,详情 反审 禁用,DREW0029,YF00000019,原材料检测,已完成,启用,--,--
,47,详情 反审 禁用,DREW0028,YF00000018,原材料检测,已完成,启用,--,--
,48,详情 反审 禁用,DREW0027,YF00000017,原材料检测,已完成,启用,--,--
,49,详情 反审 禁用,DREW0026,YF00000016,原材料检测,已完成,启用,--,--
,50,详情 反审 禁用,DREW0025,YF00000015,原材料检测,已完成,启用,--,--
,1,详情 反审 禁用,DREW0024,YF00000014,原材料检测,已完成,启用,--,--
,2,详情 反审 禁用,DREW0023,YF00000013,原材料检测,已完成,启用,--,--
,3,详情 反审 禁用,DREW0022,YF00000012,原材料检测,已完成,启用,--,--
,4,详情 反审 禁用,DREW0021,YF00000011,原材料检测,已完成,启用,--,--
,5,详情 反审 禁用,DREW0020,YF00000010,原材料检测,已完成,启用,--,--
,6,详情 反审 禁用,DREW0019,YF00000009,原材料检测,已完成,启用,--,--
,7,详情 反审 禁用,DREW0018,YF00000008,原材料检测,已完成,启用,--,--
,8,详情 反审 禁用,DREW0017,YF00000007,原材料检测,已完成,启用,--,--
,9,详情 反审 禁用,DREW0016,YF00000006,原材料检测,已完成,启用,--,--
,10,详情 反审 禁用,DREW0015,YF00000005,原材料检测,已完成,启用,--,--
,11,详情 反审 禁用,DREW0014,YF00000004,原材料检测,已完成,启用,--,--
,12,详情 反审 禁用,DREW0013,YF00000003,原材料检测,已完成,启用,--,--
,13,详情 反审 禁用,DREW0012,YF00000002,原材料检测,已完成,启用,--,--
,14,详情 反审 禁用,DREW0011,YF00000001,原材料检测,已完成,启用,--,--
,15,详情 反审 禁用,DREW0010,YC00000010,原材料检测,已完成,启用,--,--
,16,详情 反审 禁用,DREW0009,YC00000009,原材料检测,已完成,启用,--,--
,17,详情 反审 禁用,DREW0008,YC00000008,原材料检测,已完成,启用,--,--
,18,详情 反审 禁用,DREW0007,YC00000007,原材料检测,已完成,启用,--,--
,19,详情 反审 禁用,DREW0006,YC00000006,原材料检测,已完成,启用,--,--
,20,详情 反审 禁用,DREW0005,YC00000005,原材料检测,已完成,启用,--,--
,21,详情 反审 禁用,DREW0004,YC00000004,原材料检测,已完成,启用,--,--
,22,详情 反审 禁用,DREW0003,YC00000003,原材料检测,已完成,启用,--,--
,23,详情 反审 禁用,DREW0002,YC00000002,原材料检测,已完成,启用,--,--
,24,详情 反审 禁用,DREW0001,YC00000001,原材料检测,已完成,启用,--,--
