id,wh_name,wh_code,unload,ship_condition,logistics_name,logistics_code,nation,province,city,district,town,address,longitude,latitude,fence_radius,fence_status,is_base,contact,sort,rule_type,rule_up_uid,rule_update_time,is_lock,ct_uid,up_uid,create_time,factory_code,sales_org,seller,sales_ltd,expiry_date,from_date,exp_arr,logistics_exp_arr,logistics_from_date,logistics_expiry_date,sales_unit_exp_arr,sales_unit,sales_unit_code,sales_unit_from_date,sales_unit_expiry_date
160,济南,2017,2017 济南数据在线,87,北京汇宇国际供应链管理有限公司,18000225,,山东省,济南市,槐荫区,五里沟街道,济南,116.98404055112,36.663830794132,5000,1,0,"[{'id': '1', 'linkman': 'CS', 'phone': '13500000000', 'isTop': '1', 'isLast': '1', 'isNoRemove': '1', 'sort': '0'}]",-160,1,0,,0,1,1,2025-12-17 17:21:40,,,,,,,[],"[{'id': 238, 'unload_point_id': 160, 'logistics_name': '北京汇宇国际供应链管理有限公司', 'logistics_code': '18000225', 'from_date': '2023-12-01', 'expiry_date': '2099-12-31', 'status': 2}]",2023-12-01,2099-12-31,[],,,,
159,奥瑞金战马,0098,0098 咸宁基地,29,北京畅翔国际供应链管理有限公司,18000218,,湖北省,咸宁市,咸安区,浮山街道,咸宁,114.32365272479,29.861891232049,5000,1,0,"[{'id': '1', 'linkman': 'CS', 'phone': '13500000000', 'isTop': '1', 'isLast': '1', 'isNoRemove': '1', 'sort': '0'}]",-159,1,0,,0,1,,2025-12-16 16:33:36,,,,,,,[],"[{'id': 237, 'unload_point_id': 159, 'logistics_name': '北京畅翔国际供应链管理有限公司', 'logistics_code': '18000218', 'from_date': '2024-12-01', 'expiry_date': '2099-12-31', 'status': 2}]",2024-12-01,2099-12-31,[],,,,
158,青岛,2018,2018 青岛数据在线,88,北京汇宇国际供应链管理有限公司,18000225,,山东省,青岛市,城阳区,城阳街道,青岛,120.40624479559,36.302146908681,5000,1,0,"[{'id': '1', 'linkman': 'CS', 'phone': '1351245678', 'isTop': '1', 'isLast': '1', 'isNoRemove': '1', 'sort': '0'}]",-158,1,0,,0,1,1,2025-11-26 11:48:01,,,,,,,[],"[{'id': 236, 'unload_point_id': 158, 'logistics_name': '北京汇宇国际供应链管理有限公司', 'logistics_code': '18000225', 'from_date': '2023-11-01', 'expiry_date': '2099-12-31', 'status': 2}]",2023-11-01,2099-12-31,[],,,,
157,天津,2047,2047 天津数据在线,C4,北京晶达国际供应链管理有限公司,18000224,,天津市,天津市,和平区,劝业场街道,天津,117.18835108622,39.122456926126,5000,1,0,"[{'id': '1', 'linkman': 'CS', 'phone': '13512345678', 'isTop': '1', 'isLast': '1', 'isNoRemove': '1', 'sort': '0'}]",-157,1,0,,0,1,,2025-11-22 15:02:26,,,,,,,[],"[{'id': 235, 'unload_point_id': 157, 'logistics_name': '北京晶达国际供应链管理有限公司', 'logistics_code': '18000224', 'from_date': '2024-11-01', 'expiry_date': '2099-12-31', 'status': 2}]",2024-11-01,2099-12-31,[],,,,
156,合肥,2025,2025 合肥数据在线,A1,北京驰宁国际供应链管理有限公司,18000223,,安徽省,合肥市,庐阳区,逍遥津街道,合肥,117.29307139103,31.862668180742,5000,1,0,"[{'id': '1', 'linkman': 'CS', 'phone': '135123456789', 'isTop': '1', 'isLast': '1', 'isNoRemove': '1', 'sort': '0'}]",-156,1,0,,0,1,,2025-11-22 15:00:47,,,,,,,[],"[{'id': 234, 'unload_point_id': 156, 'logistics_name': '北京驰宁国际供应链管理有限公司', 'logistics_code': '18000223', 'from_date': '2024-11-01', 'expiry_date': '2099-12-31', 'status': 2}]",2024-11-01,2099-12-31,[],,,,
155,兰州,2012,2012 兰州数据在线,81,北京通源达国际供应链管理有限公司,18000220,,甘肃省,兰州市,城关区,雁北街道,兰州,103.866250649,36.066448745427,5000,1,0,"[{'id': '1', 'linkman': 'CS', 'phone': '13500000000', 'isTop': '1', 'isLast': '1', 'isNoRemove': '1', 'sort': '0'}]",-155,1,0,,0,1,,2025-11-19 15:45:45,,,,,,,[],"[{'id': 233, 'unload_point_id': 155, 'logistics_name': '北京通源达国际供应链管理有限公司', 'logistics_code': '18000220', 'from_date': '2020-11-01', 'expiry_date': '2099-12-31', 'status': 2}]",2020-11-01,2099-12-31,[],,,,
154,石家庄,2050,2050 石家庄数据在线,C8,北京晶达国际供应链管理有限公司,18000224,,河北省,石家庄市,新华区,新华路街道,石家庄,114.47937383151,38.048464534087,5000,1,0,"[{'id': '1', 'linkman': 'CS', 'phone': '13555555555', 'isTop': '1', 'isLast': '1', 'isNoRemove': '1', 'sort': '0'}]",-154,1,0,,0,1,1,2025-11-14 14:29:08,,,,,,,[],"[{'id': 232, 'unload_point_id': 154, 'logistics_name': '北京晶达国际供应链管理有限公司', 'logistics_code': '18000224', 'from_date': '2020-11-01', 'expiry_date': '2099-12-31', 'status': 2}]",2020-11-01,2099-12-31,[],,,,
153,乌鲁木齐,2011,2011 乌鲁木齐数据在线,80,北京通源达国际供应链管理有限公司,18000220,,新疆维吾尔自治区,乌鲁木齐市,新市区,高新街街道,乌鲁木齐,87.584984271244,43.872035046859,5000,1,0,"[{'id': '1', 'linkman': 'CS', 'phone': '13512345678', 'isTop': '1', 'isLast': '1', 'isNoRemove': '1', 'sort': '0'}]",-153,1,0,,0,1,,2025-11-14 13:51:49,,,,,,,[],"[{'id': 231, 'unload_point_id': 153, 'logistics_name': '北京通源达国际供应链管理有限公司', 'logistics_code': '18000220', 'from_date': '2021-11-01', 'expiry_date': '2099-12-31', 'status': 2}]",2021-11-01,2099-12-31,[],,,,
152,驻马店,2010,2010 驻马店数据在线,76,北京汇宇国际供应链管理有限公司,18000225,,河南省,驻马店市,驿城区,东风街道,驻马店,114.04848882025,32.9893458688,5000,1,0,"[{'id': '1', 'linkman': 'CS', 'phone': '13812345678', 'isTop': '1', 'isLast': '1', 'isNoRemove': '1', 'sort': '0'}]",-152,1,0,,0,1,,2025-11-14 13:50:12,,,,,,,[],"[{'id': 230, 'unload_point_id': 152, 'logistics_name': '北京汇宇国际供应链管理有限公司', 'logistics_code': '18000225', 'from_date': '2022-11-01', 'expiry_date': '2099-12-31', 'status': 2}]",2022-11-01,2099-12-31,[],,,,
151,西安,2013,2013 西安数据在线,82,北京畅翔国际供应链管理有限公司,18000218,,陕西省,西安市,雁塔区,小寨路街道,西安,108.95162254174,34.225129335446,5000,1,0,"[{'id': '1', 'linkman': 'CS', 'phone': '1351111111111', 'isTop': '1', 'isLast': '1', 'isNoRemove': '1', 'sort': '0'}]",-151,1,0,,0,1,,2025-11-14 13:48:43,,,,,,,[],"[{'id': 229, 'unload_point_id': 151, 'logistics_name': '北京畅翔国际供应链管理有限公司', 'logistics_code': '18000218', 'from_date': '2023-10-01', 'expiry_date': '2099-12-31', 'status': 2}]",2023-10-01,2099-12-31,[],,,,
150,郑州,2009,2009 郑州数据在线,75,北京畅翔国际供应链管理有限公司,18000218,,河南省,郑州市,金水区,文化路街道,郑州,113.68374504924,34.787467662249,5000,1,0,"[{'id': '1', 'linkman': 'CS', 'phone': '18702540333', 'isTop': '1', 'isLast': '1', 'isNoRemove': '1', 'sort': '0'}]",-150,1,0,,0,1,1,2025-11-12 17:21:35,,,,,,,[],"[{'id': 226, 'unload_point_id': 150, 'logistics_name': '数据在线', 'logistics_code': '18000218', 'from_date': '2024-11-01', 'expiry_date': '2025-11-11', 'status': 1}, {'id': 227, 'unload_point_id': 150, 'logistics_name': '北京畅翔国际供应链管理有限公司', 'logistics_code': '18000218', 'from_date': '2025-11-12', 'expiry_date': '2031-11-30', 'status': 2}, {'id': 228, 'unload_point_id': 150, 'logistics_name': '数据在线', 'logistics_code': '18000218', 'from_date': '2031-12-01', 'expiry_date': '2099-12-31', 'status': 0}]",2025-11-12,2031-11-30,[],,,,
149,山姆武汉,SM05,SM05 山姆武汉仓,,北京联悦国际供应链管理有限公司,18000226,,四川省,成都市,,,山姆武汉,104.066301,30.572961,,0,0,"[{'linkman': 'cs', 'phone': 13500000000}, {'linkman': '', 'phone': ''}, {'linkman': '', 'phone': ''}]",0,1,0,,0,1,,2025-11-08 10:30:32,,,,,,,[],"[{'id': 225, 'unload_point_id': 149, 'logistics_name': '北京联悦国际供应链管理有限公司', 'logistics_code': '18000226', 'from_date': '2023-01-01', 'expiry_date': '9999-12-31', 'status': 2}]",2023-01-01,9999-12-31,[],,,,
148,山姆成都,SM04,SM04 山姆成都仓,,北京联悦国际供应链管理有限公司,18000226,,四川省,成都市,,,成都,104.066301,30.572961,,0,0,"[{'linkman': 'cs', 'phone': 13500000000}, {'linkman': '', 'phone': ''}, {'linkman': '', 'phone': ''}]",0,1,0,,0,1,,2025-11-08 10:30:32,,,,,,,[],"[{'id': 224, 'unload_point_id': 148, 'logistics_name': '北京联悦国际供应链管理有限公司', 'logistics_code': '18000226', 'from_date': '2023-01-01', 'expiry_date': '9999-12-31', 'status': 2}]",2023-01-01,9999-12-31,[],,,,
147,山姆惠州,SM03,SM03 山姆惠州仓,,北京联悦国际供应链管理有限公司,18000226,,广东省,惠州市,,,惠州市,114.415587,23.112368,,0,0,"[{'linkman': 'cs', 'phone': 13500000000}, {'linkman': '', 'phone': ''}, {'linkman': '', 'phone': ''}]",0,1,0,,0,1,,2025-11-08 10:30:32,,,,,,,[],"[{'id': 223, 'unload_point_id': 147, 'logistics_name': '北京联悦国际供应链管理有限公司', 'logistics_code': '18000226', 'from_date': '2023-01-01', 'expiry_date': '9999-12-31', 'status': 2}]",2023-01-01,9999-12-31,[],,,,
146,山姆天津,SM02,SM02 山姆天津仓,,北京联悦国际供应链管理有限公司,18000226,,辽宁省,沈阳市,,,山姆天津,123.464675,41.677576,,0,0,"[{'linkman': 'cs', 'phone': 13500000000}, {'linkman': '', 'phone': ''}, {'linkman': '', 'phone': ''}]",0,1,0,,0,1,,2025-11-08 10:30:32,,,,,,,[],"[{'id': 222, 'unload_point_id': 146, 'logistics_name': '北京联悦国际供应链管理有限公司', 'logistics_code': '18000226', 'from_date': '2023-01-01', 'expiry_date': '9999-12-31', 'status': 2}]",2023-01-01,9999-12-31,[],,,,
145,山姆嘉兴,SM01,SM01 山姆嘉兴仓,,北京联悦国际供应链管理有限公司,18000226,,辽宁省,沈阳市,,,山姆嘉兴,123.464675,41.677576,,0,0,"[{'linkman': 'cs', 'phone': 13500000000}, {'linkman': '', 'phone': ''}, {'linkman': '', 'phone': ''}]",0,1,0,,0,1,,2025-11-08 10:30:32,,,,,,,[],"[{'id': 221, 'unload_point_id': 145, 'logistics_name': '北京联悦国际供应链管理有限公司', 'logistics_code': '18000226', 'from_date': '2023-01-01', 'expiry_date': '9999-12-31', 'status': 2}]",2023-01-01,9999-12-31,[],,,,
144,电商沈阳,DS07,DS07 电商沈阳,,北京联悦国际供应链管理有限公司,18000226,,辽宁省,沈阳市,,,沈阳市,123.464675,41.677576,,0,0,"[{'linkman': 'cs', 'phone': 13500000000}, {'linkman': '', 'phone': ''}, {'linkman': '', 'phone': ''}]",0,1,0,,0,1,,2025-11-08 10:30:32,,,,,,,[],"[{'id': 220, 'unload_point_id': 144, 'logistics_name': '北京联悦国际供应链管理有限公司', 'logistics_code': '18000226', 'from_date': '2023-01-01', 'expiry_date': '9999-12-31', 'status': 2}]",2023-01-01,9999-12-31,[],,,,
143,电商济南,DS06,DS06 电商济南,,北京联悦国际供应链管理有限公司,18000226,,山东省,济南市,,,济南市,117.120128,36.652069,,0,0,"[{'linkman': 'cs', 'phone': 13500000000}, {'linkman': '', 'phone': ''}, {'linkman': '', 'phone': ''}]",0,1,0,,0,1,,2025-11-08 10:30:32,,,,,,,[],"[{'id': 219, 'unload_point_id': 143, 'logistics_name': '北京联悦国际供应链管理有限公司', 'logistics_code': '18000226', 'from_date': '2023-01-01', 'expiry_date': '9999-12-31', 'status': 2}]",2023-01-01,9999-12-31,[],,,,
142,电商成都,DS05,DS05 电商成都,,北京联悦国际供应链管理有限公司,18000226,,四川省,成都市,,,成都市,104.066301,30.572961,,0,0,"[{'linkman': 'cs', 'phone': 13500000000}, {'linkman': '', 'phone': ''}, {'linkman': '', 'phone': ''}]",0,1,0,,0,1,,2025-11-08 10:30:32,,,,,,,[],"[{'id': 218, 'unload_point_id': 142, 'logistics_name': '北京联悦国际供应链管理有限公司', 'logistics_code': '18000226', 'from_date': '2023-01-01', 'expiry_date': '9999-12-31', 'status': 2}]",2023-01-01,9999-12-31,[],,,,
141,电商武汉,DS04,DS04 电商武汉,,北京联悦国际供应链管理有限公司,18000226,,湖北省,武汉市,,,武汉市,114.304569,30.593354,,0,0,"[{'linkman': 'cs', 'phone': 13500000000}, {'linkman': '', 'phone': ''}, {'linkman': '', 'phone': ''}]",0,1,0,,0,1,,2025-11-08 10:30:32,,,,,,,[],"[{'id': 217, 'unload_point_id': 141, 'logistics_name': '北京联悦国际供应链管理有限公司', 'logistics_code': '18000226', 'from_date': '2023-01-01', 'expiry_date': '9999-12-31', 'status': 2}]",2023-01-01,9999-12-31,[],,,,
140,电商广州,DS03,DS03 电商广州,,北京联悦国际供应链管理有限公司,18000226,,广东省,广州市,,,广州市,113.264499,23.130061,,0,0,"[{'linkman': 'cs', 'phone': 13500000000}, {'linkman': '', 'phone': ''}, {'linkman': '', 'phone': ''}]",0,1,0,,0,1,,2025-11-08 10:30:32,,,,,,,[],"[{'id': 216, 'unload_point_id': 140, 'logistics_name': '北京联悦国际供应链管理有限公司', 'logistics_code': '18000226', 'from_date': '2023-01-01', 'expiry_date': '9999-12-31', 'status': 2}]",2023-01-01,9999-12-31,[],,,,
139,电商天津,DS02,DS02 电商天津,,北京联悦国际供应链管理有限公司,18000226,,天津市,天津市,,,天津市,117.201509,39.085318,,0,0,"[{'linkman': 'cs', 'phone': 13500000000}, {'linkman': '', 'phone': ''}, {'linkman': '', 'phone': ''}]",0,1,0,,0,1,,2025-11-08 10:30:32,,,,,,,[],"[{'id': 215, 'unload_point_id': 139, 'logistics_name': '北京联悦国际供应链管理有限公司', 'logistics_code': '18000226', 'from_date': '2023-01-01', 'expiry_date': '9999-12-31', 'status': 2}]",2023-01-01,9999-12-31,[],,,,
138,电商南京,DS01,DS01 电商南京,,北京联悦国际供应链管理有限公司,18000226,,江苏省,南京市,,,南京市,118.796624,32.059344,,0,0,"[{'linkman': 'cs', 'phone': 13500000000}, {'linkman': '', 'phone': ''}, {'linkman': '', 'phone': ''}]",0,1,0,,0,1,,2025-11-08 10:30:31,,,,,,,[],"[{'id': 214, 'unload_point_id': 138, 'logistics_name': '北京联悦国际供应链管理有限公司', 'logistics_code': '18000226', 'from_date': '2023-01-01', 'expiry_date': '9999-12-31', 'status': 2}]",2023-01-01,9999-12-31,[],,,,
137,天猫佛山,9017,9017 天猫佛山,,北京联悦国际供应链管理有限公司,18000226,,江苏省,苏州市,,,天猫佛山,120.585294,31.299758,,0,0,"[{'linkman': 'cs', 'phone': 13500000000}, {'linkman': '', 'phone': ''}, {'linkman': '', 'phone': ''}]",0,1,0,,0,1,,2025-11-08 10:30:31,,,,,,,[],"[{'id': 213, 'unload_point_id': 137, 'logistics_name': '北京联悦国际供应链管理有限公司', 'logistics_code': '18000226', 'from_date': '2023-01-01', 'expiry_date': '9999-12-31', 'status': 2}]",2023-01-01,9999-12-31,[],,,,
136,天猫苏州,9018,9018 天猫苏州,,北京联悦国际供应链管理有限公司,18000226,,江苏省,苏州市,,,苏州市,120.585294,31.299758,,0,0,"[{'linkman': 'cs', 'phone': 13500000000}, {'linkman': '', 'phone': ''}, {'linkman': '', 'phone': ''}]",0,1,0,,0,1,,2025-11-08 10:30:31,,,,,,,[],"[{'id': 212, 'unload_point_id': 136, 'logistics_name': '北京联悦国际供应链管理有限公司', 'logistics_code': '18000226', 'from_date': '2023-01-01', 'expiry_date': '9999-12-31', 'status': 2}]",2023-01-01,9999-12-31,[],,,,
135,天猫东莞,9015,9015 天猫东莞,,北京联悦国际供应链管理有限公司,18000226,,湖南省,长沙市,,,天猫东莞,112.938882,28.228304,,0,0,"[{'linkman': 'cs', 'phone': 13500000000}, {'linkman': '', 'phone': ''}, {'linkman': '', 'phone': ''}]",0,1,0,,0,1,,2025-11-08 10:30:31,,,,,,,[],"[{'id': 211, 'unload_point_id': 135, 'logistics_name': '北京联悦国际供应链管理有限公司', 'logistics_code': '18000226', 'from_date': '2023-01-01', 'expiry_date': '9999-12-31', 'status': 2}]",2023-01-01,9999-12-31,[],,,,
134,天猫长沙,9014,9014 天猫长沙,,北京联悦国际供应链管理有限公司,18000226,,湖南省,长沙市,,,长沙市,112.938882,28.228304,,0,0,"[{'linkman': 'cs', 'phone': 13500000000}, {'linkman': '', 'phone': ''}, {'linkman': '', 'phone': ''}]",0,1,0,,0,1,,2025-11-08 10:30:31,,,,,,,[],"[{'id': 210, 'unload_point_id': 134, 'logistics_name': '北京联悦国际供应链管理有限公司', 'logistics_code': '18000226', 'from_date': '2023-01-01', 'expiry_date': '9999-12-31', 'status': 2}]",2023-01-01,9999-12-31,[],,,,
133,天猫广州,9008,9008 天猫广州,,北京联悦国际供应链管理有限公司,18000226,,广东省,广州市,,,广州市,113.264499,23.130061,,0,0,"[{'linkman': 'cs', 'phone': 13500000000}, {'linkman': '', 'phone': ''}, {'linkman': '', 'phone': ''}]",0,1,0,,0,1,,2025-11-08 10:30:31,,,,,,,[],"[{'id': 209, 'unload_point_id': 133, 'logistics_name': '北京联悦国际供应链管理有限公司', 'logistics_code': '18000226', 'from_date': '2023-01-01', 'expiry_date': '9999-12-31', 'status': 2}]",2023-01-01,9999-12-31,[],,,,
132,天猫上海,9007,9007 天猫上海,,北京联悦国际供应链管理有限公司,18000226,,江苏省,南京市,浦口区,,天猫上海,118.645353,32.069858,,0,0,"[{'linkman': 'cs', 'phone': 13500000000}, {'linkman': '', 'phone': ''}, {'linkman': '', 'phone': ''}]",0,1,0,,0,1,,2025-11-08 10:30:31,,,,,,,[],"[{'id': 208, 'unload_point_id': 132, 'logistics_name': '北京联悦国际供应链管理有限公司', 'logistics_code': '18000226', 'from_date': '2023-01-01', 'expiry_date': '9999-12-31', 'status': 2}]",2023-01-01,9999-12-31,[],,,,
131,天猫南京,9016,9007 天猫南京,,北京联悦国际供应链管理有限公司,18000226,,江苏省,南京市,浦口区,,天猫甄选家具集合店,118.645353,32.069858,,0,0,"[{'linkman': 'cs', 'phone': 13500000000}, {'linkman': '', 'phone': ''}, {'linkman': '', 'phone': ''}]",0,1,0,,0,1,,2025-11-08 10:30:31,,,,,,,[],"[{'id': 207, 'unload_point_id': 131, 'logistics_name': '北京联悦国际供应链管理有限公司', 'logistics_code': '18000226', 'from_date': '2023-01-01', 'expiry_date': '9999-12-31', 'status': 2}]",2023-01-01,9999-12-31,[],,,,
130,天猫天津,9011,9011 天猫天津,,北京联悦国际供应链管理有限公司,18000226,,天津市,天津市,滨海新区,,天猫国际旗舰店,117.682167,39.000426,,0,0,"[{'linkman': 'cs', 'phone': 13500000000}, {'linkman': '', 'phone': ''}, {'linkman': '', 'phone': ''}]",0,1,0,,0,1,,2025-11-08 10:30:31,,,,,,,[],"[{'id': 206, 'unload_point_id': 130, 'logistics_name': '北京联悦国际供应链管理有限公司', 'logistics_code': '18000226', 'from_date': '2023-01-01', 'expiry_date': '9999-12-31', 'status': 2}]",2023-01-01,9999-12-31,[],,,,
129,西宁,2016,2016 西宁数据在线,85,北京通源达国际供应链管理有限公司,18000220,,青海省,西宁市,,,西宁市,101.777795,36.616621,,0,0,"[{'linkman': 'cs', 'phone': 13500000000}, {'linkman': '', 'phone': ''}, {'linkman': '', 'phone': ''}]",0,1,0,,0,1,,2025-11-08 10:28:47,,,,,,,[],"[{'id': 205, 'unload_point_id': 129, 'logistics_name': '北京通源达国际供应链管理有限公司', 'logistics_code': '18000220', 'from_date': '2023-01-01', 'expiry_date': '9999-12-31', 'status': 2}]",2023-01-01,9999-12-31,[],,,,
128,库尔勒,2015,2015 库尔勒数据在线,84,北京通源达国际供应链管理有限公司,18000220,,新疆维吾尔自治区,乌鲁木齐市,水磨沟区,水磨沟街道,库尔勒,87.64208,43.832714,0,0,0,"[{'linkman': 'cs', 'phone': '13500000000', 'id': '1', 'isTop': '1', 'isLast': '1', 'isNoRemove': '1', 'sort': '0'}]",0,1,0,,0,1,1,2025-11-08 10:28:47,,,,,,,[],"[{'id': 204, 'unload_point_id': 128, 'logistics_name': '北京通源达国际供应链管理有限公司', 'logistics_code': '18000220', 'from_date': '2023-01-01', 'expiry_date': '9999-12-31', 'status': 2}]",2023-01-01,9999-12-31,[],,,,
127,包头,2008,2008 包头数据在线,,北京晶达国际供应链管理有限公司,18000224,,内蒙古自治区,包头市,,沙河街道,包头,109.95315,40.621327,0,0,0,"[{'linkman': 'CS', 'phone': '1870254321', 'id': '1', 'isTop': '1', 'isLast': '1', 'isNoRemove': '1', 'sort': '0'}]",0,1,0,,0,1,1,2025-11-08 10:24:43,,,,,,,[],"[{'id': 201, 'unload_point_id': 127, 'logistics_name': '北京晶达国际供应链管理有限公司', 'logistics_code': '18000224', 'from_date': '2023-01-01', 'expiry_date': '9999-12-31', 'status': 2}]",2023-01-01,9999-12-31,[],,,,
126,长春,2007,2007 长春数据在线,,北京晶达国际供应链管理有限公司,18000224,,黑龙江省,哈尔滨市,,,长春,126.53505,45.802981,,0,0,"[{'linkman': 'CS', 'phone': 1870254321}, {'linkman': '', 'phone': ''}, {'linkman': '', 'phone': ''}]",0,1,0,,0,1,1,2025-11-08 10:24:43,86A1,6886,688600,华彬快速消费品销售（湖北）有限公司,2032-10-01,2025-11-01,"[{'id': 123, 'unload_point_id': 126, 'sales_ltd': '华彬快速消费品销售（湖北）有限公司', 'from_date': '2025-11-01', 'expiry_date': '2032-10-01', 'seller': '688600', 'sales_org': '6886', 'factory_code': '86A1', 'status': 2}]","[{'id': 200, 'unload_point_id': 126, 'logistics_name': '北京晶达国际供应链管理有限公司', 'logistics_code': '18000224', 'from_date': '2023-01-01', 'expiry_date': '9999-12-31', 'status': 2}]",2023-01-01,9999-12-31,[],,,,
125,哈尔滨,2006,2006 哈尔滨数据在线,,北京晶达国际供应链管理有限公司,18000224,,黑龙江省,哈尔滨市,,,哈尔滨市,126.53505,45.802981,,0,0,"[{'linkman': 'CS', 'phone': 1870254321}, {'linkman': '', 'phone': ''}, {'linkman': '', 'phone': ''}]",0,1,0,,0,1,,2025-11-08 10:24:43,,,,,,,[],"[{'id': 199, 'unload_point_id': 125, 'logistics_name': '北京晶达国际供应链管理有限公司', 'logistics_code': '18000224', 'from_date': '2023-01-01', 'expiry_date': '9999-12-31', 'status': 2}]",2023-01-01,9999-12-31,[],,,,
124,沈阳,2005,2005 沈阳数据在线,,北京晶达国际供应链管理有限公司,18000224,,辽宁省,沈阳市,皇姑区,明廉街道,沈阳,123.36375239865,41.8219610677,0,0,0,"[{'linkman': 'CS', 'phone': '1870254321', 'id': '1', 'isTop': '1', 'isLast': '1', 'isNoRemove': '1', 'sort': '0'}]",0,1,0,,0,1,1,2025-11-08 10:24:43,,,,,,,[],"[{'id': 198, 'unload_point_id': 124, 'logistics_name': '北京晶达国际供应链管理有限公司', 'logistics_code': '18000224', 'from_date': '2023-01-01', 'expiry_date': '9999-12-31', 'status': 2}]",2023-01-01,9999-12-31,[],,,,
123,北京,2003,2003 北京数据在线,,北京晶达国际供应链管理有限公司,18000224,,北京市,北京市,,,北京市,116.724502,39.905023,0,0,0,"[{'linkman': 'CS', 'phone': '1870254321', 'id': '1', 'isTop': '1', 'isLast': '1', 'isNoRemove': '1', 'sort': '0'}]",0,1,0,,0,1,1,2025-11-08 10:24:42,,,,,,,[],"[{'id': 197, 'unload_point_id': 123, 'logistics_name': '北京晶达国际供应链管理有限公司', 'logistics_code': '18000224', 'from_date': '2023-01-01', 'expiry_date': '9999-12-31', 'status': 2}]",2023-01-01,9999-12-31,[],,,,
122,太原,2002,2002 太原数据在线,,北京晶达国际供应链管理有限公司,18000224,,山西省,太原市,,,太原市,112.549656,37.870451,0,0,0,"[{'linkman': 'CS', 'phone': '1870254321', 'id': '1', 'isTop': '1', 'isLast': '1', 'isNoRemove': '1', 'sort': '0'}]",0,1,0,,0,1,1,2025-11-08 10:24:42,,,,,,,[],"[{'id': 196, 'unload_point_id': 122, 'logistics_name': '北京晶达国际供应链管理有限公司', 'logistics_code': '18000224', 'from_date': '2023-01-01', 'expiry_date': '9999-12-31', 'status': 2}]",2023-01-01,9999-12-31,[],,,,
121,金华,2021,2021 金华数据在线,,北京驰宁国际供应链管理有限公司,18000223,,浙江省,金华市,婺城区,城东街道,金华,119.66026233484,29.110231980626,5000,1,0,"[{'id': '1', 'linkman': 'CS', 'phone': '18702543666', 'isTop': '1', 'isLast': '1', 'isNoRemove': '1', 'sort': '0'}]",-121,1,0,,0,1,,2025-11-08 10:21:00,84A1,6884,688400,华彬快速消费品销售（福建）有限公司,9999-12-31,2019-11-01,"[{'id': 122, 'unload_point_id': 121, 'sales_ltd': '华彬快速消费品销售（福建）有限公司', 'from_date': '2019-11-01', 'expiry_date': '9999-12-31', 'seller': '688400', 'sales_org': '6884', 'factory_code': '84A1', 'status': 2}]","[{'id': 195, 'unload_point_id': 121, 'logistics_name': '北京驰宁国际供应链管理有限公司', 'logistics_code': '18000223', 'from_date': '2018-11-01', 'expiry_date': '2099-12-31', 'status': 2}]",2018-11-01,2099-12-31,[],,,,
120,台州,2022,2022 台州数据在线,,数据在线,18000218,,浙江省,台州市,椒江区,白云街道,台州,121.41961536357,28.645113187822,5000,1,0,"[{'id': '1', 'linkman': '测试', 'phone': '18702540333', 'isTop': '1', 'isLast': '1', 'isNoRemove': '1', 'sort': '0'}]",-120,1,0,,0,1,1,2025-09-06 14:06:06,89A1,6889,688900,华彬（广东）企业管理有限公司,9999-12-31,2020-09-01,"[{'id': 121, 'unload_point_id': 120, 'sales_ltd': '华彬（广东）企业管理有限公司', 'from_date': '2020-09-01', 'expiry_date': '9999-12-31', 'seller': '688900', 'sales_org': '6889', 'factory_code': '89A1', 'status': 2}]","[{'id': 194, 'unload_point_id': 120, 'logistics_name': '数据在线', 'logistics_code': '18000218', 'from_date': '2019-09-01', 'expiry_date': '2099-12-31', 'status': 2}]",2019-09-01,2099-12-31,[],,,,
119,成都,2036,2036 成都数据在线,,毅远（北京）国际供应链管理有限公司,18000203,,四川省,成都市,青羊区,西御河街道,成都,104.06980561267,30.658777017516,5000,1,0,"[{'id': '1', 'linkman': '示例', 'phone': '1350000000', 'isTop': '1', 'isLast': '1', 'isNoRemove': '1', 'sort': '0'}]",-119,1,0,,0,1,,2025-08-05 14:20:51,89A1,6889,688900,华彬（广东）企业管理有限公司,9999-12-31,2020-08-05,"[{'id': 118, 'unload_point_id': 119, 'sales_ltd': '华彬（广东）企业管理有限公司', 'from_date': '2020-08-05', 'expiry_date': '9999-12-31', 'seller': '688900', 'sales_org': '6889', 'factory_code': '89A1', 'status': 2}]","[{'id': 193, 'unload_point_id': 119, 'logistics_name': '毅远（北京）国际供应链管理有限公司', 'logistics_code': '18000203', 'from_date': '2020-08-05', 'expiry_date': '2099-12-31', 'status': 2}]",2020-08-05,2099-12-31,[],,,,
118,大理,2027,2027 大理数据在线,A3,北京天华伟业供应链管理有限公司,18000219,,云南省,昆明市,官渡区,太和街道,大理,102.72014588048,25.029402925913,5000,1,0,"[{'id': '1', 'linkman': '示例', 'phone': '13500000000', 'isTop': '1', 'isLast': '1', 'isNoRemove': '1', 'sort': '0'}]",-118,1,0,,0,1,1,2025-08-05 14:17:56,84A1,6884,688400,华彬快速消费品销售（福建）有限公司,9999-12-31,2020-08-05,"[{'id': 117, 'unload_point_id': 118, 'sales_ltd': '华彬快速消费品销售（福建）有限公司', 'from_date': '2020-08-05', 'expiry_date': '9999-12-31', 'seller': '688400', 'sales_org': '6884', 'factory_code': '84A1', 'status': 2}]","[{'id': 190, 'unload_point_id': 118, 'logistics_name': '毅远（北京）国际供应链管理有限公司', 'logistics_code': '18000203', 'from_date': '2020-08-05', 'expiry_date': '2023-08-04', 'status': 1}, {'id': 191, 'unload_point_id': 118, 'logistics_name': '北京天华伟业供应链管理有限公司', 'logistics_code': '18000219', 'from_date': '2023-08-05', 'expiry_date': '2049-08-05', 'status': 2}, {'id': 192, 'unload_point_id': 118, 'logistics_name': '毅远（北京）国际供应链管理有限公司', 'logistics_code': '18000203', 'from_date': '2049-08-06', 'expiry_date': '2099-12-31', 'status': 0}]",2023-08-05,2049-08-05,[],,,,
117,贵阳,2029,2029 贵阳数据在线,,北京金达恒通供应链管理有限公司,18000221,,贵州省,贵阳市,观山湖区,宾阳街道,贵阳,106.58378973649,26.611312409554,5000,1,0,"[{'id': '1', 'linkman': '示例', 'phone': '13500000000', 'isTop': '1', 'isLast': '1', 'isNoRemove': '1', 'sort': '0'}]",-117,1,0,,0,1,1,2025-08-05 14:08:33,85A1,6885,688500,华彬快速消费品销售（贵州）有限公司,9999-12-31,2020-08-05,"[{'id': 116, 'unload_point_id': 117, 'sales_ltd': '华彬快速消费品销售（贵州）有限公司', 'from_date': '2020-08-05', 'expiry_date': '9999-12-31', 'seller': '688500', 'sales_org': '6885', 'factory_code': '85A1', 'status': 2}]","[{'id': 187, 'unload_point_id': 117, 'logistics_name': '毅远（北京）国际供应链管理有限公司', 'logistics_code': '18000203', 'from_date': '2020-08-05', 'expiry_date': '2023-08-04', 'status': 1}, {'id': 188, 'unload_point_id': 117, 'logistics_name': '北京金达恒通供应链管理有限公司', 'logistics_code': '18000221', 'from_date': '2023-08-05', 'expiry_date': '2049-08-05', 'status': 2}, {'id': 189, 'unload_point_id': 117, 'logistics_name': '毅远（北京）国际供应链管理有限公司', 'logistics_code': '18000203', 'from_date': '2049-08-06', 'expiry_date': '2099-12-31', 'status': 0}]",2023-08-05,2049-08-05,[],,,,
116,和田,2048,2048 和田数据在线,,北京慧通达国际供应链管理有限公司,18000204,,新疆维吾尔自治区,昌吉回族自治州,吉木萨尔县,五彩湾工业园区,"和田
",89.045663710152,44.787045839563,5000,1,0,"[{'id': '1', 'linkman': '示例', 'phone': '13500000000', 'isTop': '1', 'isLast': '1', 'isNoRemove': '1', 'sort': '0'}]",-116,1,0,,0,1,1,2025-08-05 14:05:50,85A1,6885,688500,华彬快速消费品销售（贵州）有限公司,9999-12-31,2020-08-05,"[{'id': 115, 'unload_point_id': 116, 'sales_ltd': '华彬快速消费品销售（贵州）有限公司', 'from_date': '2020-08-05', 'expiry_date': '9999-12-31', 'seller': '688500', 'sales_org': '6885', 'factory_code': '85A1', 'status': 2}]","[{'id': 184, 'unload_point_id': 116, 'logistics_name': '深圳睿通供应链管理有限公司', 'logistics_code': '18000117', 'from_date': '2020-08-05', 'expiry_date': '2023-08-04', 'status': 1}, {'id': 185, 'unload_point_id': 116, 'logistics_name': '北京慧通达国际供应链管理有限公司', 'logistics_code': '18000204', 'from_date': '2023-08-05', 'expiry_date': '2049-08-05', 'status': 2}, {'id': 186, 'unload_point_id': 116, 'logistics_name': '深圳睿通供应链管理有限公司', 'logistics_code': '18000117', 'from_date': '2049-08-06', 'expiry_date': '2099-12-31', 'status': 0}]",2023-08-05,2049-08-05,[],,,,
115,喀什,2014,2014 喀什数据在线,83,毅远（北京）国际供应链管理有限公司,18000203,,新疆维吾尔自治区,喀什地区,喀什市,恰萨街道,喀什,76.018308965346,39.481444272622,5000,1,0,"[{'id': '1', 'linkman': '示例', 'phone': '13500000000', 'isTop': '1', 'isLast': '1', 'isNoRemove': '1', 'sort': '0'}]",-115,1,0,,0,1,,2025-08-05 13:55:44,85A1,6885,688500,华彬快速消费品销售（贵州）有限公司,9999-12-31,2020-08-05,"[{'id': 114, 'unload_point_id': 115, 'sales_ltd': '华彬快速消费品销售（贵州）有限公司', 'from_date': '2020-08-05', 'expiry_date': '9999-12-31', 'seller': '688500', 'sales_org': '6885', 'factory_code': '85A1', 'status': 2}]","[{'id': 183, 'unload_point_id': 115, 'logistics_name': '毅远（北京）国际供应链管理有限公司', 'logistics_code': '18000203', 'from_date': '2020-08-05', 'expiry_date': '2099-12-31', 'status': 2}]",2020-08-05,2099-12-31,[],,,,
114,昆明,2026,2026 昆明数据在线,,北京天华伟业供应链管理有限公司,18000219,,云南省,昆明市,呈贡区,洛羊街道,昆明,102.88022862456,24.972417195903,5000,1,0,"[{'id': '1', 'linkman': '示例', 'phone': '1350000000', 'isTop': '1', 'isLast': '1', 'isNoRemove': '1', 'sort': '0'}]",-114,1,0,,0,1,1,2025-08-05 13:53:36,84A1,6884,688400,华彬快速消费品销售（福建）有限公司,9999-12-31,2021-08-01,"[{'id': 113, 'unload_point_id': 114, 'sales_ltd': '华彬快速消费品销售（福建）有限公司', 'from_date': '2021-08-01', 'expiry_date': '9999-12-31', 'seller': '688400', 'sales_org': '6884', 'factory_code': '84A1', 'status': 2}]","[{'id': 180, 'unload_point_id': 114, 'logistics_name': '北京慧通达国际供应链管理有限公司', 'logistics_code': '18000204', 'from_date': '2020-08-01', 'expiry_date': '2023-07-31', 'status': 1}, {'id': 181, 'unload_point_id': 114, 'logistics_name': '北京天华伟业供应链管理有限公司', 'logistics_code': '18000219', 'from_date': '2023-08-01', 'expiry_date': '2059-08-01', 'status': 2}, {'id': 182, 'unload_point_id': 114, 'logistics_name': '北京慧通达国际供应链管理有限公司', 'logistics_code': '18000204', 'from_date': '2059-08-02', 'expiry_date': '2099-12-31', 'status': 0}]",2023-08-01,2059-08-01,[],,,,
113,南充,2037,2037 南充数据在线,B4,北京天华伟业供应链管理有限公司,18000219,,四川省,南充市,顺庆区,中城街道,南充,106.09182609268,30.790600355481,5000,1,0,"[{'id': '1', 'linkman': '测试', 'phone': '1350000000', 'isTop': '1', 'isLast': '1', 'isNoRemove': '1', 'sort': '0'}]",-113,1,0,,0,1,1,2025-08-05 13:50:40,89A1,6889,688900,华彬（广东）企业管理有限公司,9999-12-31,2021-08-01,"[{'id': 112, 'unload_point_id': 113, 'sales_ltd': '华彬（广东）企业管理有限公司', 'from_date': '2021-08-01', 'expiry_date': '9999-12-31', 'seller': '688900', 'sales_org': '6889', 'factory_code': '89A1', 'status': 2}]","[{'id': 177, 'unload_point_id': 113, 'logistics_name': '毅远（北京）国际供应链管理有限公司', 'logistics_code': '18000203', 'from_date': '2021-08-01', 'expiry_date': '2023-09-30', 'status': 1}, {'id': 178, 'unload_point_id': 113, 'logistics_name': '北京天华伟业供应链管理有限公司', 'logistics_code': '18000219', 'from_date': '2023-10-01', 'expiry_date': '2029-08-01', 'status': 2}, {'id': 179, 'unload_point_id': 113, 'logistics_name': '毅远（北京）国际供应链管理有限公司', 'logistics_code': '18000203', 'from_date': '2029-08-02', 'expiry_date': '2099-12-31', 'status': 0}]",2023-10-01,2029-08-01,[],,,,
112,重庆,2028,2028 重庆数据在线,A4,北京天华伟业供应链管理有限公司,18000219,,重庆市,重庆市,渝北区,礼嘉街道,重庆,106.51853887636,29.681985362007,5000,1,0,"[{'id': '1', 'linkman': '测试', 'phone': '13500000000', 'isTop': '1', 'isLast': '1', 'isNoRemove': '1', 'sort': '0'}]",-112,1,0,,0,1,1,2025-08-05 13:47:22,89A1,6889,688900,华彬（广东）企业管理有限公司,9999-12-31,2021-08-01,"[{'id': 111, 'unload_point_id': 112, 'sales_ltd': '华彬（广东）企业管理有限公司', 'from_date': '2021-08-01', 'expiry_date': '9999-12-31', 'seller': '688900', 'sales_org': '6889', 'factory_code': '89A1', 'status': 2}]","[{'id': 174, 'unload_point_id': 112, 'logistics_name': '北京德润平安供应链管理有限公司', 'logistics_code': '18000206', 'from_date': '2021-08-01', 'expiry_date': '2023-07-31', 'status': 1}, {'id': 175, 'unload_point_id': 112, 'logistics_name': '北京天华伟业供应链管理有限公司', 'logistics_code': '18000219', 'from_date': '2023-08-01', 'expiry_date': '2041-08-31', 'status': 2}, {'id': 176, 'unload_point_id': 112, 'logistics_name': '北京德润平安供应链管理有限公司', 'logistics_code': '18000206', 'from_date': '2041-09-01', 'expiry_date': '2099-12-31', 'status': 0}]",2023-08-01,2041-08-31,[],,,,
111,遵义,2030,2030 遵义数据在线,A6,北京金达恒通供应链管理有限公司,18000221,,贵州省,遵义市,汇川区,董公寺街道,遵义,106.97941666436,27.774442802811,5000,1,0,"[{'id': '1', 'linkman': '测试', 'phone': '13500000000', 'isTop': '1', 'isLast': '1', 'isNoRemove': '1', 'sort': '0'}]",-111,1,0,,0,1,1,2025-08-05 13:40:18,85A1,6885,688500,华彬快速消费品销售（贵州）有限公司,2032-08-31,2023-04-01,"[{'id': 120, 'unload_point_id': 111, 'sales_ltd': '华彬快速消费品销售（贵州）有限公司', 'from_date': '2023-04-01', 'expiry_date': '2032-08-31', 'seller': '688500', 'sales_org': '6885', 'factory_code': '85A1', 'status': 2}, {'id': 119, 'unload_point_id': 111, 'sales_ltd': '华彬（广东）企业管理有限公司', 'from_date': '2032-09-01', 'expiry_date': '2034-08-31', 'seller': '688900', 'sales_org': '6889', 'factory_code': '89A1', 'status': 0}]","[{'id': 171, 'unload_point_id': 111, 'logistics_name': '毅远（北京）国际供应链管理有限公司', 'logistics_code': '18000203', 'from_date': '2020-06-01', 'expiry_date': '2023-07-31', 'status': 1}, {'id': 172, 'unload_point_id': 111, 'logistics_name': '北京金达恒通供应链管理有限公司', 'logistics_code': '18000221', 'from_date': '2023-08-01', 'expiry_date': '2032-08-31', 'status': 2}, {'id': 173, 'unload_point_id': 111, 'logistics_name': '毅远（北京）国际供应链管理有限公司', 'logistics_code': '18000203', 'from_date': '2032-09-01', 'expiry_date': '2099-12-31', 'status': 0}]",2023-08-01,2032-08-31,[],,,,
110,贵州基地,0091,0091 贵州基地,,毅远（北京）国际供应链管理有限公司,18000203,,贵州省,贵阳市,花溪区,清溪街道,华彬快速消费品饮料（贵州）有限公司,106.67026,26.409817,1,0,1,"[{'id': '1', 'linkman': '测试', 'phone': '1870254999', 'isTop': '1', 'isLast': '1', 'isNoRemove': '1', 'sort': '0'}]",-110,1,0,,0,1,,2025-08-05 11:49:50,,,,,,,[],"[{'id': 170, 'unload_point_id': 110, 'logistics_name': '毅远（北京）国际供应链管理有限公司', 'logistics_code': '18000203', 'from_date': '2023-08-01', 'expiry_date': '2099-12-31', 'status': 2}]",2023-08-01,2099-12-31,[],,,,
109,厦门,0090,0090 厦门基地,,深圳睿通供应链管理有限公司,18000117,,福建省,厦门市,,筼筜街道,厦门基地,118.08891,24.479627,0,0,1,"[{'id': '1', 'linkman': '测试', 'phone': '11012011911', 'isTop': '1', 'isLast': '1', 'isNoRemove': '1', 'sort': '0'}]",-109,1,0,,0,46,1,2024-08-28 14:46:26,84A1,6884,688400,华彬快速消费品销售（福建）有限公司,9999-12-31,2023-01-01,"[{'id': 110, 'unload_point_id': 109, 'sales_ltd': '华彬快速消费品销售（福建）有限公司', 'from_date': '2023-01-01', 'expiry_date': '9999-12-31', 'seller': '688400', 'sales_org': '6884', 'factory_code': '84A1', 'status': 2}]","[{'id': 169, 'unload_point_id': 109, 'logistics_name': '深圳睿通供应链管理有限公司', 'logistics_code': '18000117', 'from_date': '2023-01-01', 'expiry_date': '2099-12-31', 'status': 2}]",2023-01-01,2099-12-31,[],,,,
104,上海,2024,2024 上海数据在线,99,北京德润平安供应链管理有限公司,18000206,,上海市,上海市,崇明区,竖新镇,上海红牛仓库,121.57080291729,31.551316914108,0,0,0,"[{'id': '1', 'linkman': '测试', 'phone': '18702540396', 'isTop': '1', 'isLast': '1', 'isNoRemove': '1', 'sort': '0'}]",-104,1,0,,0,1,1,2024-06-05 18:03:23,84A1,6884,688400,华彬快速消费品销售（福建）有限公司,9999-12-31,2023-01-01,"[{'id': 105, 'unload_point_id': 104, 'sales_ltd': '华彬快速消费品销售（福建）有限公司', 'from_date': '2023-01-01', 'expiry_date': '9999-12-31', 'seller': '688400', 'sales_org': '6884', 'factory_code': '84A1', 'status': 2}]","[{'id': 164, 'unload_point_id': 104, 'logistics_name': '北京德润平安供应链管理有限公司', 'logistics_code': '18000206', 'from_date': '2023-01-01', 'expiry_date': '2099-12-31', 'status': 2}]",2023-01-01,2099-12-31,"[{'id': 1, 'unload_point_id': 104, 'sales_unit': '北京红牛饮料销售汕头分公司', 'sales_unit_code': '8842', 'from_date': '2024-01-01', 'expiry_date': '2024-07-16', 'status': 1}, {'id': 4, 'unload_point_id': 104, 'sales_unit': '北京红牛饮料销售汕头分公司', 'sales_unit_code': '8842', 'from_date': '2024-07-17', 'expiry_date': '2024-07-31', 'status': 1}, {'id': 5, 'unload_point_id': 104, 'sales_unit': '北京红牛饮料销售汕头分公司', 'sales_unit_code': '8842', 'from_date': '2024-08-01', 'expiry_date': '9999-12-31', 'status': 2}]",北京红牛饮料销售汕头分公司,8842,2024-08-01,9999-12-31
103,南京,2023,2023 南京数据在线,98,北京德润平安供应链管理有限公司,18000206,,江苏省,南京市,秦淮区,红花街道,红牛仓库,118.80864278401,32.00340473721,1,0,0,"[{'id': '1', 'linkman': '测试', 'phone': '18702540396', 'isTop': '1', 'isLast': '1', 'isNoRemove': '1', 'sort': '0'}]",-103,1,0,,0,1,1,2024-06-05 18:01:33,84A1,6884,688400,华彬快速消费品销售（福建）有限公司,9999-12-31,2023-01-01,"[{'id': 104, 'unload_point_id': 103, 'sales_ltd': '华彬快速消费品销售（福建）有限公司', 'from_date': '2023-01-01', 'expiry_date': '9999-12-31', 'seller': '688400', 'sales_org': '6884', 'factory_code': '84A1', 'status': 2}]","[{'id': 163, 'unload_point_id': 103, 'logistics_name': '北京德润平安供应链管理有限公司', 'logistics_code': '18000206', 'from_date': '2023-01-01', 'expiry_date': '2099-12-31', 'status': 2}]",2023-01-01,2099-12-31,"[{'id': 6, 'unload_point_id': 103, 'sales_unit': '上海分公司销售组织', 'sales_unit_code': '8819', 'from_date': '2024-07-13', 'expiry_date': '2999-12-31', 'status': 2}]",上海分公司销售组织,8819,2024-07-13,2999-12-31
102,湖北奥瑞金,0098,0098 咸宁基地,,北京厚朴国际运输代理有限公司,18000207,,湖北省,咸宁市,咸安区,官埠桥镇,奥瑞金,114.34549242,29.903099018258,0,0,1,"[{'id': '1', 'linkman': '测试', 'phone': '187025403999', 'isTop': '1', 'isLast': '1', 'isNoRemove': '1', 'sort': '0'}]",-102,2,1,2024-06-07 10:00:42,0,1,89,2024-05-17 18:08:03,89A1,6889,688900,华彬（广东）企业管理有限公司,9999-12-31,2024-05-01,"[{'id': 103, 'unload_point_id': 102, 'sales_ltd': '华彬（广东）企业管理有限公司', 'from_date': '2024-05-01', 'expiry_date': '9999-12-31', 'seller': '688900', 'sales_org': '6889', 'factory_code': '89A1', 'status': 2}]","[{'id': 162, 'unload_point_id': 102, 'logistics_name': '北京厚朴国际运输代理有限公司', 'logistics_code': '18000207', 'from_date': '2024-05-01', 'expiry_date': '2099-12-31', 'status': 2}]",2024-05-01,2099-12-31,[],,,,
101,宜兴,0094,0094 江苏宜兴基地,,北京德润平安供应链管理有限公司,18000206,,江苏省,无锡市,宜兴市,屺亭街道,宜兴红牛基地,119.88726074311,31.409809886417,1,0,1,"[{'id': '1', 'linkman': '测试', 'phone': '18702540366', 'isTop': '1', 'isLast': '1', 'isNoRemove': '1', 'sort': '0'}]",-101,1,1,2024-05-24 15:29:09,0,1,,2024-05-17 17:59:40,84A1,6884,688400,华彬快速消费品销售（福建）有限公司,9999-12-31,2024-05-01,"[{'id': 102, 'unload_point_id': 101, 'sales_ltd': '华彬快速消费品销售（福建）有限公司', 'from_date': '2024-05-01', 'expiry_date': '9999-12-31', 'seller': '688400', 'sales_org': '6884', 'factory_code': '84A1', 'status': 2}]","[{'id': 161, 'unload_point_id': 101, 'logistics_name': '北京德润平安供应链管理有限公司', 'logistics_code': '18000206', 'from_date': '2024-05-01', 'expiry_date': '2099-12-31', 'status': 2}]",2024-05-01,2099-12-31,[],,,,
100,拉萨,XZ01,XZ01 西藏库位,29,北京厚朴国际运输代理有限公司,18000207,,西藏自治区,拉萨市,城关区,娘热乡,布达拉宫,91.126149338252,29.683175963407,0,0,0,"[{'id': '1', 'linkman': 'wxy', 'phone': '18702540396', 'isTop': '1', 'isLast': '1', 'isNoRemove': '1', 'sort': '0'}]",-100,2,1,2024-06-11 10:42:07,0,1,1,2024-05-16 09:23:29,89A1,6889,688900,华彬（广东）企业管理有限公司,9999-12-31,2024-04-01,"[{'id': 101, 'unload_point_id': 100, 'sales_ltd': '华彬（广东）企业管理有限公司', 'from_date': '2024-04-01', 'expiry_date': '9999-12-31', 'seller': '688900', 'sales_org': '6889', 'factory_code': '89A1', 'status': 2}]","[{'id': 156, 'unload_point_id': 100, 'logistics_name': '深圳睿通供应链管理有限公司', 'logistics_code': '18000117', 'from_date': '2024-04-01', 'expiry_date': '2024-05-17', 'status': 1}, {'id': 158, 'unload_point_id': 100, 'logistics_name': '深圳睿通供应链管理有限公司', 'logistics_code': '18000117', 'from_date': '2024-05-18', 'expiry_date': '2099-12-31', 'status': 2}, {'id': 159, 'unload_point_id': 100, 'logistics_name': '北京厚朴国际运输代理有限公司', 'logistics_code': '18000207', 'from_date': '2024-05-18', 'expiry_date': '2027-05-01', 'status': 2}]",2024-05-18,2027-05-01,[],,,,
99,杭州,2020,2020 杭州数据在线,95,北京德润平安供应链管理有限公司,18000206,,浙江省,杭州市,临平区,临平街道,临平大道9号杭州易商大东南物流园B区1-15至21红牛库,120.32750546104,30.448986917932,500,1,0,"[{'id': '1', 'linkman': '戈珊珊', 'phone': '13600535632', 'isTop': '1', 'isLast': '', 'isNoRemove': '1', 'sort': '0'}, {'id': '2', 'linkman': '马飞跃', 'phone': '13146958989', 'isTop': '', 'isLast': '1', 'isNoRemove': '', 'sort': '1', 'shipped_out_num': '0'}]",-99,1,0,,0,2,1,2024-02-07 16:39:30,84A1,6884,688400,华彬快速消费品销售（福建）有限公司,9999-12-31,2023-01-01,"[{'id': 100, 'unload_point_id': 99, 'sales_ltd': '华彬快速消费品销售（福建）有限公司', 'from_date': '2023-01-01', 'expiry_date': '9999-12-31', 'seller': '688400', 'sales_org': '6884', 'factory_code': '84A1', 'status': 2}]","[{'id': 126, 'unload_point_id': 99, 'logistics_name': '北京德润平安供应链管理有限公司', 'logistics_code': '18000206', 'from_date': '2023-01-01', 'expiry_date': '2024-04-02', 'status': 1}, {'id': 154, 'unload_point_id': 99, 'logistics_name': '华源世纪（北京）国际供应链管理有限公司', 'logistics_code': '18000205', 'from_date': '2024-04-03', 'expiry_date': '2024-04-06', 'status': 1}, {'id': 155, 'unload_point_id': 99, 'logistics_name': '北京德润平安供应链管理有限公司', 'logistics_code': '18000206', 'from_date': '2024-04-07', 'expiry_date': '9999-12-31', 'status': 2}]",2024-04-07,9999-12-31,[],,,,
98,淮安,2019,2019 淮安数据在线,92,北京驰宁国际供应链管理有限公司,18000223,,广东省,深圳市,龙岗区,,万科红立方大厦,114.129753,22.597929,500,1,0,"[{'linkman': '杨洋', 'phone': 18702540396}, {'linkman': '', 'phone': ''}, {'linkman': '', 'phone': ''}]",0,2,1,2024-05-24 16:48:17,0,24,1,2024-01-15 17:34:19,84A1,6884,688400,华彬快速消费品销售（福建）有限公司,9999-12-31,2023-01-01,"[{'id': 97, 'unload_point_id': 98, 'sales_ltd': '华彬快速消费品销售（福建）有限公司', 'from_date': '2023-01-01', 'expiry_date': '9999-12-31', 'seller': '688400', 'sales_org': '6884', 'factory_code': '84A1', 'status': 2}]","[{'id': 125, 'unload_point_id': 98, 'logistics_name': '北京德润平安供应链管理有限公司', 'logistics_code': '18000206', 'from_date': '2023-01-01', 'expiry_date': '2024-03-31', 'status': 1}, {'id': 202, 'unload_point_id': 98, 'logistics_name': '北京驰宁国际供应链管理有限公司', 'logistics_code': '18000223', 'from_date': '2024-04-01', 'expiry_date': '2032-11-17', 'status': 2}, {'id': 203, 'unload_point_id': 98, 'logistics_name': '北京德润平安供应链管理有限公司', 'logistics_code': '18000206', 'from_date': '2032-11-18', 'expiry_date': '9999-12-31', 'status': 0}]",2024-04-01,2032-11-17,[],,,,
96,咸宁基地,0098,0098 咸宁基地,29,北京厚朴国际运输代理有限公司,18000207,--,湖北省,咸宁市,咸安区,浮山街道,红牛维他命饮料有限公司,114.34748656561,29.85969458914,500,1,1,"[{'linkman': 'DZP', 'phone': '18702540396', 'id': '1', 'isTop': '1', 'isLast': '1', 'isNoRemove': '1', 'sort': '0'}]",0,1,0,,0,1,89,2024-01-11 12:03:40,89A1,6889,688900,华彬（广东）企业管理有限公司,9999-12-31,2023-01-01,"[{'id': 96, 'unload_point_id': 96, 'sales_ltd': '华彬（广东）企业管理有限公司', 'from_date': '2023-01-01', 'expiry_date': '9999-12-31', 'seller': '688900', 'sales_org': '6889', 'factory_code': '89A1', 'status': 2}]","[{'id': 124, 'unload_point_id': 96, 'logistics_name': '北京厚朴国际运输代理有限公司', 'logistics_code': '18000207', 'from_date': '2023-01-01', 'expiry_date': '9999-12-31', 'status': 2}]",2023-01-01,9999-12-31,"[{'id': 7, 'unload_point_id': 96, 'sales_unit': '广州分公司销售组织', 'sales_unit_code': '8820', 'from_date': '2023-01-01', 'expiry_date': '9999-12-31', 'status': 2}]",广州分公司销售组织,8820,2023-01-01,9999-12-31
95,汕头,6004,6004 汕头睿通,94,深圳睿通供应链管理有限公司,18000117,,广东省,汕头市,龙湖区,,汕头市百捷储运有限公司,116.720871,23.43297,500,1,0,"[{'id': '1', 'linkman': '谢常春', 'phone': '13509880101', 'isTop': '1', 'isLast': '1', 'isNoRemove': '1', 'sort': '0'}]",0,1,0,,0,2,1,2024-01-10 15:25:21,89A1,6889,688900,华彬（广东）企业管理有限公司,9999-12-31,2023-01-01,"[{'id': 95, 'unload_point_id': 95, 'sales_ltd': '华彬（广东）企业管理有限公司', 'from_date': '2023-01-01', 'expiry_date': '9999-12-31', 'seller': '688900', 'sales_org': '6889', 'factory_code': '89A1', 'status': 2}]","[{'id': 123, 'unload_point_id': 95, 'logistics_name': '深圳睿通供应链管理有限公司', 'logistics_code': '18000117', 'from_date': '2023-01-01', 'expiry_date': '9999-12-31', 'status': 2}]",2023-01-01,9999-12-31,"[{'id': 9, 'unload_point_id': 95, 'sales_unit': '北京红牛饮料销售汕头分公司', 'sales_unit_code': '8842', 'from_date': '2024-08-21', 'expiry_date': '2039-08-31', 'status': 2}]",北京红牛饮料销售汕头分公司,8842,2024-08-21,2039-08-31
94,湛江,6003,6003 湛江睿通,93,深圳睿通供应链管理有限公司,18000117,,广东省,湛江市,霞山区,,京东仓库,110.390228,21.222698,500,1,0,[],0,1,0,,0,2,1,2024-01-10 15:25:21,89A1,6889,688900,华彬（广东）企业管理有限公司,9999-12-31,2023-01-01,"[{'id': 94, 'unload_point_id': 94, 'sales_ltd': '华彬（广东）企业管理有限公司', 'from_date': '2023-01-01', 'expiry_date': '9999-12-31', 'seller': '688900', 'sales_org': '6889', 'factory_code': '89A1', 'status': 2}]","[{'id': 122, 'unload_point_id': 94, 'logistics_name': '深圳睿通供应链管理有限公司', 'logistics_code': '18000117', 'from_date': '2023-01-01', 'expiry_date': '9999-12-31', 'status': 2}]",2023-01-01,9999-12-31,[],,,,
93,泉州,6002,6002 泉州睿通,91,深圳睿通供应链管理有限公司,18000117,,福建省,泉州市,丰泽区,,浔美工业区,118.64769,24.925667,500,1,0,[],0,1,0,,0,2,1,2024-01-10 15:25:20,84A1,6884,688400,华彬快速消费品销售（福建）有限公司,9999-12-31,2023-01-01,"[{'id': 93, 'unload_point_id': 93, 'sales_ltd': '华彬快速消费品销售（福建）有限公司', 'from_date': '2023-01-01', 'expiry_date': '9999-12-31', 'seller': '688400', 'sales_org': '6884', 'factory_code': '84A1', 'status': 2}]","[{'id': 121, 'unload_point_id': 93, 'logistics_name': '深圳睿通供应链管理有限公司', 'logistics_code': '18000117', 'from_date': '2023-01-01', 'expiry_date': '9999-12-31', 'status': 2}]",2023-01-01,9999-12-31,[],,,,
92,福州,6001,6001 福州睿通,90,深圳睿通供应链管理有限公司,18000117,,福建省,福州市,马尾区,罗星街道,红牛仓库,119.45636557136,25.98604937996,500,0,0,"[{'id': '1', 'linkman': '梁於明', 'phone': '18059776285', 'isTop': '1', 'isLast': '1', 'isNoRemove': '1', 'sort': '0'}]",0,1,0,,0,2,1,2024-01-10 15:25:20,84A1,6884,688400,华彬快速消费品销售（福建）有限公司,9999-12-31,2023-01-01,"[{'id': 92, 'unload_point_id': 92, 'sales_ltd': '华彬快速消费品销售（福建）有限公司', 'from_date': '2023-01-01', 'expiry_date': '9999-12-31', 'seller': '688400', 'sales_org': '6884', 'factory_code': '84A1', 'status': 2}]","[{'id': 120, 'unload_point_id': 92, 'logistics_name': '深圳睿通供应链管理有限公司', 'logistics_code': '18000117', 'from_date': '2023-01-01', 'expiry_date': '9999-12-31', 'status': 2}]",2023-01-01,9999-12-31,"[{'id': 8, 'unload_point_id': 92, 'sales_unit': '福建分公司销售组织', 'sales_unit_code': '8817', 'from_date': '2023-01-01', 'expiry_date': '9999-12-31', 'status': 2}]",福建分公司销售组织,8817,2023-01-01,9999-12-31
91,贵港,2045,2045 贵港数据在线,C3,华源世纪（北京）国际供应链管理有限公司,18000205,,广西壮族自治区,贵港市,港北区,,南平路33号,109.62983,23.08368,500,1,0,[],0,1,0,,0,2,,2024-01-10 15:25:20,86A1,6886,688600,华彬快速消费品销售（湖北）有限公司,9999-12-31,2023-01-01,"[{'id': 91, 'unload_point_id': 91, 'sales_ltd': '华彬快速消费品销售（湖北）有限公司', 'from_date': '2023-01-01', 'expiry_date': '9999-12-31', 'seller': '688600', 'sales_org': '6886', 'factory_code': '86A1', 'status': 2}]","[{'id': 119, 'unload_point_id': 91, 'logistics_name': '华源世纪（北京）国际供应链管理有限公司', 'logistics_code': '18000205', 'from_date': '2023-01-01', 'expiry_date': '9999-12-31', 'status': 2}]",2023-01-01,9999-12-31,[],,,,
90,柳州,2044,2044 柳州数据在线,C2,华源世纪（北京）国际供应链管理有限公司,18000205,,广西壮族自治区,柳州市,柳江区,,广西长乐物流园,109.338867,24.213779,500,1,0,[],0,1,0,,0,2,,2024-01-10 15:25:20,86A1,6886,688600,华彬快速消费品销售（湖北）有限公司,9999-12-31,2023-01-01,"[{'id': 90, 'unload_point_id': 90, 'sales_ltd': '华彬快速消费品销售（湖北）有限公司', 'from_date': '2023-01-01', 'expiry_date': '9999-12-31', 'seller': '688600', 'sales_org': '6886', 'factory_code': '86A1', 'status': 2}]","[{'id': 118, 'unload_point_id': 90, 'logistics_name': '华源世纪（北京）国际供应链管理有限公司', 'logistics_code': '18000205', 'from_date': '2023-01-01', 'expiry_date': '9999-12-31', 'status': 2}]",2023-01-01,9999-12-31,[],,,,
89,南宁,2043,2043 南宁数据在线,C1,华源世纪（北京）国际供应链管理有限公司,18000205,,广西壮族自治区,南宁市,江南区,,五一西路78号,108.25465,22.78556,500,1,0,[],0,1,0,,0,2,,2024-01-10 15:25:20,86A1,6886,688600,华彬快速消费品销售（湖北）有限公司,9999-12-31,2023-01-01,"[{'id': 89, 'unload_point_id': 89, 'sales_ltd': '华彬快速消费品销售（湖北）有限公司', 'from_date': '2023-01-01', 'expiry_date': '9999-12-31', 'seller': '688600', 'sales_org': '6886', 'factory_code': '86A1', 'status': 2}]","[{'id': 117, 'unload_point_id': 89, 'logistics_name': '华源世纪（北京）国际供应链管理有限公司', 'logistics_code': '18000205', 'from_date': '2023-01-01', 'expiry_date': '9999-12-31', 'status': 2}]",2023-01-01,9999-12-31,[],,,,
88,海口,2042,2042 海口数据在线,B9,北京慧通达国际供应链管理有限公司,18000204,,海南省,海口市,秀英区,,兴海路19号,110.254939,20.003215,500,1,0,[],0,1,0,,0,2,,2024-01-10 15:25:20,89A1,6889,688900,华彬（广东）企业管理有限公司,9999-12-31,2023-01-01,"[{'id': 88, 'unload_point_id': 88, 'sales_ltd': '华彬（广东）企业管理有限公司', 'from_date': '2023-01-01', 'expiry_date': '9999-12-31', 'seller': '688900', 'sales_org': '6889', 'factory_code': '89A1', 'status': 2}]","[{'id': 116, 'unload_point_id': 88, 'logistics_name': '北京慧通达国际供应链管理有限公司', 'logistics_code': '18000204', 'from_date': '2023-01-01', 'expiry_date': '9999-12-31', 'status': 2}]",2023-01-01,9999-12-31,[],,,,
87,东莞,2041,2041 东莞数据在线,B8,北京慧通达国际供应链管理有限公司,18000204,,广东省,东莞市,,,东莞市贝诺保温材料有限公司,113.680351,22.970268,500,1,0,[],0,1,0,,0,2,,2024-01-10 15:25:20,89A1,6889,688900,华彬（广东）企业管理有限公司,9999-12-31,2023-01-01,"[{'id': 87, 'unload_point_id': 87, 'sales_ltd': '华彬（广东）企业管理有限公司', 'from_date': '2023-01-01', 'expiry_date': '9999-12-31', 'seller': '688900', 'sales_org': '6889', 'factory_code': '89A1', 'status': 2}]","[{'id': 115, 'unload_point_id': 87, 'logistics_name': '北京慧通达国际供应链管理有限公司', 'logistics_code': '18000204', 'from_date': '2023-01-01', 'expiry_date': '9999-12-31', 'status': 2}]",2023-01-01,9999-12-31,[],,,,
86,深圳,2040,2040 深圳数据在线,B7,北京慧通达国际供应链管理有限公司,18000204,,广东省,深圳市,宝安区,,松白路2990号,113.92099,22.69072,500,1,0,"[{'linkman': 'DZP', 'phone': '18702540396', 'id': '1', 'isTop': '1', 'isLast': '', 'isNoRemove': '1', 'sort': '0'}, {'linkman': 'admin23', 'phone': '165656565656', 'id': '2', 'isTop': '', 'isLast': '', 'isNoRemove': '', 'sort': '1'}, {'linkman': 'wxy2', 'phone': '13600000001', 'id': '3', 'isTop': '', 'isLast': '1', 'isNoRemove': '', 'sort': '2', 'shipped_out_num': '0'}]",0,1,0,,0,2,1,2024-01-10 15:25:20,89A1,6889,688900,华彬（广东）企业管理有限公司,9999-12-31,2023-01-01,"[{'id': 86, 'unload_point_id': 86, 'sales_ltd': '华彬（广东）企业管理有限公司', 'from_date': '2023-01-01', 'expiry_date': '9999-12-31', 'seller': '688900', 'sales_org': '6889', 'factory_code': '89A1', 'status': 2}]","[{'id': 114, 'unload_point_id': 86, 'logistics_name': '北京慧通达国际供应链管理有限公司', 'logistics_code': '18000204', 'from_date': '2023-01-01', 'expiry_date': '9999-12-31', 'status': 2}]",2023-01-01,9999-12-31,[],,,,
85,三水,2039,2039 广州数据在线,B6,北京慧通达国际供应链管理有限公司,18000204,,广东省,佛山市,三水区,,瑞其仓库,112.829842,23.09082,500,1,0,[],0,1,0,,0,2,,2024-01-10 15:25:20,89A1,6889,688900,华彬（广东）企业管理有限公司,9999-12-31,2023-01-01,"[{'id': 85, 'unload_point_id': 85, 'sales_ltd': '华彬（广东）企业管理有限公司', 'from_date': '2023-01-01', 'expiry_date': '9999-12-31', 'seller': '688900', 'sales_org': '6889', 'factory_code': '89A1', 'status': 2}]","[{'id': 113, 'unload_point_id': 85, 'logistics_name': '北京慧通达国际供应链管理有限公司', 'logistics_code': '18000204', 'from_date': '2023-01-01', 'expiry_date': '9999-12-31', 'status': 2}]",2023-01-01,9999-12-31,[],,,,
84,三水外仓,2039,2039 广州数据在线,B6,北京慧通达国际供应链管理有限公司,18000204,,广东省,佛山市,三水区,,瑞其仓库,112.829842,23.09082,500,1,0,[],0,1,0,,0,2,,2024-01-10 15:25:19,89A1,6889,688900,华彬（广东）企业管理有限公司,9999-12-31,2023-01-01,"[{'id': 84, 'unload_point_id': 84, 'sales_ltd': '华彬（广东）企业管理有限公司', 'from_date': '2023-01-01', 'expiry_date': '9999-12-31', 'seller': '688900', 'sales_org': '6889', 'factory_code': '89A1', 'status': 2}]","[{'id': 112, 'unload_point_id': 84, 'logistics_name': '北京慧通达国际供应链管理有限公司', 'logistics_code': '18000204', 'from_date': '2023-01-01', 'expiry_date': '9999-12-31', 'status': 2}]",2023-01-01,9999-12-31,[],,,,
83,广州,2039,2039 广州数据在线,B6,北京慧通达国际供应链管理有限公司,18000204,,广东省,佛山市,三水区,,瑞其仓库,112.829842,23.09082,500,1,1,[],0,1,0,,0,2,2,2024-01-10 15:25:19,89A1,6889,688900,华彬（广东）企业管理有限公司,9999-12-31,2023-01-01,"[{'id': 83, 'unload_point_id': 83, 'sales_ltd': '华彬（广东）企业管理有限公司', 'from_date': '2023-01-01', 'expiry_date': '9999-12-31', 'seller': '688900', 'sales_org': '6889', 'factory_code': '89A1', 'status': 2}]","[{'id': 111, 'unload_point_id': 83, 'logistics_name': '北京慧通达国际供应链管理有限公司', 'logistics_code': '18000204', 'from_date': '2023-01-01', 'expiry_date': '9999-12-31', 'status': 2}]",2023-01-01,9999-12-31,[],,,,
82,赣州,2053,2053 赣州数据在线,D4,北京德润平安供应链管理有限公司,18000206,,江西省,赣州市,章贡区,,弘森(北区),114.871002,25.866182,500,1,0,[],0,1,0,,0,2,,2024-01-10 15:25:19,84A1,6884,688400,华彬快速消费品销售（福建）有限公司,9999-12-31,2023-01-01,"[{'id': 82, 'unload_point_id': 82, 'sales_ltd': '华彬快速消费品销售（福建）有限公司', 'from_date': '2023-01-01', 'expiry_date': '9999-12-31', 'seller': '688400', 'sales_org': '6884', 'factory_code': '84A1', 'status': 2}]","[{'id': 110, 'unload_point_id': 82, 'logistics_name': '北京德润平安供应链管理有限公司', 'logistics_code': '18000206', 'from_date': '2023-01-01', 'expiry_date': '9999-12-31', 'status': 2}]",2023-01-01,9999-12-31,[],,,,
81,南昌,2038,2038 南昌数据在线,B5,北京德润平安供应链管理有限公司,18000206,,江西省,南昌市,南昌县,,金沙二路,115.882174,28.597795,500,1,0,[],0,1,0,,0,2,,2024-01-10 15:25:19,84A1,6884,688400,华彬快速消费品销售（福建）有限公司,9999-12-31,2023-01-01,"[{'id': 81, 'unload_point_id': 81, 'sales_ltd': '华彬快速消费品销售（福建）有限公司', 'from_date': '2023-01-01', 'expiry_date': '9999-12-31', 'seller': '688400', 'sales_org': '6884', 'factory_code': '84A1', 'status': 2}]","[{'id': 109, 'unload_point_id': 81, 'logistics_name': '北京德润平安供应链管理有限公司', 'logistics_code': '18000206', 'from_date': '2023-01-01', 'expiry_date': '9999-12-31', 'status': 2}]",2023-01-01,9999-12-31,[],,,,
80,荆州,2035,2035 荆州数据在线,B2,华源世纪（北京）国际供应链管理有限公司,18000205,,湖北省,荆州市,沙市区,,江津东路95号,112.29603,30.29163,500,1,0,[],0,1,0,,0,2,,2024-01-10 15:25:19,86A1,6886,688600,华彬快速消费品销售（湖北）有限公司,9999-12-31,2023-01-01,"[{'id': 80, 'unload_point_id': 80, 'sales_ltd': '华彬快速消费品销售（湖北）有限公司', 'from_date': '2023-01-01', 'expiry_date': '9999-12-31', 'seller': '688600', 'sales_org': '6886', 'factory_code': '86A1', 'status': 2}]","[{'id': 108, 'unload_point_id': 80, 'logistics_name': '华源世纪（北京）国际供应链管理有限公司', 'logistics_code': '18000205', 'from_date': '2023-01-01', 'expiry_date': '9999-12-31', 'status': 2}]",2023-01-01,9999-12-31,[],,,,
79,衡阳,2034,2034 衡阳数据在线,B1,华源世纪（北京）国际供应链管理有限公司,18000205,,湖南省,衡阳市,雁峰区,,无锡市汇健物流有限公司,112.64666,26.824978,500,1,0,[],0,1,0,,0,2,,2024-01-10 15:25:19,86A1,6886,688600,华彬快速消费品销售（湖北）有限公司,9999-12-31,2023-01-01,"[{'id': 79, 'unload_point_id': 79, 'sales_ltd': '华彬快速消费品销售（湖北）有限公司', 'from_date': '2023-01-01', 'expiry_date': '9999-12-31', 'seller': '688600', 'sales_org': '6886', 'factory_code': '86A1', 'status': 2}]","[{'id': 107, 'unload_point_id': 79, 'logistics_name': '华源世纪（北京）国际供应链管理有限公司', 'logistics_code': '18000205', 'from_date': '2023-01-01', 'expiry_date': '9999-12-31', 'status': 2}]",2023-01-01,9999-12-31,[],,,,
78,邵阳,2033,2033 邵阳数据在线,A9,华源世纪（北京）国际供应链管理有限公司,18000205,,湖南省,邵阳市,双清区,,火车北站兴隆家私城,111.536591,27.258881,500,1,0,[],0,1,0,,0,2,,2024-01-10 15:25:19,86A1,6886,688600,华彬快速消费品销售（湖北）有限公司,9999-12-31,2023-01-01,"[{'id': 78, 'unload_point_id': 78, 'sales_ltd': '华彬快速消费品销售（湖北）有限公司', 'from_date': '2023-01-01', 'expiry_date': '9999-12-31', 'seller': '688600', 'sales_org': '6886', 'factory_code': '86A1', 'status': 2}]","[{'id': 106, 'unload_point_id': 78, 'logistics_name': '华源世纪（北京）国际供应链管理有限公司', 'logistics_code': '18000205', 'from_date': '2023-01-01', 'expiry_date': '9999-12-31', 'status': 2}]",2023-01-01,9999-12-31,[],,,,
77,长沙,2032,2032 长沙数据在线,A8,华源世纪（北京）国际供应链管理有限公司,18000205,,湖南省,长沙市,长沙县,,中脉laca形体管理会所,113.196144,28.223005,500,1,0,[],0,1,0,,0,2,,2024-01-10 15:25:19,86A1,6886,688600,华彬快速消费品销售（湖北）有限公司,9999-12-31,2023-01-01,"[{'id': 77, 'unload_point_id': 77, 'sales_ltd': '华彬快速消费品销售（湖北）有限公司', 'from_date': '2023-01-01', 'expiry_date': '9999-12-31', 'seller': '688600', 'sales_org': '6886', 'factory_code': '86A1', 'status': 2}]","[{'id': 105, 'unload_point_id': 77, 'logistics_name': '华源世纪（北京）国际供应链管理有限公司', 'logistics_code': '18000205', 'from_date': '2023-01-01', 'expiry_date': '9999-12-31', 'status': 2}]",2023-01-01,9999-12-31,[],,,,
76,武汉,2031,2031 武汉数据在线,A7,华源世纪（北京）国际供应链管理有限公司,18000205,,湖北省,武汉市,东西湖区,,荷沙路,113.950638,30.701469,500,1,0,"[{'id': '1', 'linkman': 'DZP', 'phone': '18702540333', 'isTop': '1', 'isLast': '1', 'isNoRemove': '1', 'sort': '0'}]",0,1,0,,0,2,1,2024-01-10 15:25:19,86A1,6886,688600,华彬快速消费品销售（湖北）有限公司,9999-12-31,2023-01-01,"[{'id': 76, 'unload_point_id': 76, 'sales_ltd': '华彬快速消费品销售（湖北）有限公司', 'from_date': '2023-01-01', 'expiry_date': '9999-12-31', 'seller': '688600', 'sales_org': '6886', 'factory_code': '86A1', 'status': 2}]","[{'id': 104, 'unload_point_id': 76, 'logistics_name': '华源世纪（北京）国际供应链管理有限公司', 'logistics_code': '18000205', 'from_date': '2023-01-01', 'expiry_date': '9999-12-31', 'status': 2}]",2023-01-01,9999-12-31,[],,,,
75,三水基地,0095,0095 佛山基地,42,北京慧通达国际供应链管理有限公司,18000204,,广东省,佛山市,三水区,,红牛路81号,112.83626,23.09338,500,1,1,"[{'id': '1', 'linkman': '测试', 'phone': '18702540399', 'isTop': '1', 'isLast': '1', 'isNoRemove': '1', 'sort': '0'}]",0,1,0,,0,2,1,2024-01-10 15:25:19,89A1,6889,688900,华彬（广东）企业管理有限公司,9999-12-31,2023-01-01,"[{'id': 75, 'unload_point_id': 75, 'sales_ltd': '华彬（广东）企业管理有限公司', 'from_date': '2023-01-01', 'expiry_date': '9999-12-31', 'seller': '688900', 'sales_org': '6889', 'factory_code': '89A1', 'status': 2}]","[{'id': 103, 'unload_point_id': 75, 'logistics_name': '北京慧通达国际供应链管理有限公司', 'logistics_code': '18000204', 'from_date': '2023-01-01', 'expiry_date': '9999-12-31', 'status': 2}]",2023-01-01,9999-12-31,[],,,,
