u{FEFF}供应商编码,供应商名称,简称,分类,联系人,手机,邮箱,地址,状态,创建时间,供应商等级,公司规模
"13000618","厦门和易工业皮带有限公司","和易工","备件","","","","","已启用","2026-05-14 18:22:47","",""
"","东莞市宏丰环保设备有限公司","宏丰环保","备件","","","","","已启用","2026-05-13 12:17:15","",""
"18000117","深圳睿通供应链管理有限公司","","服务商","","","","","已启用","2026-04-02 16:18:19","",""
"18000226","北京联悦国际供应链管理有限公司","联悦","服务商","","","","","已启用","2026-04-02 15:19:16","","1"
"","郑州瑞斯福食品科技有限公司","瑞斯福","原材料","","","","","已启用","2026-01-17 19:18:07","",""
"","河北华荣制药有限公司","华荣制药","原材料","","","","","已启用","2025-10-31 12:30:37","",""
"","华源包装（咸宁）有限公司","","","","","","","已启用","2025-09-04 11:15:11","",""
"","华源包装（清远）有限公司","","原材料","","","","","已启用","2025-09-04 11:14:10","",""
"","临沂奥瑞金印铁制罐有限公司","","原材料","","","","","已启用","2025-09-04 11:13:22","",""
"","龙口奥瑞金包装有限公司","","原材料","","","","","已启用","2025-09-04 11:12:42","",""
"","山东博瑞特包装科技有限公司","","","","","","","已启用","2025-09-04 11:12:23","",""
"","珠海博瑞特包装科技有限公司","","原材料","","","","","已启用","2025-09-04 11:08:25","",""
"","广州龙沙制药有限公司","","原材料","","","","","已启用","2025-09-04 11:03:03","",""
"","江苏江山制药有限公司			","","","","","","","已启用","2025-09-04 11:02:51","",""
"","上海宝开生物科技有限公司","","原材料","","","","","已启用","2025-09-04 11:02:36","",""
"","北京香山香精香料有限公司			","","","","","","","已启用","2025-09-04 11:02:21","",""
"","杭州安赛生物科技有限公司","","原材料","","","","","已启用","2025-09-04 11:02:00","",""
"","艾地盟香精(平湖)有限公司","","原材料","","","","","已启用","2025-09-04 11:01:44","",""
"","天津多福源实业有限公司","","原材料","","","","","已启用","2025-09-04 11:01:13","",""
"","武汉有机实业有限公司","","原材料","","","","","已启用","2025-09-04 11:00:58","",""
"","江西天新药业股份有限公司","","原材料","","","","","已启用","2025-09-04 11:00:42","",""
"","诸城市浩天药业有限公司","","原材料","","","","","已启用","2025-09-04 11:00:16","",""
"","日照金禾博源生化有限公司","","原材料","","","","","已启用","2025-09-04 11:00:02","",""
"","津药药业股份有限公司","","原材料","","","","","已启用","2025-09-04 10:59:19","",""
"","潜江永安药业股份有限公司","","原材料","","","","","已启用","2025-09-04 10:58:47","",""
"19012171","厦门同安金光湖森林人家生态发展有限公司","金光湖森林人家","","","","","","已启用","2025-08-18 09:37:37","",""
"19012170","厦门益淘优选互联网销售有限公司","益淘优选","","","","","","已启用","2025-08-18 09:37:37","",""
"19012158","厦门新睿财建筑装饰有限公司","新睿财","","","","","","已启用","2025-08-18 09:37:37","",""
"19012118","厦门荷语企业服务有限公司","","","","","","","已启用","2025-08-18 09:37:37","",""
"19012108","厦门市同安区竞标体育用品经营部","竞标体育","","","","","","已启用","2025-08-18 09:37:37","",""
"19012107","厦门钰钧建筑工程有限公司","钰钧建筑","","","","","","已启用","2025-08-18 09:37:37","",""
"19012031","福建宏邦检测技术有限公司","福建宏邦","","","","","","已启用","2025-08-18 09:37:37","",""
"19012030","中检集团康泰安全科技有限公司","中检康泰","","","","","","已启用","2025-08-18 09:37:37","",""
"19011968","兴牛科技（广州）有限公司","兴牛科技（广州）有限","","","","","","已启用","2025-08-18 09:37:37","",""
"19011967","苏州承礼科技有限公司","苏州承礼科技有限公司","","","","","","已启用","2025-08-18 09:37:37","",""
"19011840","厦门盛力达制冷设备有限公司","盛力达","","","","","","已启用","2025-08-18 09:37:37","",""
"19011736","厦门翔佳宇金属材料有限公司","翔佳宇","","","","","","已启用","2025-08-18 09:37:37","",""
"19011678","厦门华钽精密制造有限公司","厦门华钽","","","","","","已启用","2025-08-18 09:37:37","",""
"19011519","厦门市成一贸易有限公司","","","","","","","已启用","2025-08-18 09:37:37","",""
"19011494","昆山市周市镇昱优航贸易商行","昱优航贸易","","","","","","已启用","2025-08-18 09:37:37","",""
"19011476","福建祥安泰消防环境工程有限公司","福建祥安泰","","","","","","已启用","2025-08-18 09:37:37","",""
"19011266","厦门通宝达贸易有限公司","通宝达","","","","","","已启用","2025-08-18 09:37:37","",""
"19011057","厦门明洁建设工程有限公司","明洁建设","","","","","","已启用","2025-08-18 09:37:37","",""
"19011004","厦门龙顺通科技有限公司","龙顺通科技","","","","","","已启用","2025-08-18 09:37:37","",""
"19010898","福建善璟环保工程有限公司","善璟环保","","","","","","已启用","2025-08-18 09:37:37","",""
"19010897","厦门铧隆物流有限公司","铧隆物流","","","","","","已启用","2025-08-18 09:37:37","",""
"19010894","福建省环安检测评价有限公司","环安","","","","","","已启用","2025-08-18 09:37:37","",""
"19010830","厦门斌盛丰建设工程有限公司","斌盛丰","","","","","","已启用","2025-08-18 09:37:37","",""
"19010767","厦门实广科技有限公司","实广科技","","","","","","已启用","2025-08-18 09:37:37","",""
"19010722","上海博通化学科技有限公司","博通化学","","","","","","已启用","2025-08-18 09:37:37","",""
"19010697","厦门中利信消防科技有限公司","中利信","","","","","","已启用","2025-08-18 09:37:37","",""
"19010613","福建天洲环宇建筑工程有限公司","天洲环宇","","","","","","已启用","2025-08-18 09:37:37","",""
"19010549","厦门市天兴诚科技有限公司","天兴诚","","","","","","已启用","2025-08-18 09:37:37","",""
"19010533","厦门市同安区五显镇商会","五显镇商会","","","","","","已启用","2025-08-18 09:37:37","",""
"19010473","厦门聚美冠家具有限公司","聚美冠家具","","","","","","已启用","2025-08-18 09:37:37","",""
"19010385","厦门通威泰成汽车有限公司","通威泰成","","","","","","已启用","2025-08-18 09:37:37","",""
"19010369","厦门国贸通润汽车服务有限公司","","","","","","","已启用","2025-08-18 09:37:37","",""
"19010350","厦门安程电梯工程有限公司","安程电梯","","","","","","已启用","2025-08-18 09:37:37","",""
"19010329","厦门权游文化传播有限公司","厦门权游","","","","","","已启用","2025-08-18 09:37:37","",""
"19010315","浙江大炜包装科技有限公司","浙江大炜包装科技有限","","","","","","已启用","2025-08-18 09:37:37","",""
"19010299","上海问力科技有限公司","上海问力科技有限公司","","","","","","已启用","2025-08-18 09:37:37","",""
"19010275","厦门税盾税务师事务所有限公司","厦门税盾","","","","","","已启用","2025-08-18 09:37:37","",""
"19010245","厦门诺捷自动化有限公司","厦门诺捷","","","","","","已启用","2025-08-18 09:37:37","",""
"19010143","福建八闽福网络科技有限公司","福建八闽","","","","","","已启用","2025-08-18 09:37:37","",""
"19010123","厦门首仓健康管理有限公司","首仓健康","","","","","","已启用","2025-08-18 09:37:37","",""
"19010012","厦门锦仔山生态旅游有限公司","","","","","","","已启用","2025-08-18 09:37:37","",""
"19009989","厦门天天渔港品牌管理有限公司","","","","","","","已启用","2025-08-18 09:37:37","",""
"19009967","厦门市舒元堂生物科技有限公司","厦门舒元","","","","","","已启用","2025-08-18 09:37:37","",""
"19009765","广州能源检测研究院","广州能源检测研究院","","","","","","已启用","2025-08-18 09:37:37","",""
"19009756","厦门市企维信环保科技有限公司","企维信","","","","","","已启用","2025-08-18 09:37:37","",""
"19009745","厦门欣紫翔遮阳技术有限公司","厦门欣紫翔","","","","","","已启用","2025-08-18 09:37:37","",""
"19009662","北京华彬文化基金会","","","","","","","已启用","2025-08-18 09:37:37","",""
"19009642","泉州市东善文化传播有限公司","东善文化","","","","","","已启用","2025-08-18 09:37:37","",""
"19009597","厦门天雄生态环境建设有限公司","厦门天雄","","","","","","已启用","2025-08-18 09:37:37","",""
"19009577","厦门市特种设备检验检测院","特检院","","","","","","已启用","2025-08-18 09:37:37","",""
"19009558","厦门市梦尔康工贸有限公司","梦尔康","","","","","","已启用","2025-08-18 09:37:37","",""
"19009543","厦门锦园中医院有限公司","锦园中医院","","","","","","已启用","2025-08-18 09:37:37","",""
"19009542","厦门厦励贸易有限公司","厦励贸易","","","","","","已启用","2025-08-18 09:37:37","",""
"19009529","厦门大学","厦大","","","","","","已启用","2025-08-18 09:37:37","",""
"19009526","厦门弘享智能科技有限公司","厦门弘享","","","","","","已启用","2025-08-18 09:37:37","",""
"19009496","国家税务总局厦门市同安区税务局","厦门市同安区税务局","","","","","","已启用","2025-08-18 09:37:37","",""
"19009457","温州市凯安建设有限公司","凯安","","","","","","已启用","2025-08-18 09:37:37","",""
"19009454","厦门弘爱医院","厦门弘爱医院","","","","","","已启用","2025-08-18 09:37:37","",""
"19009428","福建兴业东江环保科技有限公司","兴业东江","","","","","","已启用","2025-08-18 09:37:37","",""
"19009414","上海仁日辐射防护设备有限公司","上海仁日","","","","","","已启用","2025-08-18 09:37:37","",""
"19009373","福建圣捷安消防检测有限公司","圣捷安消防","","","","","","已启用","2025-08-18 09:37:37","",""
"19009361","厦门钛信会计师事务所有限公司","厦门钛信会计师事务所","","","","","","已启用","2025-08-18 09:37:37","",""
"19009295","厦门市圣耀电子科技有限公司","厦门圣耀","","","","","","已启用","2025-08-18 09:37:37","",""
"19009275","厦门宏电电机维修有限公司","宏电电机","","","","","","已启用","2025-08-18 09:37:37","",""
"19009274","厦门中远海运化工物流有限公司","中远海运","服务商","","","","","已启用","2025-08-18 09:37:37","",""
"19009273","厦门邮电建设集团有限公司","邮电建设","","","","","","已启用","2025-08-18 09:37:37","",""
"19009257","厦门市华测检测技术有限公司","华测","","","","","","已启用","2025-08-18 09:37:37","",""
"19009226","中航科创（成都）集团有限公司","中航科创","","","","","","已启用","2025-08-18 09:37:37","",""
"19009222","东莞市祥宏广告策划有限公司","东莞市祥宏广告策划有","","","","","","已启用","2025-08-18 09:37:37","",""
"19009216","福建中检康泰检测技术有限公司","中检康泰","","","","","","已启用","2025-08-18 09:37:37","",""
"19009215","浙江健峰管理顾问有限公司","健峰管理","","","","","","已启用","2025-08-18 09:37:37","",""
"19009214","九牧王股份有限公司","九牧王","","","","","","已启用","2025-08-18 09:37:37","",""
"19009203","企安全（厦门）教育服务有限公司","","","","","","","已启用","2025-08-18 09:37:37","",""
"19009140","中国检验认证集团厦门有限公司","中国检验","","","","","","已启用","2025-08-18 09:37:37","",""
"19009114","沈阳林翰物流有限公司","林翰物流","","","","","","已启用","2025-08-18 09:37:37","",""
"19009113","厦门市第三医院","厦门三医院","","","","","","已启用","2025-08-18 09:37:37","",""
"19009095","厦门隆岳广告有限公司","隆岳广告","","","","","","已启用","2025-08-18 09:37:37","",""
"19009084","湖南荣泰安全环保技术咨询有限公司","湖南荣泰","","","","","","已启用","2025-08-18 09:37:37","",""
"19009065","苏州阡晨自动化科技有限公司","苏州阡晨自动化科技有","","","","","","已启用","2025-08-18 09:37:37","",""
"19009044","福建省明心管理咨询有限公司","福建明心","","","","","","已启用","2025-08-18 09:37:37","",""
"19009029","泰安市丽源工贸有限公司","泰安市丽源工贸有限公","","","","","","已启用","2025-08-18 09:37:37","",""
"19009000","福州双鸿物流有限公司","双鸿物流","","","","","","已启用","2025-08-18 09:37:37","",""
"19008964","厦门领凡技术服务有限公司","厦门领凡技术","","","","","","已启用","2025-08-18 09:37:37","",""
"19008935","厦门定质链科技有限公司","厦门定质链","","","","","","已启用","2025-08-18 09:37:37","",""
"19008929","厦门荣锦达环境运营有限公司","厦门荣锦达","","","","","","已启用","2025-08-18 09:37:37","",""
"19008887","厦门光大旅游有限公司","光大旅游","","","","","","已启用","2025-08-18 09:37:37","",""
"19008886","中国平安财产保险股份有限公司厦门分公司","平安保险","","","","","","已启用","2025-08-18 09:37:37","",""
"19008885","厦门车往家汽车服务有限公司","厦门车往家","","","","","","已启用","2025-08-18 09:37:37","",""
"19008884","厦门小羽佳家政股份有限公司","小羽佳家政","","","","","","已启用","2025-08-18 09:37:37","",""
"19008857","厦门奇思自动化科技有限公司","奇思","","","","","","已启用","2025-08-18 09:37:37","",""
"19008856","厦门市同安区车源不息汽车美容店","车源不息","","","","","","已启用","2025-08-18 09:37:37","",""
"19008855","厦门市人才服务中心","厦门人才网","","","","","","已启用","2025-08-18 09:37:37","",""
"19008854","厦门厦鼓会展服务有限公司","厦鼓会展","","","","","","已启用","2025-08-18 09:37:37","",""
"19008845","温州瑞申包装有限公司","温州瑞申包装有限公司","","","","","","已启用","2025-08-18 09:37:37","",""
"19008840","普研（上海）标准技术服务有限公司","普研","","","","","","已启用","2025-08-18 09:37:37","",""
"19008823","合肥华猫新材料科技有限公司","合肥华猫新材料科技有","","","","","","已启用","2025-08-18 09:37:37","",""
"19008803","厦门黄金假日会议服务有限公司","黄金假日","","","","","","已启用","2025-08-18 09:37:37","",""
"19008802","中国邮政集团有限公司厦门市分公司","厦门邮政","","","","","","已启用","2025-08-18 09:37:37","",""
"19008792","厦门市同安区豪丽丝床上用品加工店","同安豪丽丝","","","","","","已启用","2025-08-18 09:37:37","",""
"19008791","福建海峡昱坤工程建设有限公司","海峡昱坤","","","","","","已启用","2025-08-18 09:37:37","",""
"19008773","新颐康成（北京）信息科技有限公司","新颐康成（北京）信息","","","","","","已启用","2025-08-18 09:37:37","",""
"19008764","厦门盈众至远汽车销售有限公司","盈众至远","","","","","","已启用","2025-08-18 09:37:37","",""
"19008763","厦门凯通泰成汽车服务有限公司","凯通泰成","","","","","","已启用","2025-08-18 09:37:37","",""
"19008741","厦门市顺丰速运有限公司","顺丰速递","","","","","","已启用","2025-08-18 09:37:37","",""
"19008740","厦门市翔安区翔饮康食杂店","翔安翔饮康","","","","","","已启用","2025-08-18 09:37:37","",""
"19008636","厦门永祥环保能源科技有限公司","厦门永祥","","","","","","已启用","2025-08-18 09:37:37","",""
"19008629","厦门银鹭食品集团有限公司","厦门银鹭","","","","","","已启用","2025-08-18 09:37:37","",""
"19008565","福建省产品质量检验研究院","省质检院","","","","","","已启用","2025-08-18 09:37:37","",""
"19008564","厦门市计量检定测试院","计量院","","","","","","已启用","2025-08-18 09:37:37","",""
"19008548","厦门市精功测量有限公司","精功","","","","","","已启用","2025-08-18 09:37:37","",""
"19008547","福建省晋伟建设工程有限公司","晋伟","","","","","","已启用","2025-08-18 09:37:37","",""
"19008544","厦门英之盛工贸有限公司","厦门英之盛","","","","","","已启用","2025-08-18 09:37:37","",""
"19008542","厦门铜鱼产业园发展有限公司","厦门铜鱼","","","","","","已启用","2025-08-18 09:37:37","",""
"19008477","厦门埕业文化传媒有限公司","埕业传媒","","","","","","已启用","2025-08-18 09:37:37","",""
"19008476","中国人民财产保险股份有限公司厦门市分公司","厦门人保","","","","","","已启用","2025-08-18 09:37:37","",""
"19008475","厦门商路顺发企业管理有限公司","商路顺发","","","","","","已启用","2025-08-18 09:37:37","",""
"19008474","厦门同安文化旅游发展有限公司","同安文旅","","","","","","已启用","2025-08-18 09:37:37","",""
"19008405","杭州绿谷办公设备有限公司","杭州绿谷","综合物资","","","","","已启用","2025-08-18 09:37:37","",""
"19007986","无锡鸿勤服装有限公司","无锡鸿勤服装有限公司","","","","","","已启用","2025-08-18 09:37:37","",""
"19007911","漳浦县瑞泰贸易有限责任公司","漳浦县瑞泰贸易有限责","","","","","","已启用","2025-08-18 09:37:37","",""
"19007784","中轻检验认证有限公司","中轻检验","","","","","","已启用","2025-08-18 09:37:37","",""
"19007542","厦门欣特嘉进出口有限公司","厦门欣特嘉进出口有限","","","","","","已启用","2025-08-18 09:37:37","",""
"19007478","福建省高速公路集团有限公司电子收费管理中心","","","","","","","已启用","2025-08-18 09:37:37","",""
"19006875","厦门信息集团有限公司","厦门信息集团","","","","","","已启用","2025-08-18 09:37:37","",""
"19006572","中国平安财产保险股份有限公司佛山分公司","中国平安财产保险佛山","","","","","","已启用","2025-08-18 09:37:37","",""
"19005528","北京中饮工贸公司","中饮","","","","","","已启用","2025-08-18 09:37:37","",""
"19005513","财新传媒有限公司","财新传媒有限公司","","","","","","已启用","2025-08-18 09:37:37","",""
"19004925","中山市汇明贸易有限公司","中山市汇明贸易","","","","","","已启用","2025-08-18 09:37:37","",""
"19004794","霸州市世盛展览展示服务有限公司","霸州市世盛展览展示服","","","","","","已启用","2025-08-18 09:37:37","",""
"19003132","鑫铭枫尚国际服装（北京）有限公司","鑫铭枫尚国际服装（北","","","","","","已启用","2025-08-18 09:37:37","",""
"19003054","中国平安财产保险股份有限公司北京分公司","平安财险","","","","","","已启用","2025-08-18 09:37:37","",""
"19003027","武汉弗美克集团有限公司","武汉弗美克","","","","","","已启用","2025-08-18 09:37:37","",""
"19003021","北京久恒益科技发展有限公司","北京久恒益","备件","","","","","已启用","2025-08-18 09:37:37","",""
"19002627","深圳市天兴诚科技有限公司","深圳市天兴诚科技有限","","","","","","已启用","2025-08-18 09:37:37","",""
"19002156","中国平安财产保险股份有限公司北京分公司","平安北京分公司","","","","","","已启用","2025-08-18 09:37:37","",""
"19002135","上海天祥质量技术服务有限公司","上海天祥","","","","","","已启用","2025-08-18 09:37:37","",""
"19001963","北京香芮包装技术服务有限公司","北京香芮","","","","","","已启用","2025-08-18 09:37:37","",""
"19001448","《饮料工业》杂志社有限公司","杂志社","","","","","","已启用","2025-08-18 09:37:37","",""
"19001326","普华永道咨询（深圳）有限公司北京分公司","普华永道","","","","","","已启用","2025-08-18 09:37:37","",""
"19001254","广东省科学院生物与医学工程研究所","生物","","","","","","已启用","2025-08-18 09:37:37","",""
"19001209","安捷伦科技（中国）有限公司","安捷伦科技","","","","","","已启用","2025-08-18 09:37:37","",""
"19001186","佛山市质量计量监督检测中心","质量计量","","","","","","已启用","2025-08-18 09:37:37","",""
"19000516","中勤万信会计师事务所（特殊普通合伙）","中勤万信","","","","","","已启用","2025-08-18 09:37:37","",""
"19000411","华彬国际投资（集团）有限公司","华彬","","","","","","已启用","2025-08-18 09:37:37","",""
"19000373","中国人民财产保险股份有限公司咸宁市分公司","财产保险","","","","","","已启用","2025-08-18 09:37:37","",""
"19000329","中国食品发酵工业研究院有限公司","食品发酵院","","","","","","已启用","2025-08-18 09:37:37","",""
"19000316","中国饮料工业协会","8001","","","","","","已启用","2025-08-18 09:37:37","",""
"19000300","北京华彬庄园绿色休闲健身俱乐部有限公司","北京华彬庄园绿色休闲","","","","","","已启用","2025-08-18 09:37:37","",""
"19000001","红牛维他命饮料有限公司","HRJD","","","","","","已启用","2025-08-18 09:37:37","",""
"18000203","毅远（北京）国际供应链管理有限公司","毅远北京","","","","","","已启用","2025-08-18 09:37:37","",""
"17002809","北京天一国际广告有限公司","北京天一国际广告有限","","","","","","已启用","2025-08-18 09:37:37","",""
"17002781","海南超级柠檬传媒有限公司","海南超级柠檬传媒有限","","","","","","已启用","2025-08-18 09:37:37","",""
"17002747","厦门嘉慧达智能科技有限公司","嘉慧达","","","","","","已启用","2025-08-18 09:37:37","",""
"17002746","厦门八分满婚庆服务有限公司","八分满婚庆","","","","","","已启用","2025-08-18 09:37:37","",""
"17002648","当纳利（中国）投资有限公司","当纳利（中国）投资有","","","","","","已启用","2025-08-18 09:37:37","",""
"17002622","北京云智罐科技有限公司","北京云智罐科技有限公","","","","","","已启用","2025-08-18 09:37:37","",""
"17002463","北京世加营销策划有限公司","北京世加营销策划有限","","","","","","已启用","2025-08-18 09:37:37","",""
"17000928","北京华彬天星通用航空股份有限公司","天星","","","","","","已启用","2025-08-18 09:37:37","",""
"16002124","新疆五菱汽车销售服务有限公司","新疆五菱汽车销售服务","","","","","","已启用","2025-08-18 09:37:37","",""
"16002067","北京路盛宏达汽车销售有限责任公司","北京路盛宏达汽车销售","","","","","","已启用","2025-08-18 09:37:37","",""
"16002054","华彬国际租赁有限公司","华彬租赁","","","","","","已启用","2025-08-18 09:37:37","",""
"16001763","青岛德莱维制冷有限公司","青岛德莱维制冷有限公","","","","","","已启用","2025-08-18 09:37:37","",""
"16001202","北京新澳科兰科技发展有限公司","新澳科兰","备件","","","","","已启用","2025-08-18 09:37:37","",""
"16000893","北京世纪明宇环境工程科技有限公司","世纪明宇","备件","","","","","已启用","2025-08-18 09:37:37","",""
"16000883","北京悠然睿智系统技术有限公司","悠然睿智","综合物资","","","","","已启用","2025-08-18 09:37:37","",""
"16000190","上海问鼎环保科技有限公司","上海问鼎","备件","","","","","已启用","2025-08-18 09:37:37","",""
"15002452","浙江畅澜国际贸易有限公司","浙江畅澜国际贸易有限","","","","","","已启用","2025-08-18 09:37:37","",""
"15002418","健达纸业（沈阳）有限公司","健达纸业（沈阳）有限","","","","","","已启用","2025-08-18 09:37:37","",""
"15002388","厦门纵横神州文化传媒有限公司","纵横神州","","","","","","已启用","2025-08-18 09:37:37","",""
"15002380","浙江新瑞新材料有限公司","浙江新瑞新材料有限公","","","","","","已启用","2025-08-18 09:37:37","",""
"15002350","史泰博（上海）有限公司","史泰博（上海）有限公","","","","","","已启用","2025-08-18 09:37:37","",""
"15002343","世盛（天津）展示科技有限公司","世盛（天津）展示科技","","","","","","已启用","2025-08-18 09:37:37","",""
"15001816","鹤山市润森户外用品有限公司","鹤山市润森户外用品有","","","","","","已启用","2025-08-18 09:37:37","",""
"15001521","保定琛博箱包制造有限公司","保定琛博","","","","","","已启用","2025-08-18 09:37:37","",""
"15001509","优奇仕印刷河北有限公司","优奇仕","","","","","","已启用","2025-08-18 09:37:37","",""
"15001477","广州芬锦服装有限公司","广州芬锦服装有限公司","","","","","","已启用","2025-08-18 09:37:37","",""
"15001268","北京思诺创意企业形象策划有限公司","思诺创意","","","","","","已启用","2025-08-18 09:37:37","",""
"15000687","福建省高速公路经营开发有限公司","福建省高速公路经营开","","","","","","已启用","2025-08-18 09:37:37","",""
"15000324","佛山市三水华彩包装材料有限公司","三水华彩","原材料","","","","","已启用","2025-08-18 09:37:37","",""
"15000217","北京天堂伞销售有限公司","天堂伞","","","","","","已启用","2025-08-18 09:37:37","",""
"14000574","厦门市绿茵试剂玻仪有限公司","绿茵试剂","综合物资","","","","","已启用","2025-08-18 09:37:37","",""
"14000573","温州简之包装科技有限公司","温州简之包装科技有限","","","","","","已启用","2025-08-18 09:37:37","",""
"14000572","广东黄金谷珠宝有限公司","广东黄金谷珠宝有限公","","","","","","已启用","2025-08-18 09:37:37","",""
"14000568","安徽省桐城市恒汇塑业有限公司","恒汇塑业","综合物资","","","","","已启用","2025-08-18 09:37:37","",""
"14000543","厦门鑫云飞消防器材有限公司","鑫云飞","综合物资","","","","","已启用","2025-08-18 09:37:37","",""
"14000540","厦门鑫隆全电子商务有限公司","鑫隆全","综合物资","","","","","已启用","2025-08-18 09:37:37","",""
"14000539","厦门康铭杰工贸有限公司","康铭杰","","","","","","已启用","2025-08-18 09:37:37","",""
"14000533","厦门集霖商贸有限公司","集霖","综合物资","","","","","已启用","2025-08-18 09:37:37","",""
"14000532","厦门朝勋美科技有限公司","朝勋美","综合物资","","","","","已启用","2025-08-18 09:37:37","",""
"14000531","厦门源展工贸有限公司","源展","","","","","","已启用","2025-08-18 09:37:37","",""
"14000530","厦门优一百实业有限公司","优一百","综合物资","","","","","已启用","2025-08-18 09:37:37","",""
"14000529","厦门宗进发商贸有限公司","宗进发","综合物资","","","","","已启用","2025-08-18 09:37:37","",""
"14000221","武汉易瑞德标识设备有限公司","易瑞德标识","备件","","","","","已启用","2025-08-18 09:37:37","",""
"14000128","广州国新电子科技有限公司","国新电子","综合物资","","","","","已启用","2025-08-18 09:37:37","",""
"14000067","北京华昱向扬空压机有限公司","华昱向扬","","","","","","已启用","2025-08-18 09:37:37","",""
"14000056","斯派莎克工程（中国）有限公司","斯派莎克","备件","","","","","已启用","2025-08-18 09:37:37","",""
"13000578","福建省欧麦鑫自动化科技有限公司","福建省欧麦鑫自动化科","","","","","","已启用","2025-08-18 09:37:37","",""
"13000574","厦门瑞沃森机电有限公司","瑞沃森机电","","","","","","已启用","2025-08-18 09:37:37","",""
"13000561","福建省鼎腾机械有限公司","鼎腾机械","备件","","","","","已启用","2025-08-18 09:37:37","",""
"13000556","厦门拓华工贸有限公司","拓华工贸","备件","","","","","已启用","2025-08-18 09:37:37","",""
"13000551","厦门金南鹭机电设备有限公司","金南鹭","备件","","","","","已启用","2025-08-18 09:37:37","",""
"13000550","厦门欣坤裕机械设备有限公司","欣坤裕","备件","","","","","已启用","2025-08-18 09:37:37","",""
"13000546","南京克莱尔输送机械有限公司","克莱尔","","","","","","已启用","2025-08-18 09:37:37","",""
"13000545","厦门市沪能贸易有限公司","沪能","","","","","","已启用","2025-08-18 09:37:37","",""
"13000525","广州市生机自动化设备有限公司","生机","备件","","","","","已启用","2025-08-18 09:37:37","",""
"13000501","瑞迩利世自动化设备（南京）有限公司","瑞迩利世","备件","","","","","已启用","2025-08-18 09:37:37","",""
"13000481","茂硕（武汉）机电工程设备有限公司","茂硕","备件","","","","","已启用","2025-08-18 09:37:37","",""
"13000386","南京富尔康商贸有限公司","富尔康","备件","","","","","已启用","2025-08-18 09:37:37","",""
"13000358","广州市淞吉节能科技有限公司","淞吉节能","","","","","","已启用","2025-08-18 09:37:37","",""
"13000286","北京盛益利鑫科技有限公司","盛益利鑫","","","","","","已启用","2025-08-18 09:37:37","",""
"13000270","天津津源瑞丰净化设备有限公司","津源瑞丰","备件","","","","","已启用","2025-08-18 09:37:37","",""
"13000234","中嘉瑞智能装备（北京）有限公司","中嘉瑞","备件","","","","","已启用","2025-08-18 09:37:37","",""
"13000167","广州埃尼柏换热设备有限公司","埃尼柏","","","","","","已启用","2025-08-18 09:37:37","",""
"13000147","镇田科能机械（北京）有限公司","镇田科能","备件","","","","","已启用","2025-08-18 09:37:37","",""
"13000081","厦门德莱科仪实业有限公司","德莱科仪","备件","","","","","已启用","2025-08-18 09:37:37","",""
"13000063","诺信（中国）有限公司","诺信","备件","","","","","已启用","2025-08-18 09:37:37","",""
"13000062","杭州文华净水技术有限公司","文华净水","备件","","","","","已启用","2025-08-18 09:37:37","",""
"13000028","北京曼齐尼科玛可贸易有限公司","科玛可","","","","","","已启用","2025-08-18 09:37:37","",""
"13000018","北京友联包装机械有限公司","8001","","","","","","已启用","2025-08-18 09:37:37","",""
"12000263","福建弘泰达科技有限公司","弘泰达","备件","","","","","已启用","2025-08-18 09:37:37","",""
"12000249","厦门诚敏工贸有限公司","诚敏工贸","","","","","","已启用","2025-08-18 09:37:37","",""
"12000215","上海博取仪器有限公司","上海博取","备件","","","","","已启用","2025-08-18 09:37:37","",""
"12000176","上海康跃化工科技有限公司","康跃化工","备件","","","","","已启用","2025-08-18 09:37:37","",""
"12000170","安治化工有限公司","AZHG","备件","","","","","已启用","2025-08-18 09:37:37","",""
"12000007","北京天宇协力能源科技有限公司","天宇协力","备件","","","","","已启用","2025-08-18 09:37:37","",""
"11000379","北京瑞华通达供应链管理有限公司","瑞华通达","","","","","","已启用","2025-08-18 09:37:37","",""
"11000378","北京陆远国际供应链管理有限公司","陆远国际","原材料","","","","","已启用","2025-08-18 09:37:37","",""
"11000368","福建省财税信息协会","福建财税协会","","","","","","已启用","2025-08-18 09:37:37","",""
"11000367","河南华洋纸塑包装有限公司","河南华洋","原材料","","","","","已启用","2025-08-18 09:37:37","",""
"11000362","华彬力美科技（湖北）有限公司","华彬力美","原材料","","","","","已启用","2025-08-18 09:37:37","",""
"11000339","北京和玖包装科技有限公司","北京和玖","原材料","","","","","已启用","2025-08-18 09:37:37","",""
"11000338","宁波市诚屹包装材料有限公司","宁波诚屹","原材料","","","","","已启用","2025-08-18 09:37:37","",""
"11000337","奥瑞金销售（福建）有限公司","奥瑞金福建","原材料","","","","","已启用","2025-08-18 09:37:37","",""
"11000333","福建白宝莲工贸有限公司","白宝莲","原材料","","","","","已启用","2025-08-18 09:37:37","",""
"11000332","广州泰美味食品有限公司","泰美味","","","","","","已启用","2025-08-18 09:37:37","",""
"11000327","永创力（厦门）自动化科技有限公司","厦门永创力","","","","","","已启用","2025-08-18 09:37:37","",""
"11000322","林德气体（厦门）有限公司","林德气体","备件","","","","","已启用","2025-08-18 09:37:37","",""
"11000321","奥瑞金包装（福建）有限公司","福建奥瑞金","原材料","","","","","已启用","2025-08-18 09:37:37","",""
"11000316","北京香贝科技发展有限公司","北京香贝科技","","","","","","已启用","2025-08-18 09:37:37","",""
"11000291","广西崇左东亚糖业有限公司","广西崇左东亚","","","","","","已启用","2025-08-18 09:37:37","",""
"11000270","广西东亚扶南精糖有限公司","广西东亚扶南","","","","","","已启用","2025-08-18 09:37:37","",""
"11000193","石药创新制药股份有限公司","石药集团","原材料","","","","","已启用","2025-08-18 09:37:37","",""
"11000163","漳州市白玉兰精糖有限公司","漳州白玉兰","原材料","","","","","已启用","2025-08-18 09:37:37","",""
"11000157","红牛维他命饮料（江苏）有限公司","红牛江苏基地","","","","","","已启用","2025-08-18 09:37:37","",""
"11000091","新乡市博太彩印实业有限公司","新乡博太","原材料","","","","","已启用","2025-08-18 09:37:37","",""
"11000028","红牛维他命饮料（湖北）有限公司","红牛湖北基地","","","","","","已启用","2025-08-18 09:37:37","",""
"11000025","广东凯林科技股份有限公司","广东凯林","原材料","","","","","已启用","2025-08-18 09:37:37","",""
"11000010","南京诺朗科技有限公司","南京诺朗","原材料","","","","","已启用","2025-08-18 09:37:37","",""
"11000003","河南信谊纸塑包装股份有限公司","河南信谊包装","","","","","","已启用","2025-08-18 09:37:37","",""
"11000000","奥瑞金科技股份有限公司","奥瑞金科技","","","","","","已启用","2025-08-18 09:37:37","",""
"","华彬快速消费品饮料（福建）有限公司","","","","","","","已启用","2025-06-12 15:08:11","",""
"","康品通（厦门）供应链有限公司","","","","","","","已启用","2025-06-09 16:13:47","",""
"","广州晶东贸易有限公司","","","","","","","已启用","2025-06-09 16:13:37","",""
