u{FEFF}物料编码,产品名称,分类,对象,单位,标箱折扣系数,外箱价格,封箱方式,内包装形式,投放区域,箱入数,保质期,保质期预警(天),材质,是否赠品,是否启用,备注,创建时间
"11000405","战马/330ML/24/罐装/含气/春日白桃味/普通型","罐装战马","罐装330ML战马","CAR",1.000,2.17,"胶带","12×2","全国",24,"18个月",60,"铝罐","否","启用","2026年4月新增物料","2026-05-15 10:29:22"
"11000412","战马/330ML/24/罐装/含气/夏日柠檬味/扫码1元乐享/2026","罐装战马","罐装330ML战马","CAR",1.000,2.17,"胶带","12×2","除新疆、青海、内蒙古、西藏以外的中国大陆地区",24,"18个月",60,"铝罐","否","启用","2026年4月新增物料","2026-05-15 10:29:21"
"11000411","战马/330ML/24/罐装/含气/春日白桃味/扫码1元乐享/2026","罐装战马","罐装330ML战马","CAR",1.000,2.17,"胶带","12×2","除新疆、青海、内蒙古、西藏以外的中国大陆地区",24,"18个月",60,"铝罐","否","启用","2026年4月新增物料","2026-05-15 10:29:21"
"11000409","战马/330ML/24/罐装/含气/夏日柠檬味/收拉环1元乐享/2026","罐装战马","罐装330ML战马","CAR",1.000,2.17,"胶带","12×2","除广东、福建、海南、西藏之外的中国大陆地区",24,"18个月",60,"铝罐","否","启用","2026年4月新增物料","2026-05-15 10:29:20"
"11000408","战马/330ML/24/罐装/含气/春日白桃味/收拉环1元乐享/2026","罐装战马","罐装330ML战马","CAR",1.000,2.17,"胶带","12×2","除广东、福建、海南、西藏之外的中国大陆地区",24,"18个月",60,"铝罐","否","启用","2026年4月新增物料","2026-05-15 10:29:20"
"81000323","国产/芙丝水500ML/24瓶装/艺术家夏季限定装","国产芙丝","国产芙丝500MLPET","CAR",1.000,3.91,"热熔胶+缩膜","6×4","",24,"24个月",60,"塑料瓶","否","启用","2026年5月新增物料","2026-05-15 10:29:19"
"11000410","战马/330ML/24/罐装/含气/菠萝西柚味/扫码1元乐享/2026","罐装战马","罐装330ML战马","CAR",1.000,2.17,"胶带","12×2","除新疆、青海、内蒙古、西藏以外的中国大陆地区",24,"18个月",60,"","否","启用","2026年4月新增物料","2026-05-15 10:29:19"
"11000407","战马/330ML/24/罐装/含气/菠萝西柚味/收拉环1元乐享/2026","罐装战马","罐装330ML战马","CAR",1.000,2.17,"胶带","12×2","除广东、福建、海南、西藏之外的中国大陆地区",24,"18个月",0,"","否","启用","2026年4月新增物料","2026-05-15 10:29:18"
"81000287","国产/芙丝气泡水330ML/12瓶装/蜜柚甜橘","国产芙丝330ML气泡水","","CAR",1.000,1.38,"热熔胶+缩膜","6×2","",12,"12个月",60,"","否","启用","2025年4月新增物料","2026-05-15 10:29:18"
"11000404","战马/310ML/24/罐装/2026/新包装线下1元乐享（二段）","战马罐装促销","战马罐装2026促销","CAR",1.000,0.00,"","","",0,"",0,"","否","启用","","2026-05-15 10:29:17"
"11000401","战马/330ML/24/罐装/含气/夏日柠檬味/扫码红包2026","战马罐装促销","战马罐装2026促销","CAR",1.000,0.00,"","","",0,"",0,"","否","启用","","2026-05-15 10:29:16"
"11000400","战马/330ML/24/罐装/含气/春日白桃味/扫码红包2026","战马罐装促销","战马罐装2026促销","CAR",1.000,0.00,"","","",0,"",0,"","否","启用","","2026-05-15 10:29:16"
"11000399","战马/330ML/24/罐装/含气/夏日浆果味/扫码红包2026","战马罐装促销","战马罐装2026促销","CAR",1.000,0.00,"","","",0,"",0,"","否","启用","","2026-05-15 10:29:15"
"11000398","战马/330ML/24/罐装/含气/菠萝西柚味/扫码红包2026","战马罐装促销","战马罐装2026促销","CAR",1.000,0.00,"","","",0,"",0,"","否","启用","","2026-05-15 10:29:15"
"11000396","战马/330ML/24/罐装/含气/蓝莓黑加仑味/扫码红包2026","战马罐装促销","战马罐装2026促销","CAR",1.000,0.00,"","","",0,"",0,"","否","启用","","2026-05-15 10:29:14"
"11000391","战马/330ML/24/罐装/含气/青苹果葡萄味/扫码红包2026","战马罐装促销","战马罐装2026促销","CAR",1.000,0.00,"","","",0,"",0,"","否","启用","","2026-05-15 10:29:14"
"81000285","国产/芙丝水330ML/24瓶装/京东专供","国产芙丝330MLPET","","CAR",1.000,0.00,"","","",0,"",0,"","否","启用","","2026-05-15 10:29:13"
"81000197","国产/芙丝水375ML/20瓶/玻璃瓶/芙丝苏打水饮料（含气型）","国产芙丝375ML玻璃瓶","","CAR",1.000,0.00,"","","",0,"",0,"","否","启用","","2026-05-15 10:29:12"
"11000384","战马/310ML/24/罐装/2026/新包装线下1元乐享","战马罐装促销","战马罐装2026促销","CAR",1.000,0.00,"","","",0,"",0,"","否","启用","","2026-05-15 10:29:11"
"11000376","战马/400ML/15/不含气/2026/1元乐享","瓶装战马不含气","瓶装战马","CAR",1.000,0.00,"","","",0,"",0,"","否","启用","","2026-05-15 10:29:11"
"10001198","红牛维生素功能饮料/普通型/250ML/24/扫码1元乐享-闽苏沪/2026","红牛促销型","红牛促销型","CAR",1.000,0.00,"","","",0,"",0,"","否","启用","","2026-05-15 10:29:10"
"10001204","红牛维生素功能饮料/普通型/250ML/24/扫码1元乐享-云贵/2026","红牛促销型","红牛促销型","CAR",1.000,0.00,"","","",0,"",0,"","否","启用","","2026-05-15 10:29:09"
"10001203","红牛维生素功能饮料/普通型/250ML/24/扫码1元乐享-广西/2026","红牛促销型","红牛促销型","CAR",1.000,0.00,"","","",0,"",0,"","否","启用","","2026-05-15 10:29:08"
"10001201","红牛维生素功能饮料/普通型/250ML/24/普通箱内码-新疆专供/2026","红牛促销型","箱内码促销","CAR",1.000,0.00,"","","",0,"",0,"","否","启用","","2026-05-15 10:29:07"
"10001200","红牛维生素功能饮料/普通型/250ML/24/1元乐享-新疆青海/2026","红牛促销型","红牛促销型","CAR",1.000,0.00,"","","",0,"",0,"","否","启用","","2026-05-15 10:29:03"
"11000379","战马/310ML/24/罐装/UTMBx联名装","&amp;quot;战马罐装 普通&amp;quot;","&amp;quot;战马罐装 普通&amp;quot;","CAR",1.000,0.00,"","","",0,"",0,"","否","启用","","2026-05-15 10:29:02"
"81000270","国产/芙丝水330ML/24瓶/牛皮纸环保装","","","CAR",1.000,0.00,"","","",0,"",0,"","否","启用","","2026-05-15 10:29:00"
"11000356","战马/330ML/24/罐装/含气/菠萝西柚味/广东促销","","","CAR",1.000,0.00,"","","",0,"",0,"","否","启用","","2026-05-15 10:28:59"
"11000372","战马/310ML/24/罐装/2026/线下1元乐享","战马罐装促销","战马罐装2026促销","CAR",1.000,0.00,"","","",0,"",0,"","否","启用","","2026-05-15 10:28:58"
"11000371","战马/310ML/24/罐装/2026/线上1元乐享-新包装","战马罐装促销","战马罐装2026促销","CAR",1.000,0.00,"","","",0,"",0,"","否","启用","","2026-05-15 10:28:57"
"11000370","战马/310ML/24/罐装/2026/扫码红包-新包装","战马罐装促销","战马罐装2026促销","CAR",1.000,0.00,"","","",0,"",0,"","否","启用","","2026-05-15 10:28:56"
"81000290","国产/神农明珠天然泉水/350ML/24瓶/无外箱/红动中原牛气冲天联标","神农明珠","神农明珠","CAR",1.000,0.00,"","","",0,"",0,"","否","启用","","2026-05-15 10:28:56"
"81000258","国产/神农明珠天然泉水/350ML/24瓶/无外箱/北站苗乡","神农明珠","神农明珠","CAR",1.000,0.00,"","","",0,"",0,"","否","启用","","2026-05-15 10:28:54"
"81000225","国产/神农明珠天然泉水/350ML/24瓶/无外箱","神农明珠","神农明珠","CAR",1.000,0.00,"","","",0,"",0,"","否","启用","","2026-05-15 10:28:53"
"81000237","国产/神农明珠天然泉水/5L/4桶装","神农明珠","神农明珠","CAR",1.000,0.00,"","","",0,"",0,"","否","启用","","2026-05-15 10:28:53"
"81000227","国产/神农明珠天然泉水/5L/4桶装/无外箱","神农明珠","神农明珠","CAR",1.000,0.00,"","","",0,"",0,"","否","启用","","2026-05-15 10:28:52"
"81000316","国产/神农明珠天然泉水/500ML/24瓶/无外箱/大角鹿联标","神农明珠","神农明珠","CAR",1.000,0.00,"","","",0,"",0,"","否","启用","","2026-05-15 10:28:50"
"81000313","国产/神农明珠天然泉水/500ML/24瓶/无外箱/交通银行联标","神农明珠","神农明珠","CAR",1.000,0.00,"","","",0,"",0,"","否","启用","","2026-05-15 10:28:49"
"81000314","国产/神农明珠天然泉水/500ML/24瓶/无外箱/初雄联标","神农明珠","神农明珠","CAR",1.000,0.00,"","","",0,"",0,"","否","启用","","2026-05-15 10:28:48"
"81000298","国产/神农明珠天然泉水/500ML/24瓶/无外箱/华彬航空联标","神农明珠","神农明珠","CAR",1.000,0.00,"","","",0,"",0,"","否","启用","","2026-05-15 10:28:47"
"81000291","国产/神农明珠天然泉水/500ML/24瓶/无外箱/德高防水联标","神农明珠","神农明珠","CAR",1.000,0.00,"","","",0,"",0,"","否","启用","","2026-05-15 10:28:46"
"81000289","国产/神农明珠天然泉水/500ML/24瓶/无外箱/名仕台球联标","神农明珠","神农明珠","CAR",1.000,0.00,"","","",0,"",0,"","否","启用","","2026-05-15 10:28:46"
"81000283","国产/神农明珠天然泉水/500ML/24瓶/无外箱/黄石联标","神农明珠","神农明珠","CAR",1.000,0.00,"","","",0,"",0,"","否","启用","","2026-05-15 10:28:45"
"81000240","国产/神农明珠天然泉水/500ml/24瓶/无外箱","神农明珠","神农明珠","CAR",1.000,0.00,"","","",0,"",0,"","否","启用","","2026-05-15 10:28:45"
"81000310","国产/神农明珠天然泉水/500ML/24瓶/交通银行联标","神农明珠","神农明珠","CAR",1.000,0.00,"","","",0,"",0,"","否","启用","","2026-05-15 10:28:44"
"81000304","国产/神农明珠天然泉水/500ML/24瓶/德高防水联标","神农明珠","神农明珠","CAR",1.000,0.00,"","","",0,"",0,"","否","启用","","2026-05-15 10:28:43"
"81000294","国产/神农明珠天然泉水/500ML/24瓶/华彬航空联标","神农明珠","神农明珠","CAR",1.000,0.00,"","","",0,"",0,"","否","启用","","2026-05-15 10:28:34"
"81000224","国产/神农明珠天然泉水/500ML/24瓶","神农明珠","神农明珠","CAR",1.000,0.00,"","","",0,"",0,"","否","启用","","2026-05-15 10:28:33"
"10001193","红牛维生素功能饮料/普通型/250ML/24/新疆专供/2026","红牛普通型","新疆专供","CAR",1.000,0.00,"","","",0,"",0,"","否","启用","","2026-05-15 10:28:33"
"10001191","红牛维生素功能饮料/普通型/250ML/六罐装/31周年","红牛六联包","六联包","CAR",0.250,0.00,"","","",0,"",0,"","否","启用","","2026-05-15 10:28:32"
"10001187","红牛维生素功能饮料/普通型/250ML/24/广东1元乐享促销/2026","红牛促销型","广东专属促销","CAR",1.000,0.00,"","","",0,"",0,"","否","启用","","2026-05-15 10:28:32"
"10001186","红牛维生素功能饮料/普通型/250ML/24/广东红包促销/2026","红牛促销型","广东专属促销","CAR",1.000,0.00,"","","",0,"",0,"","否","启用","","2026-05-15 10:28:31"
"10001185","红牛维生素功能饮料/普通型/250ML/24/31周年/两元纸箱/台州专供一期","红牛促销型","红牛促销型","CAR",1.000,0.00,"","","",0,"",0,"","否","启用","","2026-05-15 10:28:31"
"10001184","红牛维生素功能饮料/牛磺酸强化型/250ml/24/31周年纪念装","红牛强化型","强化型","CAR",1.000,0.00,"","","",0,"",0,"","否","启用","","2026-05-15 10:28:30"
"81000253","国产/芙丝水330ML/24瓶装/YOMA","国产芙丝","","CAR",1.000,0.00,"","","",0,"",0,"","否","启用","","2026-05-15 10:28:30"
"81000221","国产/芙丝水500ML/24瓶装/纯享装","国产芙丝","","CAR",1.000,0.00,"","","",0,"",0,"","否","启用","","2026-05-15 10:28:29"
"11000359","战马/330ML/24/罐装/含气/夏日柠檬味/广东促销","战马罐装促销","战马罐装2025促销","CAR",1.000,0.00,"","","",0,"",0,"","否","启用","","2026-05-15 10:28:29"
"11000358","战马/330ML/24/罐装/含气/春日白桃味/广东促销","战马罐装促销","战马罐装2025促销","CAR",1.000,0.00,"","","",0,"",0,"","否","启用","","2026-05-15 10:28:28"
"11000357","战马/330ML/24/罐装/含气/夏日浆果味/广东促销","战马罐装促销","战马罐装2025促销","CAR",1.000,0.00,"","","",0,"",0,"","否","启用","","2026-05-15 10:28:28"
"11000353","战马/330ML/24/罐装/含气/夏日柠檬味/常规装","战马罐装
普通","战马罐装
普通","CAR",1.000,0.00,"","","",0,"",0,"","否","启用","","2026-05-15 10:28:27"
"11000352","战马/330ML/24/罐装/含气/春日白桃味/常规装","战马罐装
普通","战马罐装
普通","CAR",1.000,0.00,"","","",0,"",0,"","否","启用","","2026-05-15 10:28:27"
"11000351","战马/330ML/24/罐装/含气/夏日浆果味/常规装","战马罐装
普通","战马罐装
普通","CAR",1.000,0.00,"","","",0,"",0,"","否","启用","","2026-05-15 10:28:26"
"11000350","战马/330ML/24/罐装/含气/菠萝西柚味/常规装","战马罐装
普通","战马罐装
普通","CAR",1.000,0.00,"","","",0,"",0,"","否","启用","","2026-05-15 10:28:26"
"11000349","战马/330ML/24/罐装/含气/蓝莓黑加仑味/常规装","战马罐装
普通","战马罐装
普通","CAR",1.000,0.00,"","","",0,"",0,"","否","启用","","2026-05-15 10:28:25"
"11000348","战马/330ML/24/罐装/含气/青苹果葡萄味/常规装","战马罐装
普通","战马罐装
普通","CAR",1.000,0.00,"","","",0,"",0,"","否","启用","","2026-05-15 10:28:25"
"11000298","战马/180ML/24/罐装/夏黑葡萄味","罐装战马180ML","罐装战马180ML","CAR",1.000,0.00,"","","",0,"",0,"","否","启用","","2026-05-15 10:28:24"
"11000334","战马/310ML/24/罐装/2025/广东扫码红包-新包装","战马罐装促销","战马罐装2025促销","CAR",1.000,0.00,"","","",0,"",0,"","否","启用","","2026-05-15 10:28:24"
"11000322","战马/310ML/24/罐装/2025/广东扫码1元乐享-新包装","战马罐装促销","战马罐装2025促销","CAR",1.000,0.00,"","","",0,"",0,"","否","启用","","2026-05-15 10:28:23"
"11000321","战马/310ML/24/罐装/新包装","罐装战马","战马罐装
普通","CAR",1.000,0.00,"","","",0,"",0,"","否","启用","","2026-05-15 10:28:23"
"10001165","红牛维生素功能饮料/普通型/250ML/24/30周年普通箱内码二期/2025","红牛促销型","箱内码促销","CAR",1.000,0.00,"","","",0,"",0,"","否","启用","","2026-05-15 10:28:22"
"10001164","红牛维生素功能饮料/普通型/250ML/24/30周年广东二期箱内码","红牛促销型","广东专属促销","CAR",1.000,0.00,"","","",0,"",0,"","否","启用","","2026-05-15 10:28:22"
"10001163","红牛维生素功能饮料/普通型/250ML/24/广东促销2025（含二期箱码）","红牛促销型","广东专属促销","CAR",1.000,0.00,"","","",0,"",0,"","否","启用","","2026-05-15 10:28:21"
"11000312","战马/310ML/24/罐装/2025/线上1元乐享（含箱码）-新包装","战马罐装促销","战马罐装2025促销","CAR",1.000,0.00,"","","",0,"",0,"","否","启用","","2026-05-15 10:28:21"
"11000283","战马/400ML/15/不含气/2025/1元乐享（线上核销）/二段","瓶装战马不含气","瓶装战马","CAR",1.000,0.00,"","","",0,"",0,"","否","启用","","2026-05-15 10:28:21"
"11000282","战马/400ML/15/不含气/2025/1元乐享/二段","瓶装战马不含气","瓶装战马","CAR",1.000,0.00,"","","",0,"",0,"","否","启用","","2026-05-15 10:28:20"
"11000281","战马/400ML/15/不含气/2025/1元乐享（线上核销版）","瓶装战马不含气","瓶装战马","CAR",1.000,0.00,"","","",0,"",0,"","否","启用","","2026-05-15 10:28:20"
"11000280","战马/400ML/15/不含气/2025/1元乐享","瓶装战马不含气","瓶装战马","CAR",1.000,0.00,"","","",0,"",0,"","否","启用","","2026-05-15 10:28:19"
"11000304","战马/310ML/24/罐装/2025/线上1元乐享/二段（无箱码）","战马罐装促销","战马罐装2025促销","CAR",1.000,0.00,"","","",0,"",0,"","否","启用","","2026-05-15 10:28:19"
"11000303","战马/310ML/24/罐装/2025/线上1元乐享/二段（含箱码）","战马罐装促销","战马罐装2025促销","CAR",1.000,0.00,"","","",0,"",0,"","否","启用","","2026-05-15 10:28:18"
"11000302","战马/310ML/24/罐装/2025/1元乐享/二段-新疆（含箱码）","战马罐装促销","战马罐装2025促销","CAR",1.000,0.00,"","","",0,"",0,"","否","启用","","2026-05-15 10:28:18"
"11000301","战马/310ML/24/罐装/2025/1元乐享/二段（无箱码）","战马罐装促销","战马罐装2025促销","CAR",1.000,0.00,"","","",0,"",0,"","否","启用","","2026-05-15 10:28:17"
"11000300","战马/310ML/24/罐装/2025/1元乐享/二段（含箱码）","战马罐装促销","战马罐装2025促销","CAR",1.000,0.00,"","","",0,"",0,"","否","启用","","2026-05-15 10:28:17"
"11000273","战马/310ML/24/罐装/2025/线上1元乐享（无箱码）","战马罐装促销","战马罐装2025促销","CAR",1.000,0.00,"","","",0,"",0,"","否","启用","","2026-05-15 10:28:16"
"11000272","战马/310ML/24/罐装/2025/线上1元乐享（含箱码）","战马罐装促销","战马罐装2025促销","CAR",1.000,0.00,"","","",0,"",0,"","否","启用","","2026-05-15 10:28:16"
"11000270","战马/310ML/24/罐装/2025/1元乐享-新疆（含箱码）","战马罐装促销","战马罐装2025促销","CAR",1.000,0.00,"","","",0,"",0,"","否","启用","","2026-05-15 10:28:15"
"11000268","战马/310ML/24/罐装/2025/1元乐享（无箱码）","战马罐装促销","战马罐装2025促销","CAR",1.000,0.00,"","","",0,"",0,"","否","启用","","2026-05-15 10:28:15"
"11000267","战马/310ML/24/罐装/2025/1元乐享（含箱码）","战马罐装促销","战马罐装2025促销","CAR",1.000,0.00,"","","",0,"",0,"","否","启用","","2026-05-15 10:28:14"
"10001155","红牛维生素功能饮料/普通型/250ML/24/30周年/两元纸箱/台州专供二期","红牛促销型","红牛促销型","CAR",1.000,0.00,"","","",0,"",0,"","否","启用","","2026-05-15 10:28:14"
"10001153","红牛维生素功能饮料/普通型/250ML/24/1元乐享-江西/2025","红牛促销型","江西1元促销","CAR",1.000,0.00,"","","",0,"",0,"","否","启用","","2026-05-15 10:28:13"
"10001146","红牛维生素功能饮料/普通型/250ML/24/1元乐享-云南贵州/2025","红牛促销型","西南促销","CAR",0.007,0.00,"","","",0,"",0,"","否","启用","","2026-05-15 10:28:13"
"10001126","红牛维生素功能饮料/普通型/250ML/24/新疆专供/2025","红牛普通型","新疆专供","CAR",1.000,0.00,"","","",0,"",0,"","否","启用","","2026-05-15 10:28:12"
"10001125","红牛维生素功能饮料/普通型/250ML/24/新疆箱内码专供/2025","红牛促销型","西北促销","CAR",1.000,0.00,"","","",0,"",0,"","否","启用","","2026-05-15 10:28:12"
"10001124","红牛维生素功能饮料/普通型/250ML/24/1元乐享-新疆青海/2025","红牛促销型","西北1元促销","CAR",1.000,0.00,"","","",0,"",0,"","否","启用","","2026-05-15 10:28:11"
"10001104","红牛维生素功能饮料/普通型/250ML/24/扫码1元乐享/2025","红牛促销型","扫码促销","CAR",1.000,0.00,"","","",0,"",0,"","否","启用","","2026-05-15 10:28:10"
"10001119","红牛维生素功能饮料/普通型/250ML/24/30周年/两元纸箱/台州专供一期","红牛促销型","红牛促销型","CAR",1.000,0.00,"","","",0,"",0,"","否","启用","","2026-05-15 10:28:10"
"10001118","红牛维生素功能饮料/普通型/250ML/24/30周年/24年广东箱内码三期","红牛促销型","广东专属促销","CAR",1.000,0.00,"","","",0,"",0,"","否","启用","","2026-05-15 10:25:58"
"10001117","红牛维生素功能饮料/牛磺酸强化型/250ml/24/30周年纪念装","红牛强化型","强化型","CAR",1.000,0.00,"","","",0,"",0,"","否","停用","","2026-05-15 10:25:58"
"10001116","红牛维生素功能饮料/普通型/250ML/六罐装/30周年","红牛六联包","六联包","CAR",0.250,0.00,"","","",0,"",0,"","否","启用","","2026-05-15 10:25:57"
"10001114","红牛维生素功能饮料/普通型/250ML/24/30周年纪念装","红牛普通型","红牛普通型","CAR",1.000,0.00,"","","",0,"",0,"","否","启用","","2026-05-15 10:25:57"
"10001105","红牛维生素功能饮料/普通型/250ML/24/30周年普通箱内码/2025","红牛促销型","箱内码促销","CAR",1.000,0.00,"","","",0,"",0,"","否","启用","","2026-05-15 10:25:56"
"10001132","红牛维生素功能饮料/普通型/250ML/24/扫码1元乐享-广西/2025","红牛促销型","广西1元促销","CAR",1.000,0.00,"","","",0,"",0,"","否","启用","","2026-05-15 10:25:56"
"10001134","红牛维生素功能饮料/普通型/250ML/24/广东促销/2025","红牛促销型","广东专属促销","CAR",1.000,0.00,"","","",0,"",0,"","否","启用","","2026-05-15 10:25:55"
"10001129","红牛维生素功能饮料/普通型/250ML/24/广东扫码中红包/2025","红牛促销型","广东专属促销","CAR",1.000,0.00,"","","",0,"",0,"","否","启用","","2026-05-15 10:25:55"
"10001081","红牛维生素功能饮料/普通型/250ML/24/29周年普通箱内码二期/2024","红牛普通型","红牛普通型","CAR",1.000,0.00,"","","",0,"",0,"","否","启用","","2026-05-15 10:25:54"
"10001060","红牛维生素功能饮料/普通型/250ML/24/1元换购-新疆青海/2024","红牛促销型","西北1元促销","CAR",1.000,0.00,"","","",0,"",0,"","否","启用","","2026-05-15 10:25:53"
"10001054","红牛维生素功能饮料/普通型/250ML/24/扫码促销-台州2元回收/2024","红牛促销型","扫码促销","CAR",1.000,0.00,"","","",0,"",0,"","否","启用","","2026-05-15 10:25:53"
"10000000","红牛维生素功能饮料/普通型/250ml/24","红牛普通型","红牛普通型","CAR",1.000,0.00,"","","",0,"",0,"","否","启用","","2026-05-15 10:25:52"
"10000134","红牛维生素功能饮料/普通型/250ml/24","红牛普通型","红牛普通型","CAR",1.000,0.00,"","","",0,"",0,"","否","启用","","2026-05-15 10:25:51"
"10001059","红牛维生素功能饮料/普通型/250ML/24/扫码促销-含箱内码/2024","红牛促销型","箱内码促销","CAR",1.000,0.00,"","","",0,"",0,"","否","启用","","2026-05-15 10:25:50"
"10001058","红牛维生素功能饮料/普通型/250ML/扫码促销/六罐装/2024","红牛六联包","六联包","CAR",0.250,0.00,"","","",0,"",0,"","否","启用","","2026-05-15 10:25:50"
"10001057","红牛维生素功能饮料/普通型/250ML/24/扫码促销/2024","红牛促销型","扫码促销","CAR",1.000,0.00,"","","",0,"",0,"","否","启用","","2026-05-15 10:25:48"
"11000234","战马/400ML/15/不含气/2024/1元乐享LPL版","瓶装战马不含气","瓶装战马","CAR",1.000,0.00,"","","",0,"",0,"","否","启用","","2026-05-15 10:25:48"
"10001056","红牛维生素功能饮料/普通型/250ML/24/29周年普通箱内码/2024","红牛促销型","箱内码促销","CAR",1.000,0.00,"","","",0,"",0,"","否","启用","","2026-05-15 10:25:47"
"11000231","战马/310ML/24/罐装/2024无箱内码/1元乐享-篮球","罐装战马","战马罐装2024促销","CAR",1.000,0.00,"","","",0,"",0,"","否","启用","","2026-05-15 10:25:47"
"11000230","战马/310ML/24/罐装/2024箱内码/1元乐享-篮球","罐装战马","战马罐装2024促销","CAR",1.000,0.00,"","","",0,"",0,"","否","启用","","2026-05-15 10:25:46"
"10001053","红牛维生素功能饮料/普通型/250ML/24/广东促销/2024","红牛促销型","广东专属促销","CAR",1.000,0.00,"","","",0,"",0,"","否","启用","","2026-05-15 10:25:46"
"好智粒1*15","好智粒1*15","","","CAR",0.000,0.00,"","","",0,"",0,"","否","启用","","2026-05-15 10:25:42"
"好智粒1*24","好智粒1*24","","","CAR",0.000,0.00,"","","",0,"",0,"","否","启用","","2026-05-15 10:25:41"
"好智粒1*12","好智粒1*12","","","CAR",0.000,0.00,"","","",0,"",0,"","否","启用","","2026-05-15 10:25:41"
"80000131","进口芙丝天然泉水/24/500ml/Still-蓝瓶","进口芙丝Still","","CAR",1.000,0.00,"","","",0,"",0,"","否","启用","","2026-05-15 10:25:40"
"80000114","进口芙丝天然泉水/12/850ml/Still","进口芙丝Still","","CAR",1.000,0.00,"","","",0,"",0,"","否","启用","","2026-05-15 10:25:39"
"80000106","进口芙丝苏打水/12/375ml/Sparkling-黄瓜柠檬味","进口芙丝Sparkling","","CAR",1.000,0.00,"","","",0,"",0,"","否","启用","","2026-05-15 10:25:39"
"80000103","进口气泡果味水/8罐/355ml/柠檬黄瓜味","进口芙丝气泡果味水","","CAR",1.000,0.00,"","","",0,"",0,"","否","启用","","2026-05-15 10:25:38"
"80000102","进口气泡果味水/8罐/355ml/草莓生姜味","进口芙丝气泡果味水","","CAR",1.000,0.00,"","","",0,"",0,"","否","启用","","2026-05-15 10:25:38"
"80000071","进口芙丝苏打水/12/375ml/Sparkling-青柠薄荷味","进口芙丝Sparkling","","CAR",1.000,0.00,"","","",0,"",0,"","否","启用","","2026-05-15 10:25:36"
"80000070","进口芙丝苏打水/12/375ml/Sparkling-柑橘柠檬草味","进口芙丝Sparkling","","CAR",1.000,0.00,"","","",0,"",0,"","否","启用","","2026-05-15 10:25:36"
"80000015","进口芙丝天然泉水/24/500ml/Still","进口芙丝Still","","CAR",1.000,0.00,"","","",0,"",0,"","否","启用","","2026-05-15 10:25:35"
"80000014","进口芙丝天然泉水/24/330ml/Still","进口芙丝Still","","CAR",1.000,0.00,"","","",0,"",0,"","否","启用","","2026-05-15 10:25:35"
"80000013","进口芙丝天然泉水/12/800ml/Still","进口芙丝Still","","CAR",1.000,0.00,"","","",0,"",0,"","否","启用","","2026-05-15 10:25:34"
"80000012","进口芙丝天然泉水/24/375ml/Still","进口芙丝Still","","CAR",1.000,0.00,"","","",0,"",0,"","否","启用","","2026-05-15 10:25:34"
"80000011","进口芙丝苏打水/12/800ml/Sparkling","进口芙丝Sparkling","","CAR",1.000,0.00,"","","",0,"",0,"","否","启用","","2026-05-15 10:25:33"
"80000010","进口芙丝苏打水/24/375ml/Sparkling","进口芙丝Sparkling","","CAR",1.000,0.00,"","","",0,"",0,"","否","启用","","2026-05-15 10:25:33"
"81000177","国产/风味饮料/500ML/15瓶/夏黑葡萄味","国产芙丝500ML风味","","CAR",1.000,0.00,"","","",0,"",0,"","否","启用","","2026-05-15 10:25:32"
"81000175","国产/风味饮料/500ML/15瓶/黄柠檬青柠","国产芙丝500ML风味","","CAR",1.000,0.00,"","","",0,"",0,"","否","启用","","2026-05-15 10:25:31"
"81000172","国产/风味饮料/500ML/15瓶/樱花白桃味","国产芙丝500ML风味","","CAR",1.000,0.00,"","","",0,"",0,"","否","启用","","2026-05-15 10:25:31"
"81000204","国产/芙丝水500ML/24瓶装/静安璞隽联标","国产芙丝500MLPET","","CAR",1.000,0.00,"","","",0,"",0,"","否","启用","","2026-05-15 10:25:26"
"81000200","国产/芙丝水500ML/24瓶装/沙漠钻石联标","国产芙丝500MLPET","","CAR",1.000,0.00,"","","",0,"",0,"","否","启用","","2026-05-15 10:25:25"
"81000199","国产/芙丝水330ML/24瓶装/白膜/割箱-厦航专供","国产芙丝330MLPET","","CAR",1.000,0.00,"","","",0,"",0,"","否","启用","","2026-05-15 10:25:24"
"81000162","国产/芙丝水375ML/20瓶/玻璃瓶/黑珍珠联名","国产芙丝375ML玻璃瓶","","CAR",1.000,0.00,"","","",0,"",0,"","否","启用","","2026-05-15 10:25:24"
"81000152","国产/芙丝水375ML/20瓶装/玻璃瓶","国产芙丝375ML玻璃瓶","","CAR",1.000,0.00,"","","",0,"",0,"","否","启用","","2026-05-15 10:25:23"
"81000144","国产/芙丝水375ML/12瓶装/柑橘柠檬草","国产芙丝375MLPET","","CAR",1.000,0.00,"","","",0,"",0,"","否","启用","","2026-05-15 10:25:23"
"81000122","国产/芙丝水375ML/12瓶装/玻璃瓶","国产芙丝375ML玻璃瓶","","CAR",1.000,0.00,"","","",0,"",0,"","否","启用","","2026-05-15 10:25:17"
"81000121","国产/芙丝水375ML/24瓶装/玻璃瓶","国产芙丝375ML玻璃瓶","","CAR",1.000,0.00,"","","",0,"",0,"","否","启用","","2026-05-15 10:25:17"
"81000093","国产/芙丝蛋白肽气泡水249ml/12罐装/香茅味","国产芙丝蛋白肽","","CAR",1.000,0.00,"","","",0,"",0,"","否","启用","","2026-05-15 10:25:16"
"81000120","芙丝蛋白肽/249ML*6*2/香茅","国产芙丝蛋白肽","","CAR",1.000,0.00,"","","",0,"",0,"","否","启用","","2026-05-15 10:25:15"
"81000119","芙丝蛋白肽/249ML*6/香茅","国产芙丝蛋白肽","","CAR",1.000,0.00,"","","",0,"",0,"","否","启用","","2026-05-15 10:25:15"
"81000092","国产/芙丝蛋白肽气泡水249ml/12罐装/荔枝玫瑰味","国产芙丝蛋白肽","","CAR",1.000,0.00,"","","",0,"",0,"","否","启用","","2026-05-15 10:25:14"
"81000118","芙丝蛋白肽/249ML*6*2/荔枝玫瑰","国产芙丝蛋白肽","","CAR",1.000,0.00,"","","",0,"",0,"","否","启用","","2026-05-15 10:25:14"
"81000117","芙丝蛋白肽/249ML*6/荔枝玫瑰","国产芙丝蛋白肽","","CAR",1.000,0.00,"","","",0,"",0,"","否","启用","","2026-05-15 10:25:13"
"81000108","国产/芙丝气泡水330ML/12瓶装/青提葡萄/含投奖卡","国产芙丝330ML气泡水","","CAR",1.000,0.00,"","","",0,"",0,"","否","启用","","2026-05-15 10:25:13"
"81000107","国产/芙丝气泡水330ML/12瓶装/樱花白桃/含投奖卡","国产芙丝330ML气泡水","","CAR",1.000,0.00,"","","",0,"",0,"","否","启用","","2026-05-15 10:25:12"
"81000106","国产/芙丝气泡水330ML/12瓶装/青柠生姜/含投奖卡","国产芙丝330ML气泡水","","CAR",1.000,0.00,"","","",0,"",0,"","否","启用","","2026-05-15 10:25:12"
"81000193","国产/芙丝气泡水330ML/12瓶装/荔枝香橙","国产芙丝330ML气泡水","","CAR",1.000,0.00,"","","",0,"",0,"","否","启用","","2026-05-15 10:25:11"
"81000105","国产/芙丝气泡水330ML/12瓶装/柠檬黄瓜","国产芙丝330ML气泡水","","CAR",1.000,0.00,"","","",0,"",0,"","否","启用","","2026-05-15 10:25:10"
"81000104","国产/芙丝气泡水330ML/12瓶装/青提葡萄","国产芙丝330ML气泡水","","CAR",1.000,0.00,"","","",0,"",0,"","否","启用","","2026-05-15 10:25:09"
"81000103","国产/芙丝气泡水330ML/12瓶装/樱花白桃","国产芙丝330ML气泡水","","CAR",1.000,0.00,"","","",0,"",0,"","否","启用","","2026-05-15 10:25:09"
"81000102","国产/芙丝气泡水330ML/12瓶装/青柠生姜","国产芙丝330ML气泡水","","CAR",1.000,0.00,"","","",0,"",0,"","否","启用","","2026-05-15 10:25:08"
"81000101","国产/芙丝气泡水330ML/24瓶装/柠檬黄瓜","国产芙丝330ML气泡水","","CAR",1.000,0.00,"","","",0,"",0,"","否","启用","","2026-05-15 10:25:08"
"81000100","国产/芙丝气泡水330ML/24瓶装/青提葡萄","国产芙丝330ML气泡水","","CAR",1.000,0.00,"","","",0,"",0,"","否","启用","","2026-05-15 10:25:07"
"81000099","国产/芙丝气泡水330ML/24瓶装/樱花白桃","国产芙丝330ML气泡水","","CAR",1.000,0.00,"","","",0,"",0,"","否","启用","","2026-05-15 10:25:06"
"81000096","国产/芙丝气泡水330ML/24瓶装/青柠生姜","国产芙丝330ML气泡水","","CAR",1.000,0.00,"","","",0,"",0,"","否","启用","","2026-05-15 10:25:06"
"81000164","国产/芙丝水330ML/24瓶装/滴滴联标/牛皮纸","国产芙丝330MLPET","","CAR",1.000,0.00,"","","",0,"",0,"","否","启用","","2026-05-15 10:25:05"
"81000161","国产/芙丝水330ML/30瓶装/电商纯享","国产芙丝330MLPET","","CAR",1.000,0.00,"","","",0,"",0,"","否","启用","","2026-05-15 10:25:05"
"81000160","国产/芙丝水500ML/20瓶装/电商纯享","国产芙丝500MLPET","","CAR",1.000,0.00,"","","",0,"",0,"","否","启用","","2026-05-15 10:25:04"
"81000130","国产/芙丝水330ML/24瓶装/万达瑞华联标","国产芙丝330MLPET","","CAR",1.000,0.00,"","","",0,"",0,"","否","启用","","2026-05-15 10:25:04"
"81000126","国产/芙丝水500ML/24瓶装/出口澳门","国产芙丝500MLPET","","CAR",1.000,0.00,"","","",0,"",0,"","否","启用","","2026-05-15 10:25:03"
"81000125","国产/芙丝水330ML/24瓶装/出口澳门","国产芙丝330MLPET","","CAR",1.000,0.00,"","","",0,"",0,"","否","启用","","2026-05-15 10:25:03"
"81000038","国产/芙丝水500ML/24瓶装/出口新加坡","国产芙丝500MLPET","","CAR",1.000,0.00,"","","",0,"",0,"","否","启用","","2026-05-15 10:25:02"
"81000039","国产/芙丝水330ML/24瓶装/出口新加坡","国产芙丝330MLPET","","CAR",1.000,0.00,"","","",0,"",0,"","否","启用","","2026-05-15 10:25:01"
"81000060","国产/芙丝水4L/4瓶装","国产芙丝4LPET","","CAR",1.000,0.00,"","","",0,"",0,"","否","启用","","2026-05-15 10:25:01"
"81000064","国产/芙丝水330ML/24瓶装/电商/品鉴","国产芙丝330MLPET","","CAR",1.000,0.00,"","","",0,"",0,"","否","启用","","2026-05-15 10:25:00"
"81000030","国产/芙丝水500ML/12瓶装/白膜","国产芙丝500MLPET","","CAR",1.000,0.00,"","","",0,"",0,"","否","启用","","2026-05-15 10:25:00"
"81000195","国产/芙丝水330ML/24瓶装/WHDH联标","国产芙丝330MLPET","","CAR",1.000,0.00,"","","",0,"",0,"","否","启用","","2026-05-15 10:24:58"
"81000194","国产/芙丝水330ML/24瓶装/LUX酒店联名","国产芙丝330MLPET","","CAR",1.000,0.00,"","","",0,"",0,"","否","启用","","2026-05-15 10:24:57"
"81000190","国产/芙丝水330ML/24瓶装/特供装","国产芙丝330MLPET","","CAR",1.000,0.00,"","","",0,"",0,"","否","启用","","2026-05-15 10:24:57"
"81000003","国产/芙丝水330ML/24瓶装/白膜","国产芙丝330MLPET","","CAR",1.000,0.00,"","","",0,"",0,"","否","启用","","2026-05-15 10:24:56"
"81000001","国产/芙丝水330ML/24瓶装","国产芙丝330MLPET","","CAR",1.000,0.00,"","","",0,"",0,"","否","启用","","2026-05-15 10:24:55"
"81000192","国产/芙丝水500ML/24瓶装/特供装","国产芙丝500MLPET","","CAR",1.000,0.00,"","","",0,"",0,"","否","启用","","2026-05-15 10:24:54"
"81000141","国产/芙丝水500ML/24瓶装/红韵/圣诞装","国产芙丝500MLPET","","CAR",1.000,0.00,"","","",0,"",0,"","否","启用","","2026-05-15 10:24:53"
"81000114","国产/芙丝水500ML/24瓶装/长江河湖联标","国产芙丝500MLPET","","CAR",1.000,0.00,"","","",0,"",0,"","否","启用","","2026-05-15 10:24:53"
"81000113","国产/芙丝水500ML/24瓶装/便利蜂联标","国产芙丝500MLPET","","CAR",1.000,0.00,"","","",0,"",0,"","否","启用","","2026-05-15 10:24:52"
"81000090","国产/芙丝水500ML/24瓶装/红韵","国产芙丝500MLPET","","CAR",1.000,0.00,"","","",0,"",0,"","否","启用","","2026-05-15 10:24:50"
"81000002","国产/芙丝水500ML/24瓶装/白膜","国产芙丝500MLPET","","CAR",1.000,0.00,"","","",0,"",0,"","否","启用","","2026-05-15 10:24:48"
"81000000","国产/芙丝水500ML/24瓶装","国产芙丝500MLPET","","CAR",1.000,0.00,"","","",0,"",0,"","否","启用","","2026-05-15 10:24:48"
"70000124","唯他可可椰子水/原味/310ml/罐装","唯他可可310ML","","CAR",1.000,0.00,"","","",0,"",0,"","否","启用","","2026-05-15 10:24:47"
"70000121","唯他可可椰子水/醇香风味/500ml/PET瓶装","唯他可可500ML","","CAR",1.000,0.00,"","","",0,"",0,"","否","启用","","2026-05-15 10:24:47"
"70000060","唯他可可椰子水/原味/500ml/六瓶装","唯他可可500ML","","CAR",1.000,0.00,"","","",0,"",0,"","否","启用","","2026-05-15 10:24:45"
"70000051","唯他可可椰子水/原味/500ml","唯他可可500ML","","CAR",1.000,0.00,"","","",0,"",0,"","否","启用","","2026-05-15 10:24:44"
"70000050","唯他可可椰子水/蜂蜜味/330ml","唯他可可330ML","","CAR",1.000,0.00,"","","",0,"",0,"","否","启用","","2026-05-15 10:24:43"
"70000045","唯他可可椰子水/菠萝味/330ml","唯他可可330ML","","CAR",1.000,0.00,"","","",0,"",0,"","否","启用","","2026-05-15 10:24:42"
"70000043","唯他可可椰子水/原味/330ml/航空专用","唯他可可330ML","","CAR",1.000,0.00,"","","",0,"",0,"","否","启用","","2026-05-15 10:24:30"
"70000041","唯他可可椰子水/原味/1L/航空专用","唯他可可1L","","CAR",1.000,0.00,"","","",0,"",0,"","否","启用","","2026-05-15 10:24:30"
"70000128","唯他可可椰子水/凤梨口味/330ml","唯他可可330ML","","CAR",1.000,0.00,"","","",0,"",0,"","否","启用","","2026-05-15 10:24:29"
"70000123","唯他可可椰子水/醇香风味/330ml/利乐瓶装","唯他可可330ML","","CAR",1.000,0.00,"","","",0,"",0,"","否","启用","","2026-05-15 10:24:29"
"70000071","唯他可可椰子水/原味/330ml/天猫专供","唯他可可330ML","","CAR",1.000,0.00,"","","",0,"",0,"","否","启用","","2026-05-15 10:24:28"
"70000002","唯他可可椰子水/原味/330ml","唯他可可330ML","","CAR",1.000,0.00,"","","",0,"",0,"","否","启用","","2026-05-15 10:24:27"
"70000001","唯他可可椰子水/原味/1L","唯他可可1L","","CAR",1.000,0.00,"","","",0,"",0,"","否","启用","","2026-05-15 10:24:27"
"60000235","果倍爽/樱桃复合果汁/330ML/文案装","果倍爽330ML","","CAR",1.000,0.00,"","","",0,"",0,"","否","启用","","2026-05-15 10:24:26"
"60000234","果倍爽/红葡萄汁/330ML/文案装","果倍爽330ML","","CAR",1.000,0.00,"","","",0,"",0,"","否","启用","","2026-05-15 10:24:26"
"60000233","果倍爽/橙汁/330ML/文案装","果倍爽330ML","","CAR",1.000,0.00,"","","",0,"",0,"","否","启用","","2026-05-15 10:24:25"
"60000022","果倍爽/樱桃复合果汁/330ML","果倍爽330ML","","CAR",1.000,0.00,"","","",0,"",0,"","否","启用","","2026-05-15 10:24:25"
"60000021","果倍爽/红葡萄汁/330ML","果倍爽330ML","","CAR",1.000,0.00,"","","",0,"",0,"","否","启用","","2026-05-15 10:24:23"
"60000020","果倍爽/橙汁/330ML","果倍爽330ML","","CAR",1.000,0.00,"","","",0,"",0,"","否","启用","","2026-05-15 10:24:23"
"60000256","果倍爽/猕猴桃复合果汁/六袋装/200ML/果小包盲盒","果倍爽200ML","","CAR",1.000,0.00,"","","",0,"",0,"","否","启用","","2026-05-15 10:24:22"
"60000255","果倍爽/黑加仑复合果汁/六袋装/200ML/果小包盲盒","果倍爽200ML","","CAR",1.000,0.00,"","","",0,"",0,"","否","启用","","2026-05-15 10:24:20"
"60000254","果倍爽/桃苹果复合果汁/六袋装/200ML/果小包盲盒","果倍爽200ML","","CAR",1.000,0.00,"","","",0,"",0,"","否","启用","","2026-05-15 10:24:20"
"60000253","果倍爽/梨汁/六袋装/200ML/果小包盲盒","果倍爽200ML","","CAR",1.000,0.00,"","","",0,"",0,"","否","启用","","2026-05-15 10:24:19"
"60000252","果倍爽/白葡萄汁/六袋装/200ML/果小包盲盒","果倍爽200ML","","CAR",1.000,0.00,"","","",0,"",0,"","否","启用","","2026-05-15 10:24:19"
"60000251","果倍爽/橙汁/六袋装/200ML/果小包盲盒","果倍爽200ML","","CAR",1.000,0.00,"","","",0,"",0,"","否","启用","","2026-05-15 10:24:18"
"60000217","果倍爽/猕猴桃复合果汁/六袋装/200ML/2020年整箱促销","果倍爽200ML","","CAR",1.000,0.00,"","","",0,"",0,"","否","启用","","2026-05-15 10:24:16"
"60000216","果倍爽/黑加仑复合果汁/六袋装/200ML/2020年整箱促销","果倍爽200ML","","CAR",1.000,0.00,"","","",0,"",0,"","否","启用","","2026-05-15 10:24:16"
"60000215","果倍爽/桃苹果复合果汁/六袋装/200ML/2020年整箱促销","果倍爽200ML","","CAR",1.000,0.00,"","","",0,"",0,"","否","启用","","2026-05-15 10:24:15"
"60000214","果倍爽/梨汁/六袋装/200ML/2020年整箱促销","果倍爽200ML","","CAR",1.000,0.00,"","","",0,"",0,"","否","启用","","2026-05-15 10:24:15"
"60000213","果倍爽/白葡萄汁/六袋装/200ML/2020年整箱促销","果倍爽200ML","","CAR",1.000,0.00,"","","",0,"",0,"","否","启用","","2026-05-15 10:24:14"
"60000211","果倍爽/橙汁/六袋装/200ML/2020年整箱促销","果倍爽200ML","","CAR",1.000,0.00,"","","",0,"",0,"","否","启用","","2026-05-15 10:24:14"
"60000171","果倍爽/橙汁/六袋装/200ML/果小包","果倍爽200ML","","CAR",1.000,0.00,"","","",0,"",0,"","否","启用","","2026-05-15 10:24:13"
"60000221","果倍爽/橙汁/六袋装/200ML/运动版果小包","果倍爽200ML","","CAR",1.000,0.00,"","","",0,"",0,"","否","启用","","2026-05-15 10:24:12"
"60000185","果倍爽/猕猴桃复合果汁/六袋装/200ML/2019开箱有礼","果倍爽200ML","","CAR",1.000,0.00,"","","",0,"",0,"","否","启用","","2026-05-15 10:24:12"
"60000184","果倍爽/黑加仑复合果汁/六袋装/200ML/2019开箱有礼","果倍爽200ML","","CAR",1.000,0.00,"","","",0,"",0,"","否","启用","","2026-05-15 10:24:11"
"60000183","果倍爽/桃苹果复合果汁/六袋装/200ML/2019开箱有礼","果倍爽200ML","","CAR",1.000,0.00,"","","",0,"",0,"","否","启用","","2026-05-15 10:24:11"
"60000182","果倍爽/梨汁/六袋装/200ML/2019开箱有礼","果倍爽200ML","","CAR",1.000,0.00,"","","",0,"",0,"","否","启用","","2026-05-15 10:24:10"
"60000181","果倍爽/白葡萄汁/六袋装/200ML/2019开箱有礼","果倍爽200ML","","CAR",1.000,0.00,"","","",0,"",0,"","否","启用","","2026-05-15 10:24:09"
"60000180","果倍爽/橙汁/六袋装/200ML/2019开箱有礼","果倍爽200ML","","CAR",1.000,0.00,"","","",0,"",0,"","否","启用","","2026-05-15 10:24:08"
"60000091","果倍爽/猕猴桃复合果汁/200ML","果倍爽200ML","","CAR",1.000,0.00,"","","",0,"",0,"","否","启用","","2026-05-15 10:24:08"
"60000090","果倍爽/黑加仑复合果汁/200ML","果倍爽200ML","","CAR",1.000,0.00,"","","",0,"",0,"","否","启用","","2026-05-15 10:24:07"
"60000003","果倍爽/桃苹果复合果汁/200ML","果倍爽200ML","","CAR",1.000,0.00,"","","",0,"",0,"","否","启用","","2026-05-15 10:24:06"
"60000002","果倍爽/梨汁/200ML","果倍爽200ML","","CAR",1.000,0.00,"","","",0,"",0,"","否","启用","","2026-05-15 10:24:05"
"60000001","果倍爽/白葡萄汁/200ML","果倍爽200ML","","CAR",1.000,0.00,"","","",0,"",0,"","否","启用","","2026-05-15 10:24:04"
"60000000","果倍爽/橙汁/200ML","果倍爽200ML","","CAR",1.000,0.00,"","","",0,"",0,"","否","启用","","2026-05-15 10:24:03"
"11000182","战马/180ML/24/罐装/含气/柠檬味","罐装战马180ML","罐装战马180ML","CAR",1.000,0.00,"","","",0,"",0,"","否","启用","","2026-05-15 10:24:02"
"11000181","战马/180ML/24/罐装/含气/西柚味","罐装战马180ML","罐装战马180ML","CAR",1.000,0.00,"","","",0,"",0,"","否","启用","","2026-05-15 10:24:01"
"11000180","战马/180ML/24/罐装/含气/白桃味","罐装战马180ML","罐装战马180ML","CAR",1.000,0.00,"","","",0,"",0,"","否","启用","","2026-05-15 10:24:01"
"11000179","战马/180ML/24/罐装/含气/无糖","罐装战马180ML","罐装战马180ML","CAR",1.000,0.00,"","","",0,"",0,"","否","启用","","2026-05-15 10:24:00"
"11000164","战马/180ML/6/罐装/玉米低聚肽","罐装战马180ML","罐装战马180ML","CAR",0.250,0.00,"","","",0,"",0,"","否","启用","","2026-05-15 10:24:00"
"11000163","战马/180ML/6/罐装/大豆肽","罐装战马180ML","罐装战马180ML","CAR",0.250,0.00,"","","",0,"",0,"","否","启用","","2026-05-15 10:23:59"
"11000162","战马/180ML/6/罐装/浓郁型","罐装战马180ML","罐装战马180ML","CAR",0.250,0.00,"","","",0,"",0,"","否","启用","","2026-05-15 10:23:59"
"11000161","战马/180ML/6/罐装/柠檬味","罐装战马180ML","罐装战马180ML","CAR",0.250,0.00,"","","",0,"",0,"","否","启用","","2026-05-15 10:23:58"
"11000160","战马/180ML/6/罐装/西柚味","罐装战马180ML","罐装战马180ML","CAR",0.250,0.00,"","","",0,"",0,"","否","启用","","2026-05-15 10:23:58"
"11000159","战马/180ML/6/罐装/白桃味","罐装战马180ML","罐装战马180ML","CAR",0.250,0.00,"","","",0,"",0,"","否","启用","","2026-05-15 10:23:53"
"11000221","战马/310ML/24/罐装/广东云南促销-篮球","罐装战马","战马罐装
普通","CAR",1.000,0.00,"","","",0,"",0,"","否","启用","","2026-05-15 10:23:52"
"11000214","战马/310ML/24/罐装/2023/穿越火线联名版","罐装战马","战马罐装
普通","CAR",1.000,0.00,"","","",0,"",0,"","否","启用","","2026-05-15 10:23:52"
"11000208","战马/310ML/24/罐装/常规-LPL女版","罐装战马","战马罐装
普通","CAR",1.000,0.00,"","","",0,"",0,"","否","启用","","2026-05-15 10:23:51"
"11000207","战马/310ML/24/罐装/广深东扫码-LPL女版","罐装战马","战马罐装2023促销","CAR",1.000,0.00,"","","",0,"",0,"","否","启用","","2026-05-15 10:23:49"
"11000206","战马/310ML/24/罐装/1元乐享2023-LPL女版","罐装战马","战马罐装2023促销","CAR",1.000,0.00,"","","",0,"",0,"","否","启用","","2026-05-15 10:23:48"
"11000205","战马/310ML/24/罐装/常规-LPL男版","罐装战马","战马罐装
普通","CAR",1.000,0.00,"","","",0,"",0,"","否","启用","","2026-05-15 10:23:48"
"11000204","战马/310ML/24/罐装/广深东扫码-LPL男版","罐装战马","战马罐装2023促销","CAR",1.000,0.00,"","","",0,"",0,"","否","启用","","2026-05-15 10:23:47"
"11000203","战马/310ML/24/罐装/1元乐享2023-LPL男版","罐装战马","战马罐装2023促销","CAR",1.000,0.00,"","","",0,"",0,"","否","启用","","2026-05-15 10:23:47"
"11000202","战马/310ML/24/罐装/常规-篮球","罐装战马","战马罐装
普通","CAR",1.000,0.00,"","","",0,"",0,"","否","启用","","2026-05-15 10:23:46"
"11000201","战马/310ML/24/罐装/广深东扫码-篮球","罐装战马","战马罐装2023促销","CAR",1.000,0.00,"","","",0,"",0,"","否","启用","","2026-05-15 10:23:46"
"11000200","战马/310ML/24/罐装/1元乐享2023-篮球","罐装战马","战马罐装2023促销","CAR",1.000,0.00,"","","",0,"",0,"","否","启用","","2026-05-15 10:23:45"
"11000176","战马/310ML/24/罐装/2022/1元即享-LPL男版","罐装战马","战马罐装2022促销","CAR",1.000,0.00,"","","",0,"",0,"","否","启用","","2026-05-15 10:23:41"
"11000156","战马/310ML/24/罐装/2021/和平精英/扫码红包","罐装战马","战马罐装2021促销","CAR",1.000,0.00,"","","",0,"",0,"","否","启用","","2026-05-15 10:23:36"
"11000155","战马/310ML/24/罐装/2021/和平精英/礼上有礼","罐装战马","战马罐装2021促销","CAR",1.000,0.00,"","","",0,"",0,"","否","启用","","2026-05-15 10:23:35"
"11000153","战马/310ML/24/罐装/2021/扫码红包","罐装战马","战马罐装2021促销","CAR",1.000,0.00,"","","",0,"",0,"","否","启用","","2026-05-15 10:23:35"
"11000152","战马/310ML/24/罐装/2021/礼上有礼","罐装战马","战马罐装2021促销","CAR",1.000,0.00,"","","",0,"",0,"","否","启用","","2026-05-15 10:23:34"
"11000140","战马/310ML/24/罐装/2020/箱内码","罐装战马","罐装战马","CAR",1.000,0.00,"","","",0,"",0,"","否","启用","","2026-05-15 10:23:31"
"11000131","战马/310ML/24/罐装/2020/扫码红包","罐装战马","罐装战马","CAR",1.000,0.00,"","","",0,"",0,"","否","启用","","2026-05-15 10:23:29"
"11000130","战马/310ML/24/罐装/2020/1元轻松享","罐装战马","罐装战马","CAR",1.000,0.00,"","","",0,"",0,"","否","启用","","2026-05-15 10:23:28"
"11000143","战马/310ML/24/罐装/出口美国","罐装战马","战马罐装
普通","CAR",1.000,0.00,"","","",0,"",0,"","否","启用","","2026-05-15 10:23:24"
"11000218","战马/500ML/24/含气","瓶装战马含气","瓶装战马","CAR",1.000,0.00,"","","",0,"",0,"","否","启用","","2026-05-15 10:23:23"
"11000217","战马/500ML/24/原味","瓶装战马不含气","瓶装战马","CAR",1.000,0.00,"","","",0,"",0,"","否","启用","","2026-05-15 10:23:22"
"11000213","战马/400ML/15/不含气/常规-LPL女版","瓶装战马不含气","瓶装战马","CAR",1.000,0.00,"","","",0,"",0,"","否","启用","","2026-05-15 10:23:22"
"11000212","战马/400ML/15/不含气/常规-LPL男版","瓶装战马不含气","瓶装战马","CAR",1.000,0.00,"","","",0,"",0,"","否","启用","","2026-05-15 10:23:21"
"11000211","战马/400ML/15/不含气/2023/1元乐享-LPL女版","瓶装战马不含气","瓶装战马","CAR",1.000,0.00,"","","",0,"",0,"","否","启用","","2026-05-15 10:23:21"
"11000210","战马/400ML/15/不含气/2023/1元乐享-LPL男版","瓶装战马不含气","瓶装战马","CAR",1.000,0.00,"","","",0,"",0,"","否","启用","","2026-05-15 10:23:20"
"11000151","战马/400ML/15/不含气/2021/扫码红包","瓶装战马不含气","瓶装战马","CAR",1.000,0.00,"","","",0,"",0,"","否","启用","","2026-05-15 10:23:18"
"11000150","战马/400ML/15/不含气/2021/礼上有礼","瓶装战马不含气","瓶装战马","CAR",1.000,0.00,"","","",0,"",0,"","否","启用","","2026-05-15 10:23:17"
"11000100","战马/400ML/15/不含气/2020/1元畅享","瓶装战马不含气","瓶装战马","CAR",1.000,0.00,"","","",0,"",0,"","否","启用","","2026-05-15 10:23:17"
"11000046","战马/400ML/15/不含气/赠饮","瓶装战马不含气","瓶装战马","CAR",1.000,0.00,"","","",0,"",0,"","否","启用","","2026-05-15 10:23:08"
"11000047","战马/400ML/15/含气/赠饮","瓶装战马含气","瓶装战马","CAR",1.000,0.00,"","","",0,"",0,"","否","启用","","2026-05-15 10:23:07"
"11000040","战马/400ML/15/含气/战马要疯","瓶装战马含气","瓶装战马","CAR",1.000,0.00,"","","",0,"",0,"","否","启用","","2026-05-15 10:23:06"
"11000114","战马/400ML/15/含气/2020/扫码红包","瓶装战马含气","瓶装战马","CAR",1.000,0.00,"","","",0,"",0,"","否","启用","","2026-05-15 10:23:04"
"11000115","战马/400ML/15/不含气/2020/扫码红包","瓶装战马不含气","瓶装战马","CAR",1.000,0.00,"","","",0,"",0,"","否","启用","","2026-05-15 10:23:03"
"11000002","战马/400ML/15/含气","瓶装战马含气","瓶装战马","CAR",1.000,0.00,"","","",0,"",0,"","否","启用","","2026-05-15 10:23:03"
"11000001","战马/400ML/15/不含气","瓶装战马不含气","瓶装战马","CAR",1.000,0.00,"","","",0,"",0,"","否","启用","","2026-05-15 10:23:01"
"","红牛胶带","","","CAR",0.000,0.00,"","","",0,"",0,"","否","启用","","2026-05-15 10:23:00"
"10001044","红牛维生素功能饮料/普通型/250ML/24/29周年/广东箱内码一期/2024","红牛促销型","广东专属促销","CAR",1.000,0.00,"","","",0,"",0,"","否","启用","","2026-05-15 10:23:00"
"10001043","红牛维生素功能饮料/普通型/250ML/24/29周年/两元纸箱/台州专供一期","红牛促销型","红牛促销型","CAR",1.000,0.00,"","","",0,"",0,"","否","启用","","2026-05-15 10:22:59"
"10001035","红牛维生素功能饮料/牛磺酸强化型/250ml/24/29周年纪念装","红牛强化型","强化型","CAR",1.000,0.00,"","","",0,"",0,"","否","启用","","2026-05-15 10:22:58"
"10001034","红牛维生素功能饮料/普通型/250ML/六罐装/29周年","红牛六联包","六联包","包",0.250,0.00,"","","",0,"",0,"","否","启用","","2026-05-15 10:22:58"
"10001033","红牛维生素功能饮料/普通型/250ML/24/29周年纪念装","红牛普通型","红牛普通型","CAR",1.000,0.00,"","","",0,"",0,"","否","启用","","2026-05-15 10:22:57"
"10001029","红牛/250ML/24/28周年纪念装/广东促销二期/2023","红牛促销型","广东专属促销","CAR",1.000,0.00,"","","",0,"",0,"","否","启用","","2026-05-15 10:22:57"
"10001028","红牛/250ML/24/28周年纪念装/两元促销/台州专供三期","红牛促销型","红牛促销型","CAR",1.000,0.00,"","","",0,"",0,"","否","启用","","2026-05-15 10:22:55"
"10001025","红牛/普通型/250ML/24/2023普通装箱内码二期","红牛促销型","箱内码促销","CAR",1.000,0.00,"","","",0,"",0,"","否","启用","","2026-05-15 10:22:55"
"10001024","红牛/250ML/24/28周年纪念装/两元促销/台州专供二期","红牛促销型","红牛促销型","CAR",1.000,0.00,"","","",0,"",0,"","否","启用","","2026-05-15 10:22:54"
"10001017","红牛/250ML/24/28周年普通型-含箱内码/2023","红牛促销型","箱内码促销","CAR",1.000,0.00,"","","",0,"",0,"","否","启用","","2026-05-15 10:22:54"
"10001020","红牛/普通型/250ML/24/广东促销/2023","红牛促销型","广东专属促销","CAR",1.000,0.00,"","","",0,"",0,"","否","启用","","2026-05-15 10:22:53"
"10001016","红牛/普通型/250ML/24/扫码促销-含箱内码/2023","红牛促销型","箱内码促销","CAR",1.000,0.00,"","","",0,"",0,"","否","启用","","2026-05-15 10:22:53"
"10001015","红牛/250ML/扫码促销/六罐装/2023","红牛六联包","六联包","CAR",0.250,0.00,"","","",0,"",0,"","否","启用","","2026-05-15 10:22:51"
"10001019","红牛/普通型/250ML/24/1元换购-藏区/2023","红牛促销型","西北1元促销","CAR",1.000,0.00,"","","",0,"",0,"","否","启用","","2026-05-15 10:22:51"
"10001018","红牛/普通型/250ML/24/1元换购/2023","红牛促销型","西北1元促销","CAR",1.000,0.00,"","","",0,"",0,"","否","启用","","2026-05-15 10:22:50"
"10001014","红牛/普通型/250ML/24/扫码促销/2023","红牛促销型","扫码促销","CAR",1.000,0.00,"","","",0,"",0,"","否","启用","","2026-05-15 10:22:50"
"10001013","红牛/250ML/24/扫码促销/两元促销/台州专供","红牛促销型","红牛促销型","CAR",1.000,0.00,"","","",0,"",0,"","否","启用","","2026-05-15 10:22:49"
"10001003","红牛/强化型/250ml/蓝色/24/28周年","红牛强化型","强化型","CAR",1.000,0.00,"","","",0,"",0,"","否","启用","","2026-05-15 10:22:49"
"10001001","红牛/普通型/250ML/六罐装/28周年","红牛六联包","六联包","CAR",0.250,0.00,"","","",0,"",0,"","否","启用","","2026-05-15 10:22:48"
"10001000","红牛/250ML/24/28周年纪念装","红牛普通型","红牛普通型","CAR",1.000,0.00,"","","",0,"",0,"","否","启用","","2026-05-15 10:22:48"
"10000998","红牛/250ML/24/28周年纪念装/两元促销/台州专供","红牛促销型","红牛普通型","CAR",1.000,0.00,"","","",0,"",0,"","否","启用","","2026-05-15 10:22:47"
"10000997","红牛/250ML/24/27周年版/两元促销/台州专供","红牛促销型","红牛普通型","CAR",1.000,0.00,"","","",0,"",0,"","否","启用","","2026-05-15 10:22:46"
"10001031","红牛维生素功能饮料/普通型/250ML/12/2024开门红加大礼盒","十二罐礼盒","12罐礼盒","CAR",0.500,0.00,"","","",0,"",0,"","否","启用","","2026-05-15 10:22:46"
"10001030","红牛维生素功能饮料/普通型/250ML/12/2024开门红礼盒","十二罐礼盒","12罐礼盒","CAR",0.500,0.00,"","","",0,"",0,"","否","启用","","2026-05-15 10:22:45"
"10000994","红牛/250ML/12/2023开门红加大礼盒","十二罐礼盒","12罐礼盒","CAR",0.500,0.00,"","","",0,"",0,"","否","启用","","2026-05-15 10:22:45"
"10000993","红牛/250ML/12/2023开门红礼盒","十二罐礼盒","12罐礼盒","CAR",0.500,0.00,"","","",0,"",0,"","否","启用","","2026-05-15 10:22:44"
"10000978","红牛/普通型/250ML/24/2022普通装箱内码2期","红牛促销型","箱内码促销","CAR",1.000,0.00,"","","",0,"",0,"","否","启用","","2026-05-15 10:22:44"
"10000962","红牛/普通型/250ML/24/1元乐享/2022","红牛促销型","西北1元促销","CAR",1.000,0.00,"","","",0,"",0,"","否","启用","","2026-05-15 10:22:43"
"10000961","红牛/普通型/250ML/24/广东促销/2022","红牛促销型","广东专属促销","CAR",1.000,0.00,"","","",0,"",0,"","否","启用","","2026-05-15 10:22:43"
"10000960","红牛/250ML/扫码促销/六罐装/缩膜装/2022","红牛六联包","六联包","CAR",0.250,0.00,"","","",0,"",0,"","否","启用","","2026-05-15 10:22:42"
"10000959","红牛/普通型/250ML/24/2022普通装箱内码","红牛促销型","箱内码促销","CAR",1.000,0.00,"","","",0,"",0,"","否","启用","","2026-05-15 10:22:42"
"10000957","红牛/普通型/250ML/24/扫码促销-含箱内码/2022","红牛促销型","箱内码促销","CAR",1.000,0.00,"","","",0,"",0,"","否","启用","","2026-05-15 10:22:41"
"10000955","红牛/普通型/250ML/24/扫码促销/2022","红牛促销型","扫码促销","CAR",1.000,0.00,"","","",0,"",0,"","否","启用","","2026-05-15 10:22:41"
"10000945","红牛/强化型/250ml/蓝色/24/27周年","红牛强化型","强化型","CAR",1.000,0.00,"","","",0,"",0,"","否","启用","","2026-05-15 10:22:40"
"10000944","红牛/普通型/250ML/六罐装/27周年","红牛六联包","六联包","CAR",0.250,0.00,"","","",0,"",0,"","否","启用","","2026-05-15 10:22:40"
"10000943","红牛/250ML/24/27周年纪念装","红牛普通型","红牛普通型","CAR",1.000,0.00,"","","",0,"",0,"","否","启用","","2026-05-15 10:22:39"
"10000938","红牛/250ML/12/2022开门红加大礼盒","十二罐礼盒","12罐礼盒","CAR",0.500,0.00,"","","",0,"",0,"","否","启用","","2026-05-15 10:22:39"
"10000937","红牛/250ML/12/2022开门红礼盒","十二罐礼盒","12罐礼盒","CAR",0.500,0.00,"","","",0,"",0,"","否","启用","","2026-05-15 10:22:38"
"10000932","红牛/普通型/250ML/24/普通箱内码促销/2021","红牛促销型","红牛促销型","CAR",1.000,0.00,"","","",0,"",0,"","否","启用","","2026-05-15 10:21:25"
"10000931","红牛/普通型/250ML/24/箱内码/电子标签/2021","红牛促销型","红牛促销型","CAR",1.000,0.00,"","","",0,"",0,"","否","启用","","2026-05-15 10:21:23"
"10000928","红牛/250ML/12/2021双节礼盒","十二罐礼盒","12罐礼盒","CAR",0.500,0.00,"","","",0,"",0,"","否","启用","","2026-05-15 10:21:22"
"10000914","红牛/250ML/2021/扫码促销/六罐装/缩膜装","红牛六联包","六联包","CAR",0.250,0.00,"","","",0,"",0,"","否","启用","","2026-05-15 10:21:22"
"10000919","红牛/普通型/250ML/24/1元享红牛/2021","红牛促销型","红牛促销型","CAR",1.000,0.00,"","","",0,"",0,"","否","启用","","2026-05-15 10:21:20"
"10000917","红牛/普通型/250ML/24/广东促销/2021","红牛促销型","红牛促销型","CAR",1.000,0.00,"","","",0,"",0,"","否","启用","","2026-05-15 10:21:20"
"10000916","红牛/普通型/250ML/24/广东促销-非电子标签/2021","红牛促销型","红牛促销型","CAR",1.000,0.00,"","","",0,"",0,"","否","启用","","2026-05-15 10:21:19"
"10000915","红牛/普通型/250ML/24/扫码促销-箱内码/2021","红牛促销型","红牛促销型","CAR",1.000,0.00,"","","",0,"",0,"","否","启用","","2026-05-15 10:21:18"
"10000913","红牛/普通型/250ML/24/扫码促销/2021","红牛促销型","红牛促销型","CAR",1.000,0.00,"","","",0,"",0,"","否","启用","","2026-05-15 10:21:17"
"10000845","红牛/250ML/2020/1元轻松享/六罐装/缩膜装","红牛六联包","六联包","CAR",0.250,0.00,"","","",0,"",0,"","否","启用","","2026-05-15 10:21:16"
"10000843","红牛/250ML/2020/扫码促销/六罐装/缩膜装","红牛六联包","六联包","CAR",0.250,0.00,"","","",0,"",0,"","否","启用","","2026-05-15 10:21:15"
"10000788","红牛/普通型/250ML/2019壹元再享/六罐装/缩膜装","红牛六联包","六联包","CAR",0.250,0.00,"","","",0,"",0,"","否","启用","","2026-05-15 10:21:11"
"10000784","红牛/普通型/250ML/2019扫码促销/六罐装/缩膜装","红牛六联包","六联包","CAR",0.250,0.00,"","","",0,"",0,"","否","启用","","2026-05-15 10:21:11"
"10000750","红牛/普通型/250ML/2018壹元乐享/六罐装/缩膜装","红牛六联包","六联包","CAR",0.250,0.00,"","","",0,"",0,"","否","启用","","2026-05-15 10:21:09"
"10000746","红牛/普通型/250ML/2018扫码促销/六罐装/缩膜装","红牛六联包","六联包","CAR",0.250,0.00,"","","",0,"",0,"","否","启用","","2026-05-15 10:21:07"
"10000901","红牛/普通型/250ML/六罐装/26周年","红牛六联包","六联包","CAR",0.250,0.00,"","","",0,"",0,"","否","启用","","2026-05-15 10:21:07"
"10000820","红牛/普通型/250ML/六罐装/25周年","红牛六联包","六联包","CAR",0.250,0.00,"","","",0,"",0,"","否","启用","","2026-05-15 10:21:06"
"10000387","红牛/普通型/250ML/六罐装/缩膜装","红牛六联包","六联包","CAR",0.250,0.00,"","","",0,"",0,"","否","启用","","2026-05-15 10:21:05"
"10000044","红牛维生素功能饮料/牛磺酸强化型/250ml/四罐装","强化四罐礼盒","强化型","CAR",0.167,0.00,"","","",0,"",0,"","否","启用","","2026-05-15 10:21:03"
"10000001","红牛/强化型/250ml/蓝色/24","红牛强化型","强化型","CAR",1.000,0.00,"","","",0,"",0,"","否","启用","","2026-05-15 10:21:02"
"10000177","红牛/强化型/250ml/蓝色/24/充氮","红牛强化型","强化型","CAR",1.000,0.00,"","","",0,"",0,"","否","启用","","2026-05-15 10:21:01"
"10000902","红牛/强化型/250ml/蓝色/24/26周年","红牛强化型","强化型","CAR",1.000,0.00,"","","",0,"",0,"","否","启用","","2026-05-15 10:21:00"
"10000822","红牛/强化型/250ml/蓝色/24/25周年","红牛强化型","强化型","CAR",1.000,0.00,"","","",0,"",0,"","否","启用","","2026-05-15 10:21:00"
"10000844","红牛/普通型/250ML/24/1元轻松享/2020","红牛促销型","红牛促销型","CAR",1.000,0.00,"","","",0,"",0,"","否","启用","","2026-05-15 10:20:59"
"10000787","红牛/普通型/250ML/24/壹元再享/2019","红牛促销型","红牛促销型","CAR",1.000,0.00,"","","",0,"",0,"","否","启用","","2026-05-15 10:20:58"
"10000748","红牛/普通型/250ML/24/壹元乐享/2018","红牛促销型","红牛促销型","CAR",1.000,0.00,"","","",0,"",0,"","否","启用","","2026-05-15 10:20:57"
"10000832","红牛/普通型/250ML/24/华新扫码-3元箱码/2020","红牛促销型","红牛促销型","CAR",1.000,0.00,"","","",0,"",0,"","否","启用","","2026-05-15 10:20:56"
"10000831","红牛/普通型/250ML/24/扫码促销-3元箱码/2020","红牛促销型","红牛促销型","CAR",1.000,0.00,"","","",0,"",0,"","否","启用","","2026-05-15 10:20:55"
"10000830","红牛/普通型/250ML/24/扫码促销-2元箱码/2020","红牛促销型","红牛促销型","CAR",1.000,0.00,"","","",0,"",0,"","否","启用","","2026-05-15 10:20:55"
"10000794","红牛/普通型/250ML/24/扫码促销-3元纸箱/2019","红牛促销型","红牛促销型","CAR",1.000,0.00,"","","",0,"",0,"","否","启用","","2026-05-15 10:20:54"
"10000829","红牛/普通型/250ML/24/扫码促销/2020","红牛促销型","红牛促销型","CAR",1.000,0.00,"","","",0,"",0,"","否","启用","","2026-05-15 10:20:53"
"10000783","红牛/普通型/250ML/24/扫码促销/2019","红牛促销型","红牛促销型","CAR",1.000,0.00,"","","",0,"",0,"","否","启用","","2026-05-15 10:20:52"
"10000795","红牛/普通型/250ML/24/华新/扫码促销-3元纸箱/2019","红牛促销型","红牛促销型","CAR",1.000,0.00,"","","",0,"",0,"","否","启用","","2026-05-15 10:20:51"
"10000785","红牛/普通型/250ML/24/华新/扫码促销/2019","红牛促销型","红牛促销型","CAR",1.000,0.00,"","","",0,"",0,"","否","启用","","2026-05-15 10:20:50"
"10000745","红牛/普通型/250ML/24/2018扫码促销/华新专供","红牛促销型","红牛促销型","CAR",1.000,0.00,"","","",0,"",0,"","否","启用","","2026-05-15 10:20:48"
"10000744","红牛/普通型/250ML/24/扫码促销/2018","红牛促销型","红牛促销型","CAR",1.000,0.00,"","","",0,"",0,"","否","启用","","2026-05-15 10:20:48"
"10000819","红牛/普通型/250ML/24/华新/25周年","红牛普通型","红牛普通型","CAR",1.000,0.00,"","","",0,"",0,"","否","启用","","2026-05-15 10:20:47"
"10000163","红牛/普通型/250ml/24/华新/充氮","红牛普通型","红牛普通型","CAR",1.000,0.00,"","","",0,"",0,"","否","启用","","2026-05-15 10:20:47"
"10000876","红牛/普通型/250ML/24/华南1元轻松享/2020","红牛促销型","红牛促销型","CAR",1.000,0.00,"","","",0,"",0,"","否","启用","","2026-05-15 10:20:46"
"10000875","红牛/普通型/250ML/24/华南促销/2021","红牛促销型","红牛促销型","CAR",1.000,0.00,"","","",0,"",0,"","否","启用","","2026-05-15 10:20:45"
"10000869","1","红牛促销型","红牛促销型","CAR",1.000,0.00,"","","",0,"",0,"","否","启用","","2026-05-15 10:20:44"
"10000766","红牛/普通型/250ML/24/华新2元回收/2018","红牛促销型","红牛促销型","CAR",1.000,0.00,"","","",0,"",0,"","否","启用","","2026-05-15 10:20:43"
"10000765","红牛/普通型/250ML/24/南区2元回收/2018","红牛促销型","红牛促销型","CAR",1.000,0.00,"","","",0,"",0,"","否","启用","","2026-05-15 10:20:43"
"10000896","红牛/250ML/12/2021开门红专项礼盒","十二罐礼盒","12罐礼盒","CAR",0.500,0.00,"","","",0,"",0,"","否","启用","","2026-05-15 10:20:42"
"10000895","红牛/250ML/12/2021开门红礼盒","十二罐礼盒","12罐礼盒","CAR",0.500,0.00,"","","",0,"",0,"","否","启用","","2026-05-15 10:20:40"
"10000864","红牛/250ML/24/专供型","红牛普通型","红牛普通型","CAR",1.000,0.00,"","","",0,"",0,"","否","启用","","2026-05-15 10:20:40"
"10000900","红牛/250ML/24/26周年纪念装","红牛普通型","红牛普通型","CAR",1.000,0.00,"","","",0,"",0,"","否","启用","","2026-05-15 10:20:39"
"10000818","红牛/250ML/24/25周年纪念装","红牛普通型","红牛普通型","CAR",1.000,0.00,"","","",0,"",0,"","否","启用","","2026-05-15 10:20:38"
"10000002","红牛/普通型/250ml/24/非卖品","红牛普通型","红牛普通型","CAR",1.000,0.00,"","","",0,"",0,"","否","启用","","2026-05-15 10:20:38"
"10000813","红牛/普通型/250ml/24","红牛普通型","红牛普通型","CAR",1.000,0.00,"","","",0,"",0,"","否","启用","","2026-05-15 10:20:37"
"10001188","红牛维生素功能饮料/普通型/250ML/24/31周年纪念装","红牛普通型","红牛普通型","CAR",1.000,0.00,"","","",0,"",0,"","否","启用","","2026-05-15 10:05:58"
"10001199","红牛维生素功能饮料/普通型/250ML/24/普通箱内码/2026","红牛促销型","箱内码促销","CAR",1.000,0.00,"","","",0,"",0,"","否","启用","","2026-05-15 09:46:46"
