序号,物料编码,商品名称,启/禁状态,单位重量(吨/箱),物料单位,单位货值(元/箱),纸箱价格(元/张),外包装箱价格,是否促销物料,是否箱内码促销,是否消费者促销,是否五码合一,促销方式,封箱方式,是否有内膜,是否有外膜,箱内包装形式,箱内数量,箱内单位,投放区域,箱内是否有礼品,商品保质期,材质,备注,标箱折扣系数,品牌,物料大类,物料品类,商品图例,分配量,促销方案,保质期预警(天),有效期起,有效期止,创建时间
1,11000405,战马/330ML/24/罐装/含气/春日白桃味/普通型,启用,,CAR,,,2.17,否,否,否,否,罐装330ML战马,胶带,是,否,12×2,24,,全国,否,18个月,铝罐,2026年4月新增物料,1.000,战马,罐装战马,,,,,60,2026-01-01,9999-12-31,2026-05-15 10:28:34
2,11000412,战马/330ML/24/罐装/含气/夏日柠檬味/扫码1元乐享/2026,启用,,CAR,,,2.17,否,是,是,否,罐装330ML战马,胶带,是,否,12×2,24,,除新疆、青海、内蒙古、西藏以外的中国大陆地区,否,18个月,铝罐,2026年4月新增物料,1.000,战马,罐装战马,,,,,60,2026-01-01,9999-12-31,2026-05-15 10:28:33
3,11000411,战马/330ML/24/罐装/含气/春日白桃味/扫码1元乐享/2026,启用,,CAR,,,2.17,否,是,是,否,罐装330ML战马,胶带,是,否,12×2,24,,除新疆、青海、内蒙古、西藏以外的中国大陆地区,否,18个月,铝罐,2026年4月新增物料,1.000,战马,罐装战马,,,,,60,2026-01-01,9999-12-31,2026-05-15 10:28:33
4,11000409,战马/330ML/24/罐装/含气/夏日柠檬味/收拉环1元乐享/2026,启用,,CAR,,,2.17,否,是,否,是,罐装330ML战马,胶带,是,否,12×2,24,,除广东、福建、海南、西藏之外的中国大陆地区,否,18个月,铝罐,2026年4月新增物料,1.000,战马,罐装战马,,,,,60,2026-01-01,9999-12-31,2026-05-15 10:28:32
5,11000408,战马/330ML/24/罐装/含气/春日白桃味/收拉环1元乐享/2026,启用,,CAR,,,2.17,否,是,否,是,罐装330ML战马,胶带,是,否,12×2,24,,除广东、福建、海南、西藏之外的中国大陆地区,否,18个月,铝罐,2026年4月新增物料,1.000,战马,罐装战马,,,,,60,2026-01-01,9999-12-31,2026-05-15 10:28:32
6,81000323,国产/芙丝水500ML/24瓶装/艺术家夏季限定装,启用,0.01380,CAR,91.20,3.91,3.91,否,否,否,否,国产芙丝500MLPET,热熔胶+缩膜,是,是,6×4,24,,,否,24个月,塑料瓶,2026年5月新增物料,1.000,芙丝,国产芙丝,,,,,60,2026-01-01,2099-12-31,2026-05-15 10:28:31
7,11000410,战马/330ML/24/罐装/含气/菠萝西柚味/扫码1元乐享/2026,启用,0.00866,CAR,100.80,2.17,2.17,否,是,是,否,罐装330ML战马,胶带,是,否,12×2,24,,除新疆、青海、内蒙古、西藏以外的中国大陆地区,否,18个月,,2026年4月新增物料,1.000,战马,罐装战马,,,,,60,2026-01-01,2099-12-31,2026-05-15 10:28:31
8,11000407,战马/330ML/24/罐装/含气/菠萝西柚味/收拉环1元乐享/2026,启用,0.00866,CAR,100.80,2.17,2.17,否,否,否,是,罐装330ML战马,胶带,是,否,12×2,24,,除广东、福建、海南、西藏之外的中国大陆地区,否,18个月,,2026年4月新增物料,1.000,战马,罐装战马,,,,,,2026-01-01,2099-12-31,2026-05-15 10:28:30
9,81000287,国产/芙丝气泡水330ML/12瓶装/蜜柚甜橘,启用,0.00430,CAR,39.60,1.38,1.38,否,否,否,否,,热熔胶+缩膜,是,否,6×2,12,,,否,12个月,,2025年4月新增物料,1.000,芙丝,国产芙丝330ML气泡水,,,,,60,2026-01-01,2099-12-31,2026-05-15 10:28:30
10,11000404,战马/310ML/24/罐装/2026/新包装线下1元乐享（二段）,启用,0.00001,CAR,,,0.00,否,否,否,否,战马罐装2026促销,,否,否,,,,,否,,,,1.000,罐装战马,战马罐装促销,8,,,,,2025-01-01,9999-12-31,2026-05-15 10:28:29
11,11000401,战马/330ML/24/罐装/含气/夏日柠檬味/扫码红包2026,启用,0.00001,CAR,,,0.00,否,否,否,否,战马罐装2026促销,,否,否,,,,,否,,,,1.000,罐装战马,战马罐装促销,8,,,,,2025-01-01,9999-12-31,2026-05-15 10:28:28
12,11000400,战马/330ML/24/罐装/含气/春日白桃味/扫码红包2026,启用,0.00001,CAR,,,0.00,否,否,否,否,战马罐装2026促销,,否,否,,,,,否,,,,1.000,罐装战马,战马罐装促销,8,,,,,2025-01-01,9999-12-31,2026-05-15 10:28:28
13,11000399,战马/330ML/24/罐装/含气/夏日浆果味/扫码红包2026,启用,0.00001,CAR,,,0.00,否,否,否,否,战马罐装2026促销,,否,否,,,,,否,,,,1.000,罐装战马,战马罐装促销,8,,,,,2025-01-01,9999-12-31,2026-05-15 10:28:27
14,11000398,战马/330ML/24/罐装/含气/菠萝西柚味/扫码红包2026,启用,0.00001,CAR,,,0.00,否,否,否,否,战马罐装2026促销,,否,否,,,,,否,,,,1.000,罐装战马,战马罐装促销,8,,,,,2025-01-01,9999-12-31,2026-05-15 10:28:27
15,11000396,战马/330ML/24/罐装/含气/蓝莓黑加仑味/扫码红包2026,启用,0.00001,CAR,,,0.00,否,否,否,否,战马罐装2026促销,,否,否,,,,,否,,,,1.000,罐装战马,战马罐装促销,8,,,,,2025-01-01,9999-12-31,2026-05-15 10:28:26
16,11000391,战马/330ML/24/罐装/含气/青苹果葡萄味/扫码红包2026,启用,0.00001,CAR,,,0.00,否,否,否,否,战马罐装2026促销,,否,否,,,,,否,,,,1.000,罐装战马,战马罐装促销,8,,,,,2025-01-01,9999-12-31,2026-05-15 10:28:26
17,81000285,国产/芙丝水330ML/24瓶装/京东专供,启用,0.00001,CAR,,,0.00,否,否,否,否,,,否,否,,,,,否,,,,1.000,国产芙丝,国产芙丝330MLPET,5,,,,,2025-01-01,9999-12-31,2026-05-15 10:28:25
18,81000197,国产/芙丝水375ML/20瓶/玻璃瓶/芙丝苏打水饮料（含气型）,启用,0.00001,CAR,,,0.00,否,否,否,否,,,否,否,,,,,否,,,,1.000,国产芙丝,国产芙丝375ML玻璃瓶,5,,,,,2025-01-01,9999-12-31,2026-05-15 10:28:24
19,11000384,战马/310ML/24/罐装/2026/新包装线下1元乐享,启用,0.00001,CAR,,,0.00,否,否,否,否,战马罐装2026促销,,否,否,,,,,否,,,,1.000,罐装战马,战马罐装促销,4,,,,,2025-01-01,9999-12-31,2026-05-15 10:28:23
20,11000376,战马/400ML/15/不含气/2026/1元乐享,启用,0.00001,CAR,,,0.00,否,否,否,否,瓶装战马,,否,否,,,,,否,,,,1.000,瓶装战马,瓶装战马不含气,3,,,,,2025-01-01,9999-12-31,2026-05-15 10:28:22
21,10001198,红牛维生素功能饮料/普通型/250ML/24/扫码1元乐享-闽苏沪/2026,启用,,CAR,,,0.00,否,否,否,否,红牛促销型,,否,否,,,,,否,,,,1.000,红牛,红牛促销型,,,,,,2025-01-01,9999-12-31,2026-05-15 10:28:22
22,10001204,红牛维生素功能饮料/普通型/250ML/24/扫码1元乐享-云贵/2026,启用,,CAR,,,0.00,否,否,否,否,红牛促销型,,否,否,,,,,否,,,,1.000,红牛,红牛促销型,,,,,,2025-01-01,9999-12-31,2026-05-15 10:28:21
23,10001203,红牛维生素功能饮料/普通型/250ML/24/扫码1元乐享-广西/2026,启用,,CAR,,,0.00,否,否,否,否,红牛促销型,,否,否,,,,,否,,,,1.000,红牛,红牛促销型,,,,,,2025-01-01,9999-12-31,2026-05-15 10:28:20
24,10001201,红牛维生素功能饮料/普通型/250ML/24/普通箱内码-新疆专供/2026,启用,,CAR,,,0.00,否,否,否,否,箱内码促销,,否,否,,,,,否,,,,1.000,红牛,红牛促销型,,,,,,2025-01-01,9999-12-31,2026-05-15 10:28:19
25,10001200,红牛维生素功能饮料/普通型/250ML/24/1元乐享-新疆青海/2026,启用,,CAR,,,0.00,否,否,否,否,红牛促销型,,否,否,,,,,否,,,,1.000,红牛,红牛促销型,,,,,,2025-01-01,9999-12-31,2026-05-15 10:28:15
26,11000379,战马/310ML/24/罐装/UTMBx联名装,启用,0.00001,CAR,,,0.00,否,否,否,否,&amp;quot;战马罐装 普通&amp;quot;,,否,否,,,,,否,,,,1.000,罐装战马,&amp;quot;战马罐装 普通&amp;quot;,4,,,,,2025-01-01,9999-12-31,2026-05-15 10:28:14
27,81000270,国产/芙丝水330ML/24瓶/牛皮纸环保装,启用,0.00001,CAR,,,0.00,否,否,否,否,,,否,否,,,,,否,,,,1.000,国产芙丝,,5,,,,,2025-01-01,9999-12-31,2026-05-15 10:28:12
28,11000356,战马/330ML/24/罐装/含气/菠萝西柚味/广东促销,启用,0.00001,CAR,,,0.00,否,否,否,否,,,否,否,,,,,否,,,,1.000,罐装战马,,8,,,,,2025-01-01,9999-12-31,2026-05-15 10:28:11
29,11000372,战马/310ML/24/罐装/2026/线下1元乐享,启用,,CAR,,,0.00,否,否,否,否,战马罐装2026促销,,否,否,,,,,否,,,,1.000,罐装战马,战马罐装促销,,,,,,2025-01-01,9999-12-31,2026-05-15 10:28:10
30,11000371,战马/310ML/24/罐装/2026/线上1元乐享-新包装,启用,,CAR,,,0.00,否,否,否,否,战马罐装2026促销,,否,否,,,,,否,,,,1.000,罐装战马,战马罐装促销,4,,,,,2025-01-01,9999-12-31,2026-05-15 10:28:09
31,11000370,战马/310ML/24/罐装/2026/扫码红包-新包装,启用,0.00001,CAR,,,0.00,否,否,否,否,战马罐装2026促销,,否,否,,,,,否,,,,1.000,罐装战马,战马罐装促销,4,,,,,2025-01-01,9999-12-31,2026-05-15 10:28:08
32,81000290,国产/神农明珠天然泉水/350ML/24瓶/无外箱/红动中原牛气冲天联标,启用,,CAR,,,0.00,否,否,否,否,神农明珠,,否,否,,,,,否,,,,1.000,神农明珠,神农明珠,,,,,,2025-01-01,9999-12-31,2026-05-15 10:28:08
33,81000258,国产/神农明珠天然泉水/350ML/24瓶/无外箱/北站苗乡,启用,,CAR,,,0.00,否,否,否,否,神农明珠,,否,否,,,,,否,,,,1.000,神农明珠,神农明珠,,,,,,2025-01-01,9999-12-31,2026-05-15 10:28:06
34,81000225,国产/神农明珠天然泉水/350ML/24瓶/无外箱,启用,,CAR,,,0.00,否,否,否,否,神农明珠,,否,否,,,,,否,,,,1.000,神农明珠,神农明珠,,,,,,2025-01-01,9999-12-31,2026-05-15 10:28:05
35,81000237,国产/神农明珠天然泉水/5L/4桶装,启用,,CAR,,,0.00,否,否,否,否,神农明珠,,否,否,,,,,否,,,,1.000,神农明珠,神农明珠,,,,,,2025-01-01,9999-12-31,2026-05-15 10:28:05
36,81000227,国产/神农明珠天然泉水/5L/4桶装/无外箱,启用,,CAR,,,0.00,否,否,否,否,神农明珠,,否,否,,,,,否,,,,1.000,神农明珠,神农明珠,,,,,,2025-01-01,9999-12-31,2026-05-15 10:28:04
37,81000316,国产/神农明珠天然泉水/500ML/24瓶/无外箱/大角鹿联标,启用,,CAR,,,0.00,否,否,否,否,神农明珠,,否,否,,,,,否,,,,1.000,神农明珠,神农明珠,,,,,,2025-01-01,9999-12-31,2026-05-15 10:28:02
38,81000313,国产/神农明珠天然泉水/500ML/24瓶/无外箱/交通银行联标,启用,,CAR,,,0.00,否,否,否,否,神农明珠,,否,否,,,,,否,,,,1.000,神农明珠,神农明珠,,,,,,2025-01-01,9999-12-31,2026-05-15 10:28:01
39,81000314,国产/神农明珠天然泉水/500ML/24瓶/无外箱/初雄联标,启用,,CAR,,,0.00,否,否,否,否,神农明珠,,否,否,,,,,否,,,,1.000,神农明珠,神农明珠,,,,,,2025-01-01,9999-12-31,2026-05-15 10:28:00
40,81000298,国产/神农明珠天然泉水/500ML/24瓶/无外箱/华彬航空联标,启用,,CAR,,,0.00,否,否,否,否,神农明珠,,否,否,,,,,否,,,,1.000,神农明珠,神农明珠,,,,,,2025-01-01,9999-12-31,2026-05-15 10:27:59
41,81000291,国产/神农明珠天然泉水/500ML/24瓶/无外箱/德高防水联标,启用,,CAR,,,0.00,否,否,否,否,神农明珠,,否,否,,,,,否,,,,1.000,神农明珠,神农明珠,,,,,,2025-01-01,9999-12-31,2026-05-15 10:27:58
42,81000289,国产/神农明珠天然泉水/500ML/24瓶/无外箱/名仕台球联标,启用,,CAR,,,0.00,否,否,否,否,神农明珠,,否,否,,,,,否,,,,1.000,神农明珠,神农明珠,,,,,,2025-01-01,9999-12-31,2026-05-15 10:27:58
43,81000283,国产/神农明珠天然泉水/500ML/24瓶/无外箱/黄石联标,启用,,CAR,,,0.00,否,否,否,否,神农明珠,,否,否,,,,,否,,,,1.000,神农明珠,神农明珠,,,,,,2025-01-01,9999-12-31,2026-05-15 10:27:57
44,81000240,国产/神农明珠天然泉水/500ml/24瓶/无外箱,启用,,CAR,,,0.00,否,否,否,否,神农明珠,,否,否,,,,,否,,,,1.000,神农明珠,神农明珠,7,,,,,2025-01-01,9999-12-31,2026-05-15 10:27:57
45,81000310,国产/神农明珠天然泉水/500ML/24瓶/交通银行联标,启用,,CAR,,,0.00,否,否,否,否,神农明珠,,否,否,,,,,否,,,,1.000,神农明珠,神农明珠,,,,,,2025-01-01,9999-12-31,2026-05-15 10:27:56
46,81000304,国产/神农明珠天然泉水/500ML/24瓶/德高防水联标,启用,,CAR,,,0.00,否,否,否,否,神农明珠,,否,否,,,,,否,,,,1.000,神农明珠,神农明珠,,,,,,2025-01-01,9999-12-31,2026-05-15 10:27:55
47,81000294,国产/神农明珠天然泉水/500ML/24瓶/华彬航空联标,启用,,CAR,,,0.00,否,否,否,否,神农明珠,,否,否,,,,,否,,,,1.000,神农明珠,神农明珠,,,,,,2025-01-01,9999-12-31,2026-05-15 10:27:46
48,81000224,国产/神农明珠天然泉水/500ML/24瓶,启用,,CAR,,,0.00,否,否,否,否,神农明珠,,否,否,,,,,否,,,,1.000,神农明珠,神农明珠,7,,,,,2025-01-01,9999-12-31,2026-05-15 10:27:45
49,10001193,红牛维生素功能饮料/普通型/250ML/24/新疆专供/2026,启用,0.00740,CAR,112.80,2.15,0.00,否,否,否,否,新疆专供,,否,否,,,,,否,,,,1.000,红牛,红牛普通型,1,,,,,2025-01-01,9999-12-31,2026-05-15 10:27:45
50,10001191,红牛维生素功能饮料/普通型/250ML/六罐装/31周年,启用,0.00185,CAR,28.20,1.66,0.00,否,否,否,否,六联包,,否,否,,,,,否,,,,0.250,红牛,红牛六联包,1,,,,,2025-01-01,9999-12-31,2026-05-15 10:27:44
51,10001187,红牛维生素功能饮料/普通型/250ML/24/广东1元乐享促销/2026,启用,0.00740,CAR,112.80,2.15,0.00,否,否,否,否,广东专属促销,,否,否,,,,,否,,,,1.000,红牛,红牛促销型,1,,,,,2025-01-01,9999-12-31,2026-05-15 10:27:44
52,10001186,红牛维生素功能饮料/普通型/250ML/24/广东红包促销/2026,启用,0.00740,CAR,112.80,2.15,0.00,否,否,否,否,广东专属促销,,否,否,,,,,否,,,,1.000,红牛,红牛促销型,1,,,,,2025-01-01,9999-12-31,2026-05-15 10:27:43
53,10001185,红牛维生素功能饮料/普通型/250ML/24/31周年/两元纸箱/台州专供一期,启用,0.00740,CAR,112.80,2.15,0.00,否,否,否,否,红牛促销型,,否,否,,,,,否,,,,1.000,红牛,红牛促销型,1,,,,,2025-01-01,9999-12-31,2026-05-15 10:27:43
54,10001184,红牛维生素功能饮料/牛磺酸强化型/250ml/24/31周年纪念装,启用,0.00740,CAR,120.00,2.15,0.00,否,否,否,否,强化型,,否,否,,,,,否,,,,1.000,红牛,红牛强化型,2,,,,,2025-01-01,9999-12-31,2026-05-15 10:27:42
55,81000253,国产/芙丝水330ML/24瓶装/YOMA,启用,0.00001,CAR,,,0.00,否,否,否,否,,,否,否,,,,,否,,,,1.000,国产芙丝,国产芙丝,5,,,,,2025-01-01,9999-12-31,2026-05-15 10:27:42
56,81000221,国产/芙丝水500ML/24瓶装/纯享装,启用,0.00001,CAR,,,0.00,否,否,否,否,,,否,否,,,,,否,,,,1.000,国产芙丝,国产芙丝,5,,,,,2025-01-01,9999-12-31,2026-05-15 10:27:41
57,11000359,战马/330ML/24/罐装/含气/夏日柠檬味/广东促销,启用,,CAR,,,0.00,否,否,否,否,战马罐装2025促销,,否,否,,,,,否,,,,1.000,罐装战马,战马罐装促销,4,,,,,2025-01-01,9999-12-31,2026-05-15 10:27:41
58,11000358,战马/330ML/24/罐装/含气/春日白桃味/广东促销,启用,,CAR,,,0.00,否,否,否,否,战马罐装2025促销,,否,否,,,,,否,,,,1.000,罐装战马,战马罐装促销,4,,,,,2025-01-01,9999-12-31,2026-05-15 10:27:40
59,11000357,战马/330ML/24/罐装/含气/夏日浆果味/广东促销,启用,,CAR,,,0.00,否,否,否,否,战马罐装2025促销,,否,否,,,,,否,,,,1.000,罐装战马,战马罐装促销,,,,,,2025-01-01,9999-12-31,2026-05-15 10:27:40
60,11000353,战马/330ML/24/罐装/含气/夏日柠檬味/常规装,启用,,CAR,,,0.00,否,否,否,否,"战马罐装
普通",,否,否,,,,,否,,,,1.000,罐装战马,"战马罐装
普通",4,,,,,2025-01-01,9999-12-31,2026-05-15 10:27:39
61,11000352,战马/330ML/24/罐装/含气/春日白桃味/常规装,启用,,CAR,,,0.00,否,否,否,否,"战马罐装
普通",,否,否,,,,,否,,,,1.000,罐装战马,"战马罐装
普通",4,,,,,2025-01-01,9999-12-31,2026-05-15 10:27:39
62,11000351,战马/330ML/24/罐装/含气/夏日浆果味/常规装,启用,,CAR,,,0.00,否,否,否,否,"战马罐装
普通",,否,否,,,,,否,,,,1.000,罐装战马,"战马罐装
普通",4,,,,,2025-01-01,9999-12-31,2026-05-15 10:27:38
63,11000350,战马/330ML/24/罐装/含气/菠萝西柚味/常规装,启用,,CAR,,,0.00,否,否,否,否,"战马罐装
普通",,否,否,,,,,否,,,,1.000,罐装战马,"战马罐装
普通",4,,,,,2025-01-01,9999-12-31,2026-05-15 10:27:38
64,11000349,战马/330ML/24/罐装/含气/蓝莓黑加仑味/常规装,启用,,CAR,,,0.00,否,否,否,否,"战马罐装
普通",,否,否,,,,,否,,,,1.000,罐装战马,"战马罐装
普通",4,,,,,2025-01-01,9999-12-31,2026-05-15 10:27:37
65,11000348,战马/330ML/24/罐装/含气/青苹果葡萄味/常规装,启用,,CAR,,,0.00,否,否,否,否,"战马罐装
普通",,否,否,,,,,否,,,,1.000,罐装战马,"战马罐装
普通",4,,,,,2025-01-01,9999-12-31,2026-05-15 10:27:37
66,11000298,战马/180ML/24/罐装/夏黑葡萄味,启用,,CAR,,,0.00,否,否,否,否,罐装战马180ML,,否,否,,,,,否,,,,1.000,战马,罐装战马180ML,,,,,,2025-01-01,9999-12-31,2026-05-15 10:27:36
67,11000334,战马/310ML/24/罐装/2025/广东扫码红包-新包装,启用,,CAR,,,0.00,否,否,否,否,战马罐装2025促销,,否,否,,,,,否,,,,1.000,罐装战马,战马罐装促销,4,,,,,2025-01-01,9999-12-31,2026-05-15 10:27:36
68,11000322,战马/310ML/24/罐装/2025/广东扫码1元乐享-新包装,启用,,CAR,,,0.00,否,否,否,否,战马罐装2025促销,,否,否,,,,,否,,,,1.000,罐装战马,战马罐装促销,4,,,,,2025-01-01,9999-12-31,2026-05-15 10:27:35
69,11000321,战马/310ML/24/罐装/新包装,启用,,CAR,,,0.00,否,否,否,否,"战马罐装
普通",,否,否,,,,,否,,,,1.000,战马,罐装战马,4,,,,,2025-01-01,9999-12-31,2026-05-15 10:27:35
70,10001165,红牛维生素功能饮料/普通型/250ML/24/30周年普通箱内码二期/2025,启用,,CAR,,,0.00,否,否,否,否,箱内码促销,,否,否,,,,,否,,,,1.000,红牛,红牛促销型,1,,,,,2025-01-01,9999-12-31,2026-05-15 10:27:34
71,10001164,红牛维生素功能饮料/普通型/250ML/24/30周年广东二期箱内码,启用,,CAR,,,0.00,否,否,否,否,广东专属促销,,否,否,,,,,否,,,,1.000,红牛,红牛促销型,1,,,,,2025-01-01,9999-12-31,2026-05-15 10:27:34
72,10001163,红牛维生素功能饮料/普通型/250ML/24/广东促销2025（含二期箱码）,启用,,CAR,,,0.00,否,否,否,否,广东专属促销,,否,否,,,,,否,,,,1.000,红牛,红牛促销型,1,,,,,2025-01-01,9999-12-31,2026-05-15 10:27:33
73,11000312,战马/310ML/24/罐装/2025/线上1元乐享（含箱码）-新包装,启用,0.00001,CAR,,,0.00,否,否,否,否,战马罐装2025促销,,否,否,,,,,否,,,,1.000,罐装战马,战马罐装促销,4,,,,,2025-01-01,9999-12-31,2026-05-15 10:27:33
74,11000283,战马/400ML/15/不含气/2025/1元乐享（线上核销）/二段,启用,,CAR,,,0.00,否,否,否,否,瓶装战马,,否,否,,,,,否,,,,1.000,瓶装战马,瓶装战马不含气,,,,,,2025-01-01,9999-12-31,2026-05-15 10:27:32
75,11000282,战马/400ML/15/不含气/2025/1元乐享/二段,启用,,CAR,,,0.00,否,否,否,否,瓶装战马,,否,否,,,,,否,,,,1.000,瓶装战马,瓶装战马不含气,3,,,,,2025-01-01,9999-12-31,2026-05-15 10:27:32
76,11000281,战马/400ML/15/不含气/2025/1元乐享（线上核销版）,启用,,CAR,,,0.00,否,否,否,否,瓶装战马,,否,否,,,,,否,,,,1.000,瓶装战马,瓶装战马不含气,,,,,,2025-01-01,9999-12-31,2026-05-15 10:27:32
77,11000280,战马/400ML/15/不含气/2025/1元乐享,启用,,CAR,,,0.00,否,否,否,否,瓶装战马,,否,否,,,,,否,,,,1.000,瓶装战马,瓶装战马不含气,3,,,,,2025-01-01,9999-12-31,2026-05-15 10:27:31
78,11000304,战马/310ML/24/罐装/2025/线上1元乐享/二段（无箱码）,启用,,CAR,,,0.00,否,否,否,否,战马罐装2025促销,,否,否,,,,,否,,,,1.000,罐装战马,战马罐装促销,4,,,,,2025-01-01,9999-12-31,2026-05-15 10:27:31
79,11000303,战马/310ML/24/罐装/2025/线上1元乐享/二段（含箱码）,启用,,CAR,,,0.00,否,否,否,否,战马罐装2025促销,,否,否,,,,,否,,,,1.000,罐装战马,战马罐装促销,4,,,,,2025-01-01,9999-12-31,2026-05-15 10:27:30
80,11000302,战马/310ML/24/罐装/2025/1元乐享/二段-新疆（含箱码）,启用,,CAR,,,0.00,否,否,否,否,战马罐装2025促销,,否,否,,,,,否,,,,1.000,罐装战马,战马罐装促销,,,,,,2025-01-01,9999-12-31,2026-05-15 10:27:30
81,11000301,战马/310ML/24/罐装/2025/1元乐享/二段（无箱码）,启用,,CAR,,,0.00,否,否,否,否,战马罐装2025促销,,否,否,,,,,否,,,,1.000,罐装战马,战马罐装促销,4,,,,,2025-01-01,9999-12-31,2026-05-15 10:27:29
82,11000300,战马/310ML/24/罐装/2025/1元乐享/二段（含箱码）,启用,,CAR,,,0.00,否,否,否,否,战马罐装2025促销,,否,否,,,,,否,,,,1.000,罐装战马,战马罐装促销,4,,,,,2025-01-01,9999-12-31,2026-05-15 10:27:29
83,11000273,战马/310ML/24/罐装/2025/线上1元乐享（无箱码）,启用,,CAR,,,0.00,否,否,否,否,战马罐装2025促销,,否,否,,,,,否,,,,1.000,罐装战马,战马罐装促销,4,,,,,2025-01-01,9999-12-31,2026-05-15 10:27:28
84,11000272,战马/310ML/24/罐装/2025/线上1元乐享（含箱码）,启用,,CAR,,,0.00,否,否,否,否,战马罐装2025促销,,否,否,,,,,否,,,,1.000,罐装战马,战马罐装促销,4,,,,,2025-01-01,9999-12-31,2026-05-15 10:27:28
85,11000270,战马/310ML/24/罐装/2025/1元乐享-新疆（含箱码）,启用,,CAR,,,0.00,否,否,否,否,战马罐装2025促销,,否,否,,,,,否,,,,1.000,罐装战马,战马罐装促销,,,,,,2025-01-01,9999-12-31,2026-05-15 10:27:27
86,11000268,战马/310ML/24/罐装/2025/1元乐享（无箱码）,启用,,CAR,,,0.00,否,否,否,否,战马罐装2025促销,,否,否,,,,,否,,,,1.000,罐装战马,战马罐装促销,4,,,,,2025-01-01,9999-12-31,2026-05-15 10:27:27
87,11000267,战马/310ML/24/罐装/2025/1元乐享（含箱码）,启用,,CAR,,,0.00,否,否,否,否,战马罐装2025促销,,否,否,,,,,否,,,,1.000,罐装战马,战马罐装促销,4,,,,,2025-01-01,9999-12-31,2026-05-15 10:27:26
88,10001155,红牛维生素功能饮料/普通型/250ML/24/30周年/两元纸箱/台州专供二期,启用,,CAR,,,0.00,否,否,否,否,红牛促销型,,否,否,,,,,否,,,,1.000,红牛,红牛促销型,1,,,,,2025-01-01,9999-12-31,2026-05-15 10:27:26
89,10001153,红牛维生素功能饮料/普通型/250ML/24/1元乐享-江西/2025,启用,,CAR,,,0.00,否,否,否,否,江西1元促销,,否,否,,,,,否,,,,1.000,红牛,红牛促销型,1,,,,,2025-01-01,9999-12-31,2026-05-15 10:27:25
90,10001146,红牛维生素功能饮料/普通型/250ML/24/1元乐享-云南贵州/2025,启用,0.00740,CAR,,,0.00,否,否,否,否,西南促销,,否,否,,,,,否,,,,0.007,红牛,红牛促销型,1,,,,,2025-01-01,9999-12-31,2026-05-15 10:27:25
91,10001126,红牛维生素功能饮料/普通型/250ML/24/新疆专供/2025,启用,,CAR,,,0.00,否,否,否,否,新疆专供,,否,否,,,,,否,,,,1.000,红牛,红牛普通型,1,,,,,2025-01-01,9999-12-31,2026-05-15 10:27:24
92,10001125,红牛维生素功能饮料/普通型/250ML/24/新疆箱内码专供/2025,启用,,CAR,,,0.00,否,否,否,否,西北促销,,否,否,,,,,否,,,,1.000,红牛,红牛促销型,1,,,,,2025-01-01,9999-12-31,2026-05-15 10:27:23
93,10001124,红牛维生素功能饮料/普通型/250ML/24/1元乐享-新疆青海/2025,启用,,CAR,,,0.00,否,否,否,否,西北1元促销,,否,否,,,,,否,,,,1.000,红牛,红牛促销型,1,,,,,2025-01-01,9999-12-31,2026-05-15 10:27:23
94,10001104,红牛维生素功能饮料/普通型/250ML/24/扫码1元乐享/2025,启用,,CAR,,,0.00,否,否,否,否,扫码促销,,否,否,,,,,否,,,,1.000,红牛,红牛促销型,1,,,,,2025-01-01,9999-12-31,2026-05-15 10:27:22
95,10001119,红牛维生素功能饮料/普通型/250ML/24/30周年/两元纸箱/台州专供一期,启用,,CAR,,,0.00,否,否,否,否,红牛促销型,,否,否,,,,,否,,,,1.000,红牛,红牛促销型,1,,,,,2025-01-01,9999-12-31,2026-05-15 10:27:22
96,10001118,红牛维生素功能饮料/普通型/250ML/24/30周年/24年广东箱内码三期,启用,,CAR,,,0.00,否,否,否,否,广东专属促销,,否,否,,,,,否,,,,1.000,红牛,红牛促销型,1,,,,,2025-01-01,9999-12-31,2026-05-15 10:25:10
97,10001117,红牛维生素功能饮料/牛磺酸强化型/250ml/24/30周年纪念装,停用,,CAR,,,0.00,否,否,否,否,强化型,,否,否,,,,,否,,,,1.000,红牛,红牛强化型,2,,,,,2025-01-01,9999-12-31,2026-05-15 10:25:10
98,10001116,红牛维生素功能饮料/普通型/250ML/六罐装/30周年,启用,,CAR,,,0.00,否,否,否,否,六联包,,否,否,,,,,否,,,,0.250,红牛,红牛六联包,1,,,,,2025-01-01,9999-12-31,2026-05-15 10:25:09
99,10001114,红牛维生素功能饮料/普通型/250ML/24/30周年纪念装,启用,,CAR,,,0.00,否,否,否,否,红牛普通型,,否,否,,,,,否,,,,1.000,红牛,红牛普通型,1,,,,,2025-01-01,9999-12-31,2026-05-15 10:25:09
100,10001105,红牛维生素功能饮料/普通型/250ML/24/30周年普通箱内码/2025,启用,0.00740,CAR,,,0.00,否,否,否,否,箱内码促销,,否,否,,,,,否,,,,1.000,红牛,红牛促销型,1,,,,,2025-01-01,9999-12-31,2026-05-15 10:25:08
101,10001132,红牛维生素功能饮料/普通型/250ML/24/扫码1元乐享-广西/2025,启用,0.00740,CAR,,,0.00,否,否,否,否,广西1元促销,,否,否,,,,,否,,,,1.000,红牛,红牛促销型,1,,,,,2025-01-01,9999-12-31,2026-05-15 10:25:08
102,10001134,红牛维生素功能饮料/普通型/250ML/24/广东促销/2025,启用,0.00740,CAR,,,0.00,否,否,否,否,广东专属促销,,否,否,,,,,否,,,,1.000,红牛,红牛促销型,1,,,,,2025-01-01,9999-12-31,2026-05-15 10:25:07
103,10001129,红牛维生素功能饮料/普通型/250ML/24/广东扫码中红包/2025,启用,0.00740,CAR,,,0.00,否,否,否,否,广东专属促销,,否,否,,,,,否,,,,1.000,红牛,红牛促销型,1,,,,,2025-01-01,9999-12-31,2026-05-15 10:25:07
104,10001081,红牛维生素功能饮料/普通型/250ML/24/29周年普通箱内码二期/2024,启用,0.00740,CAR,112.80,2.15,0.00,否,否,否,否,红牛普通型,,否,否,,,,,否,,,,1.000,红牛,红牛普通型,1,,,,,2025-01-01,9999-12-31,2026-05-15 10:25:06
105,10001060,红牛维生素功能饮料/普通型/250ML/24/1元换购-新疆青海/2024,启用,0.00740,CAR,,,0.00,否,否,否,否,西北1元促销,,否,否,,,,,否,,,,1.000,红牛,红牛促销型,1,,,,,2025-01-01,9999-12-31,2026-05-15 10:25:05
106,10001054,红牛维生素功能饮料/普通型/250ML/24/扫码促销-台州2元回收/2024,启用,0.00740,CAR,,,0.00,否,否,否,否,扫码促销,,否,否,,,,,否,,,,1.000,红牛,红牛促销型,1,,,,,2025-01-01,9999-12-31,2026-05-15 10:25:05
107,10000000,红牛维生素功能饮料/普通型/250ml/24,启用,0.00740,CAR,,,0.00,否,否,否,否,红牛普通型,,否,否,,,,,否,,,,1.000,红牛,红牛普通型,1,,,,,2025-01-01,9999-12-31,2026-05-15 10:25:04
108,10000134,红牛维生素功能饮料/普通型/250ml/24,启用,0.00740,CAR,,,0.00,否,否,否,否,红牛普通型,,否,否,,,,,否,,,,1.000,红牛,红牛普通型,1,,,,,2025-01-01,9999-12-31,2026-05-15 10:25:03
109,10001059,红牛维生素功能饮料/普通型/250ML/24/扫码促销-含箱内码/2024,启用,0.00740,CAR,,,0.00,否,否,否,否,箱内码促销,,否,否,,,,,否,,,,1.000,红牛,红牛促销型,1,,,,,2025-01-01,9999-12-31,2026-05-15 10:25:02
110,10001058,红牛维生素功能饮料/普通型/250ML/扫码促销/六罐装/2024,启用,0.00185,CAR,,,0.00,否,否,否,否,六联包,,否,否,,,,,否,,,,0.250,红牛,红牛六联包,1,,,,,2025-01-01,9999-12-31,2026-05-15 10:25:02
111,10001057,红牛维生素功能饮料/普通型/250ML/24/扫码促销/2024,启用,0.00740,CAR,,,0.00,否,否,否,否,扫码促销,,否,否,,,,,否,,,,1.000,红牛,红牛促销型,1,,,,,2025-01-01,9999-12-31,2026-05-15 10:25:00
112,11000234,战马/400ML/15/不含气/2024/1元乐享LPL版,启用,0.00730,CAR,,,0.00,否,否,否,否,瓶装战马,,否,否,,,,,否,,,,1.000,瓶装战马,瓶装战马不含气,,,,,,2025-01-01,9999-12-31,2026-05-15 10:25:00
113,10001056,红牛维生素功能饮料/普通型/250ML/24/29周年普通箱内码/2024,启用,0.00740,CAR,,,0.00,否,否,否,否,箱内码促销,,否,否,,,,,否,,,,1.000,红牛,红牛促销型,1,,,,,2025-01-01,9999-12-31,2026-05-15 10:24:59
114,11000231,战马/310ML/24/罐装/2024无箱内码/1元乐享-篮球,启用,0.00840,CAR,,,0.00,否,否,否,否,战马罐装2024促销,,否,否,,,,,否,,,,1.000,罐装战马,罐装战马,,,,,,2025-01-01,9999-12-31,2026-05-15 10:24:59
115,11000230,战马/310ML/24/罐装/2024箱内码/1元乐享-篮球,启用,0.00840,CAR,,,0.00,否,否,否,否,战马罐装2024促销,,否,否,,,,,否,,,,1.000,罐装战马,罐装战马,,,,,,2025-01-01,9999-12-31,2026-05-15 10:24:58
116,10001053,红牛维生素功能饮料/普通型/250ML/24/广东促销/2024,启用,0.00740,CAR,,,0.00,否,否,否,否,广东专属促销,,否,否,,,,,否,,,,1.000,红牛,红牛促销型,1,,,,,2025-01-01,9999-12-31,2026-05-15 10:24:58
117,好智粒1*15,好智粒1*15,启用,0.00485,CAR,,,0.00,否,否,否,否,,,否,否,,,,,否,,,,0.000,,,,,,,,2025-01-01,9999-12-31,2026-05-15 10:24:54
118,好智粒1*24,好智粒1*24,启用,0.00650,CAR,,,0.00,否,否,否,否,,,否,否,,,,,否,,,,0.000,,,,,,,,2025-01-01,9999-12-31,2026-05-15 10:24:53
119,好智粒1*12,好智粒1*12,启用,0.00380,CAR,,,0.00,否,否,否,否,,,否,否,,,,,否,,,,0.000,,,,,,,,2025-01-01,9999-12-31,2026-05-15 10:24:53
120,80000131,进口芙丝天然泉水/24/500ml/Still-蓝瓶,启用,0.01350,CAR,,,0.00,否,否,否,否,,,否,否,,,,,否,,,,1.000,进口芙丝,进口芙丝Still,,,,,,2025-01-01,9999-12-31,2026-05-15 10:24:52
121,80000114,进口芙丝天然泉水/12/850ml/Still,启用,0.01140,CAR,,,0.00,否,否,否,否,,,否,否,,,,,否,,,,1.000,进口芙丝,进口芙丝Still,,,,,,2025-01-01,9999-12-31,2026-05-15 10:24:51
122,80000106,进口芙丝苏打水/12/375ml/Sparkling-黄瓜柠檬味,启用,0.00843,CAR,,,0.00,否,否,否,否,,,否,否,,,,,否,,,,1.000,进口芙丝,进口芙丝Sparkling,,,,,,2025-01-01,9999-12-31,2026-05-15 10:24:51
123,80000103,进口气泡果味水/8罐/355ml/柠檬黄瓜味,启用,0.00310,CAR,,,0.00,否,否,否,否,,,否,否,,,,,否,,,,1.000,进口芙丝,进口芙丝气泡果味水,,,,,,2025-01-01,9999-12-31,2026-05-15 10:24:50
124,80000102,进口气泡果味水/8罐/355ml/草莓生姜味,启用,0.00310,CAR,,,0.00,否,否,否,否,,,否,否,,,,,否,,,,1.000,进口芙丝,进口芙丝气泡果味水,,,,,,2025-01-01,9999-12-31,2026-05-15 10:24:50
125,80000071,进口芙丝苏打水/12/375ml/Sparkling-青柠薄荷味,启用,0.00835,CAR,,,0.00,否,否,否,否,,,否,否,,,,,否,,,,1.000,进口芙丝,进口芙丝Sparkling,,,,,,2025-01-01,9999-12-31,2026-05-15 10:24:48
126,80000070,进口芙丝苏打水/12/375ml/Sparkling-柑橘柠檬草味,启用,0.00843,CAR,,,0.00,否,否,否,否,,,否,否,,,,,否,,,,1.000,进口芙丝,进口芙丝Sparkling,,,,,,2025-01-01,9999-12-31,2026-05-15 10:24:48
127,80000015,进口芙丝天然泉水/24/500ml/Still,启用,0.01350,CAR,,,0.00,否,否,否,否,,,否,否,,,,,否,,,,1.000,进口芙丝,进口芙丝Still,6,,,,,2025-01-01,9999-12-31,2026-05-15 10:24:47
128,80000014,进口芙丝天然泉水/24/330ml/Still,启用,0.00940,CAR,,,0.00,否,否,否,否,,,否,否,,,,,否,,,,1.000,进口芙丝,进口芙丝Still,6,,,,,2025-01-01,9999-12-31,2026-05-15 10:24:46
129,80000013,进口芙丝天然泉水/12/800ml/Still,启用,0.01661,CAR,,,0.00,否,否,否,否,,,否,否,,,,,否,,,,1.000,进口芙丝,进口芙丝Still,6,,,,,2025-01-01,9999-12-31,2026-05-15 10:24:46
130,80000012,进口芙丝天然泉水/24/375ml/Still,启用,0.01663,CAR,,,0.00,否,否,否,否,,,否,否,,,,,否,,,,1.000,进口芙丝,进口芙丝Still,6,,,,,2025-01-01,9999-12-31,2026-05-15 10:24:46
131,80000011,进口芙丝苏打水/12/800ml/Sparkling,启用,0.01661,CAR,,,0.00,否,否,否,否,,,否,否,,,,,否,,,,1.000,进口芙丝,进口芙丝Sparkling,6,,,,,2025-01-01,9999-12-31,2026-05-15 10:24:45
132,80000010,进口芙丝苏打水/24/375ml/Sparkling,启用,0.01675,CAR,,,0.00,否,否,否,否,,,否,否,,,,,否,,,,1.000,进口芙丝,进口芙丝Sparkling,6,,,,,2025-01-01,9999-12-31,2026-05-15 10:24:44
133,81000177,国产/风味饮料/500ML/15瓶/夏黑葡萄味,启用,0.00865,CAR,,,0.00,否,否,否,否,,,否,否,,,,,否,,,,1.000,国产芙丝,国产芙丝500ML风味,,,,,,2025-01-01,9999-12-31,2026-05-15 10:24:43
134,81000175,国产/风味饮料/500ML/15瓶/黄柠檬青柠,启用,0.00865,CAR,,,0.00,否,否,否,否,,,否,否,,,,,否,,,,1.000,国产芙丝,国产芙丝500ML风味,,,,,,2025-01-01,9999-12-31,2026-05-15 10:24:43
135,81000172,国产/风味饮料/500ML/15瓶/樱花白桃味,启用,0.00865,CAR,,,0.00,否,否,否,否,,,否,否,,,,,否,,,,1.000,国产芙丝,国产芙丝500ML风味,,,,,,2025-01-01,9999-12-31,2026-05-15 10:24:42
136,81000204,国产/芙丝水500ML/24瓶装/静安璞隽联标,启用,0.01390,CAR,,,0.00,否,否,否,否,,,否,否,,,,,否,,,,1.000,国产芙丝,国产芙丝500MLPET,,,,,,2025-01-01,9999-12-31,2026-05-15 10:24:38
137,81000200,国产/芙丝水500ML/24瓶装/沙漠钻石联标,启用,0.01390,CAR,,,0.00,否,否,否,否,,,否,否,,,,,否,,,,1.000,国产芙丝,国产芙丝500MLPET,,,,,,2025-01-01,9999-12-31,2026-05-15 10:24:37
138,81000199,国产/芙丝水330ML/24瓶装/白膜/割箱-厦航专供,启用,0.00960,CAR,,,0.00,否,否,否,否,,,否,否,,,,,否,,,,1.000,国产芙丝,国产芙丝330MLPET,,,,,,2025-01-01,9999-12-31,2026-05-15 10:24:36
139,81000162,国产/芙丝水375ML/20瓶/玻璃瓶/黑珍珠联名,启用,0.01380,CAR,,,0.00,否,否,否,否,,,否,否,,,,,否,,,,1.000,国产芙丝,国产芙丝375ML玻璃瓶,5,,,,,2025-01-01,9999-12-31,2026-05-15 10:24:36
140,81000152,国产/芙丝水375ML/20瓶装/玻璃瓶,启用,0.01380,CAR,,,0.00,否,否,否,否,,,否,否,,,,,否,,,,1.000,国产芙丝,国产芙丝375ML玻璃瓶,5,,,,,2025-01-01,9999-12-31,2026-05-15 10:24:35
141,81000144,国产/芙丝水375ML/12瓶装/柑橘柠檬草,启用,,CAR,,,0.00,否,否,否,否,,,否,否,,,,,否,,,,1.000,国产芙丝,国产芙丝375MLPET,,,,,,2025-01-01,9999-12-31,2026-05-15 10:24:35
142,81000122,国产/芙丝水375ML/12瓶装/玻璃瓶,启用,,CAR,,,0.00,否,否,否,否,,,否,否,,,,,否,,,,1.000,国产芙丝,国产芙丝375ML玻璃瓶,,,,,,2025-01-01,9999-12-31,2026-05-15 10:24:29
143,81000121,国产/芙丝水375ML/24瓶装/玻璃瓶,启用,,CAR,,,0.00,否,否,否,否,,,否,否,,,,,否,,,,1.000,国产芙丝,国产芙丝375ML玻璃瓶,,,,,,2025-01-01,9999-12-31,2026-05-15 10:24:29
144,81000093,国产/芙丝蛋白肽气泡水249ml/12罐装/香茅味,启用,,CAR,,,0.00,否,否,否,否,,,否,否,,,,,否,,,,1.000,国产芙丝,国产芙丝蛋白肽,,,,,,2025-01-01,9999-12-31,2026-05-15 10:24:28
145,81000120,芙丝蛋白肽/249ML*6*2/香茅,启用,,CAR,,,0.00,否,否,否,否,,,否,否,,,,,否,,,,1.000,国产芙丝,国产芙丝蛋白肽,,,,,,2025-01-01,9999-12-31,2026-05-15 10:24:27
146,81000119,芙丝蛋白肽/249ML*6/香茅,启用,,CAR,,,0.00,否,否,否,否,,,否,否,,,,,否,,,,1.000,国产芙丝,国产芙丝蛋白肽,,,,,,2025-01-01,9999-12-31,2026-05-15 10:24:27
147,81000092,国产/芙丝蛋白肽气泡水249ml/12罐装/荔枝玫瑰味,启用,,CAR,,,0.00,否,否,否,否,,,否,否,,,,,否,,,,1.000,国产芙丝,国产芙丝蛋白肽,,,,,,2025-01-01,9999-12-31,2026-05-15 10:24:26
148,81000118,芙丝蛋白肽/249ML*6*2/荔枝玫瑰,启用,,CAR,,,0.00,否,否,否,否,,,否,否,,,,,否,,,,1.000,国产芙丝,国产芙丝蛋白肽,,,,,,2025-01-01,9999-12-31,2026-05-15 10:24:25
149,81000117,芙丝蛋白肽/249ML*6/荔枝玫瑰,启用,,CAR,,,0.00,否,否,否,否,,,否,否,,,,,否,,,,1.000,国产芙丝,国产芙丝蛋白肽,,,,,,2025-01-01,9999-12-31,2026-05-15 10:24:25
150,81000108,国产/芙丝气泡水330ML/12瓶装/青提葡萄/含投奖卡,启用,0.00430,CAR,,,0.00,否,否,否,否,,,否,否,,,,,否,,,,1.000,国产芙丝,国产芙丝330ML气泡水,,,,,,2025-01-01,9999-12-31,2026-05-15 10:24:25
151,81000107,国产/芙丝气泡水330ML/12瓶装/樱花白桃/含投奖卡,启用,0.00430,CAR,,,0.00,否,否,否,否,,,否,否,,,,,否,,,,1.000,国产芙丝,国产芙丝330ML气泡水,,,,,,2025-01-01,9999-12-31,2026-05-15 10:24:24
152,81000106,国产/芙丝气泡水330ML/12瓶装/青柠生姜/含投奖卡,启用,0.00430,CAR,,,0.00,否,否,否,否,,,否,否,,,,,否,,,,1.000,国产芙丝,国产芙丝330ML气泡水,,,,,,2025-01-01,9999-12-31,2026-05-15 10:24:24
153,81000193,国产/芙丝气泡水330ML/12瓶装/荔枝香橙,启用,0.00430,CAR,,,0.00,否,否,否,否,,,否,否,,,,,否,,,,1.000,国产芙丝,国产芙丝330ML气泡水,,,,,,2025-01-01,9999-12-31,2026-05-15 10:24:23
154,81000105,国产/芙丝气泡水330ML/12瓶装/柠檬黄瓜,启用,0.00430,CAR,,,0.00,否,否,否,否,,,否,否,,,,,否,,,,1.000,国产芙丝,国产芙丝330ML气泡水,,,,,,2025-01-01,9999-12-31,2026-05-15 10:24:22
155,81000104,国产/芙丝气泡水330ML/12瓶装/青提葡萄,启用,0.00430,CAR,,,0.00,否,否,否,否,,,否,否,,,,,否,,,,1.000,国产芙丝,国产芙丝330ML气泡水,,,,,,2025-01-01,9999-12-31,2026-05-15 10:24:21
156,81000103,国产/芙丝气泡水330ML/12瓶装/樱花白桃,启用,0.00430,CAR,,,0.00,否,否,否,否,,,否,否,,,,,否,,,,1.000,国产芙丝,国产芙丝330ML气泡水,,,,,,2025-01-01,9999-12-31,2026-05-15 10:24:21
157,81000102,国产/芙丝气泡水330ML/12瓶装/青柠生姜,启用,0.00430,CAR,,,0.00,否,否,否,否,,,否,否,,,,,否,,,,1.000,国产芙丝,国产芙丝330ML气泡水,5,,,,,2025-01-01,9999-12-31,2026-05-15 10:24:20
158,81000101,国产/芙丝气泡水330ML/24瓶装/柠檬黄瓜,启用,0.00860,CAR,,,0.00,否,否,否,否,,,否,否,,,,,否,,,,1.000,国产芙丝,国产芙丝330ML气泡水,,,,,,2025-01-01,9999-12-31,2026-05-15 10:24:20
159,81000100,国产/芙丝气泡水330ML/24瓶装/青提葡萄,启用,0.00860,CAR,,,0.00,否,否,否,否,,,否,否,,,,,否,,,,1.000,国产芙丝,国产芙丝330ML气泡水,,,,,,2025-01-01,9999-12-31,2026-05-15 10:24:19
160,81000099,国产/芙丝气泡水330ML/24瓶装/樱花白桃,启用,0.00860,CAR,,,0.00,否,否,否,否,,,否,否,,,,,否,,,,1.000,国产芙丝,国产芙丝330ML气泡水,,,,,,2025-01-01,9999-12-31,2026-05-15 10:24:18
161,81000096,国产/芙丝气泡水330ML/24瓶装/青柠生姜,启用,0.00860,CAR,,,0.00,否,否,否,否,,,否,否,,,,,否,,,,1.000,国产芙丝,国产芙丝330ML气泡水,,,,,,2025-01-01,9999-12-31,2026-05-15 10:24:18
162,81000164,国产/芙丝水330ML/24瓶装/滴滴联标/牛皮纸,启用,0.00928,CAR,,,0.00,否,否,否,否,,,否,否,,,,,否,,,,1.000,国产芙丝,国产芙丝330MLPET,,,,,,2025-01-01,9999-12-31,2026-05-15 10:24:17
163,81000161,国产/芙丝水330ML/30瓶装/电商纯享,启用,0.01175,CAR,,,0.00,否,否,否,否,,,否,否,,,,,否,,,,1.000,国产芙丝,国产芙丝330MLPET,,,,,,2025-01-01,9999-12-31,2026-05-15 10:24:17
164,81000160,国产/芙丝水500ML/20瓶装/电商纯享,启用,0.01145,CAR,,,0.00,否,否,否,否,,,否,否,,,,,否,,,,1.000,国产芙丝,国产芙丝500MLPET,,,,,,2025-01-01,9999-12-31,2026-05-15 10:24:16
165,81000130,国产/芙丝水330ML/24瓶装/万达瑞华联标,启用,0.00960,CAR,,,0.00,否,否,否,否,,,否,否,,,,,否,,,,1.000,国产芙丝,国产芙丝330MLPET,,,,,,2025-01-01,9999-12-31,2026-05-15 10:24:16
166,81000126,国产/芙丝水500ML/24瓶装/出口澳门,启用,0.01390,CAR,,,0.00,否,否,否,否,,,否,否,,,,,否,,,,1.000,国产芙丝,国产芙丝500MLPET,,,,,,2025-01-01,9999-12-31,2026-05-15 10:24:15
167,81000125,国产/芙丝水330ML/24瓶装/出口澳门,启用,0.00960,CAR,,,0.00,否,否,否,否,,,否,否,,,,,否,,,,1.000,国产芙丝,国产芙丝330MLPET,,,,,,2025-01-01,9999-12-31,2026-05-15 10:24:15
168,81000038,国产/芙丝水500ML/24瓶装/出口新加坡,启用,0.01390,CAR,,,0.00,否,否,否,否,,,否,否,,,,,否,,,,1.000,国产芙丝,国产芙丝500MLPET,,,,,,2025-01-01,9999-12-31,2026-05-15 10:24:14
169,81000039,国产/芙丝水330ML/24瓶装/出口新加坡,启用,0.00960,CAR,,,0.00,否,否,否,否,,,否,否,,,,,否,,,,1.000,国产芙丝,国产芙丝330MLPET,,,,,,2025-01-01,9999-12-31,2026-05-15 10:24:13
170,81000060,国产/芙丝水4L/4瓶装,启用,0.01770,CAR,,,0.00,否,否,否,否,,,否,否,,,,,否,,,,1.000,国产芙丝,国产芙丝4LPET,,,,,,2025-01-01,9999-12-31,2026-05-15 10:24:13
171,81000064,国产/芙丝水330ML/24瓶装/电商/品鉴,启用,0.00920,CAR,,,0.00,否,否,否,否,,,否,否,,,,,否,,,,1.000,国产芙丝,国产芙丝330MLPET,,,,,,2025-01-01,9999-12-31,2026-05-15 10:24:12
172,81000030,国产/芙丝水500ML/12瓶装/白膜,启用,0.00705,CAR,,,0.00,否,否,否,否,,,否,否,,,,,否,,,,1.000,国产芙丝,国产芙丝500MLPET,,,,,,2025-01-01,9999-12-31,2026-05-15 10:24:11
173,81000195,国产/芙丝水330ML/24瓶装/WHDH联标,启用,0.00960,CAR,,,0.00,否,否,否,否,,,否,否,,,,,否,,,,1.000,国产芙丝,国产芙丝330MLPET,,,,,,2025-01-01,9999-12-31,2026-05-15 10:24:10
174,81000194,国产/芙丝水330ML/24瓶装/LUX酒店联名,启用,0.00960,CAR,,,0.00,否,否,否,否,,,否,否,,,,,否,,,,1.000,国产芙丝,国产芙丝330MLPET,,,,,,2025-01-01,9999-12-31,2026-05-15 10:24:09
175,81000190,国产/芙丝水330ML/24瓶装/特供装,启用,0.00960,CAR,,,0.00,否,否,否,否,,,否,否,,,,,否,,,,1.000,国产芙丝,国产芙丝330MLPET,,,,,,2025-01-01,9999-12-31,2026-05-15 10:24:09
176,81000003,国产/芙丝水330ML/24瓶装/白膜,启用,0.00960,CAR,,,0.00,否,否,否,否,,,否,否,,,,,否,,,,1.000,国产芙丝,国产芙丝330MLPET,5,,,,,2025-01-01,9999-12-31,2026-05-15 10:24:08
177,81000001,国产/芙丝水330ML/24瓶装,启用,0.00960,CAR,,,0.00,否,否,否,否,,,否,否,,,,,否,,,,1.000,国产芙丝,国产芙丝330MLPET,,,,,,2025-01-01,9999-12-31,2026-05-15 10:24:07
178,81000192,国产/芙丝水500ML/24瓶装/特供装,启用,0.01390,CAR,,,0.00,否,否,否,否,,,否,否,,,,,否,,,,1.000,国产芙丝,国产芙丝500MLPET,,,,,,2025-01-01,9999-12-31,2026-05-15 10:24:06
179,81000141,国产/芙丝水500ML/24瓶装/红韵/圣诞装,启用,0.01390,CAR,,,0.00,否,否,否,否,,,否,否,,,,,否,,,,1.000,国产芙丝,国产芙丝500MLPET,5,,,,,2025-01-01,9999-12-31,2026-05-15 10:24:05
180,81000114,国产/芙丝水500ML/24瓶装/长江河湖联标,启用,0.01390,CAR,,,0.00,否,否,否,否,,,否,否,,,,,否,,,,1.000,国产芙丝,国产芙丝500MLPET,,,,,,2025-01-01,9999-12-31,2026-05-15 10:24:05
181,81000113,国产/芙丝水500ML/24瓶装/便利蜂联标,启用,0.01390,CAR,,,0.00,否,否,否,否,,,否,否,,,,,否,,,,1.000,国产芙丝,国产芙丝500MLPET,,,,,,2025-01-01,9999-12-31,2026-05-15 10:24:04
182,81000090,国产/芙丝水500ML/24瓶装/红韵,启用,0.01390,CAR,,,0.00,否,否,否,否,,,否,否,,,,,否,,,,1.000,国产芙丝,国产芙丝500MLPET,,,,,,2025-01-01,9999-12-31,2026-05-15 10:24:02
183,81000002,国产/芙丝水500ML/24瓶装/白膜,启用,0.01390,CAR,,,0.00,否,否,否,否,,,否,否,,,,,否,,,,1.000,国产芙丝,国产芙丝500MLPET,5,,,,,2025-01-01,9999-12-31,2026-05-15 10:24:00
184,81000000,国产/芙丝水500ML/24瓶装,启用,0.01390,CAR,,,0.00,否,否,否,否,,,否,否,,,,,否,,,,1.000,国产芙丝,国产芙丝500MLPET,,,,,,2025-01-01,9999-12-31,2026-05-15 10:24:00
185,70000124,唯他可可椰子水/原味/310ml/罐装,启用,0.00825,CAR,,,0.00,否,否,否,否,,,否,否,,,,,否,,,,1.000,唯他可可,唯他可可310ML,,,,,,2025-01-01,9999-12-31,2026-05-15 10:23:59
186,70000121,唯他可可椰子水/醇香风味/500ml/PET瓶装,启用,0.00668,CAR,,,0.00,否,否,否,否,,,否,否,,,,,否,,,,1.000,唯他可可,唯他可可500ML,,,,,,2025-01-01,9999-12-31,2026-05-15 10:23:59
187,70000060,唯他可可椰子水/原味/500ml/六瓶装,启用,0.00340,CAR,,,0.00,否,否,否,否,,,否,否,,,,,否,,,,1.000,唯他可可,唯他可可500ML,,,,,,2025-01-01,9999-12-31,2026-05-15 10:23:57
188,70000051,唯他可可椰子水/原味/500ml,启用,0.00667,CAR,,,0.00,否,否,否,否,,,否,否,,,,,否,,,,1.000,唯他可可,唯他可可500ML,,,,,,2025-01-01,9999-12-31,2026-05-15 10:23:56
189,70000050,唯他可可椰子水/蜂蜜味/330ml,启用,0.00450,CAR,,,0.00,否,否,否,否,,,否,否,,,,,否,,,,1.000,唯他可可,唯他可可330ML,,,,,,2025-01-01,9999-12-31,2026-05-15 10:23:55
190,70000045,唯他可可椰子水/菠萝味/330ml,启用,0.00450,CAR,,,0.00,否,否,否,否,,,否,否,,,,,否,,,,1.000,唯他可可,唯他可可330ML,,,,,,2025-01-01,9999-12-31,2026-05-15 10:23:54
191,70000043,唯他可可椰子水/原味/330ml/航空专用,启用,0.00450,CAR,,,0.00,否,否,否,否,,,否,否,,,,,否,,,,1.000,唯他可可,唯他可可330ML,,,,,,2025-01-01,9999-12-31,2026-05-15 10:23:42
192,70000041,唯他可可椰子水/原味/1L/航空专用,启用,0.01320,CAR,,,0.00,否,否,否,否,,,否,否,,,,,否,,,,1.000,唯他可可,唯他可可1L,,,,,,2025-01-01,9999-12-31,2026-05-15 10:23:42
193,70000128,唯他可可椰子水/凤梨口味/330ml,启用,0.00450,CAR,,,0.00,否,否,否,否,,,否,否,,,,,否,,,,1.000,唯他可可,唯他可可330ML,,,,,,2025-01-01,9999-12-31,2026-05-15 10:23:41
194,70000123,唯他可可椰子水/醇香风味/330ml/利乐瓶装,启用,0.00450,CAR,,,0.00,否,否,否,否,,,否,否,,,,,否,,,,1.000,唯他可可,唯他可可330ML,,,,,,2025-01-01,9999-12-31,2026-05-15 10:23:41
195,70000071,唯他可可椰子水/原味/330ml/天猫专供,启用,0.00450,CAR,,,0.00,否,否,否,否,,,否,否,,,,,否,,,,1.000,唯他可可,唯他可可330ML,,,,,,2025-01-01,9999-12-31,2026-05-15 10:23:40
196,70000002,唯他可可椰子水/原味/330ml,启用,0.00450,CAR,,,0.00,否,否,否,否,,,否,否,,,,,否,,,,1.000,唯他可可,唯他可可330ML,,,,,,2025-01-01,9999-12-31,2026-05-15 10:23:39
197,70000001,唯他可可椰子水/原味/1L,启用,0.01320,CAR,,,0.00,否,否,否,否,,,否,否,,,,,否,,,,1.000,唯他可可,唯他可可1L,,,,,,2025-01-01,9999-12-31,2026-05-15 10:23:39
198,60000235,果倍爽/樱桃复合果汁/330ML/文案装,启用,0.00554,CAR,,,0.00,否,否,否,否,,,否,否,,,,,否,,,,1.000,果倍爽,果倍爽330ML,,,,,,2025-01-01,9999-12-31,2026-05-15 10:23:38
199,60000234,果倍爽/红葡萄汁/330ML/文案装,启用,0.00554,CAR,,,0.00,否,否,否,否,,,否,否,,,,,否,,,,1.000,果倍爽,果倍爽330ML,,,,,,2025-01-01,9999-12-31,2026-05-15 10:23:37
200,60000233,果倍爽/橙汁/330ML/文案装,启用,0.00554,CAR,,,0.00,否,否,否,否,,,否,否,,,,,否,,,,1.000,果倍爽,果倍爽330ML,,,,,,2025-01-01,9999-12-31,2026-05-15 10:23:37
201,60000022,果倍爽/樱桃复合果汁/330ML,启用,0.00554,CAR,,,0.00,否,否,否,否,,,否,否,,,,,否,,,,1.000,果倍爽,果倍爽330ML,,,,,,2025-01-01,9999-12-31,2026-05-15 10:23:36
202,60000021,果倍爽/红葡萄汁/330ML,启用,0.00554,CAR,,,0.00,否,否,否,否,,,否,否,,,,,否,,,,1.000,果倍爽,果倍爽330ML,,,,,,2025-01-01,9999-12-31,2026-05-15 10:23:35
203,60000020,果倍爽/橙汁/330ML,启用,0.00554,CAR,,,0.00,否,否,否,否,,,否,否,,,,,否,,,,1.000,果倍爽,果倍爽330ML,,,,,,2025-01-01,9999-12-31,2026-05-15 10:23:35
204,60000256,果倍爽/猕猴桃复合果汁/六袋装/200ML/果小包盲盒,启用,0.00420,CAR,,,0.00,否,否,否,否,,,否,否,,,,,否,,,,1.000,果倍爽,果倍爽200ML,,,,,,2025-01-01,9999-12-31,2026-05-15 10:23:34
205,60000255,果倍爽/黑加仑复合果汁/六袋装/200ML/果小包盲盒,启用,0.00420,CAR,,,0.00,否,否,否,否,,,否,否,,,,,否,,,,1.000,果倍爽,果倍爽200ML,,,,,,2025-01-01,9999-12-31,2026-05-15 10:23:32
206,60000254,果倍爽/桃苹果复合果汁/六袋装/200ML/果小包盲盒,启用,0.00420,CAR,,,0.00,否,否,否,否,,,否,否,,,,,否,,,,1.000,果倍爽,果倍爽200ML,,,,,,2025-01-01,9999-12-31,2026-05-15 10:23:32
207,60000253,果倍爽/梨汁/六袋装/200ML/果小包盲盒,启用,0.00420,CAR,,,0.00,否,否,否,否,,,否,否,,,,,否,,,,1.000,果倍爽,果倍爽200ML,,,,,,2025-01-01,9999-12-31,2026-05-15 10:23:31
208,60000252,果倍爽/白葡萄汁/六袋装/200ML/果小包盲盒,启用,0.00420,CAR,,,0.00,否,否,否,否,,,否,否,,,,,否,,,,1.000,果倍爽,果倍爽200ML,,,,,,2025-01-01,9999-12-31,2026-05-15 10:23:31
209,60000251,果倍爽/橙汁/六袋装/200ML/果小包盲盒,启用,0.00420,CAR,,,0.00,否,否,否,否,,,否,否,,,,,否,,,,1.000,果倍爽,果倍爽200ML,,,,,,2025-01-01,9999-12-31,2026-05-15 10:23:30
210,60000217,果倍爽/猕猴桃复合果汁/六袋装/200ML/2020年整箱促销,启用,0.00420,CAR,,,0.00,否,否,否,否,,,否,否,,,,,否,,,,1.000,果倍爽,果倍爽200ML,,,,,,2025-01-01,9999-12-31,2026-05-15 10:23:28
211,60000216,果倍爽/黑加仑复合果汁/六袋装/200ML/2020年整箱促销,启用,0.00420,CAR,,,0.00,否,否,否,否,,,否,否,,,,,否,,,,1.000,果倍爽,果倍爽200ML,,,,,,2025-01-01,9999-12-31,2026-05-15 10:23:28
212,60000215,果倍爽/桃苹果复合果汁/六袋装/200ML/2020年整箱促销,启用,0.00420,CAR,,,0.00,否,否,否,否,,,否,否,,,,,否,,,,1.000,果倍爽,果倍爽200ML,,,,,,2025-01-01,9999-12-31,2026-05-15 10:23:27
213,60000214,果倍爽/梨汁/六袋装/200ML/2020年整箱促销,启用,0.00420,CAR,,,0.00,否,否,否,否,,,否,否,,,,,否,,,,1.000,果倍爽,果倍爽200ML,,,,,,2025-01-01,9999-12-31,2026-05-15 10:23:27
214,60000213,果倍爽/白葡萄汁/六袋装/200ML/2020年整箱促销,启用,0.00420,CAR,,,0.00,否,否,否,否,,,否,否,,,,,否,,,,1.000,果倍爽,果倍爽200ML,,,,,,2025-01-01,9999-12-31,2026-05-15 10:23:26
215,60000211,果倍爽/橙汁/六袋装/200ML/2020年整箱促销,启用,0.00420,CAR,,,0.00,否,否,否,否,,,否,否,,,,,否,,,,1.000,果倍爽,果倍爽200ML,,,,,,2025-01-01,9999-12-31,2026-05-15 10:23:26
216,60000171,果倍爽/橙汁/六袋装/200ML/果小包,启用,0.00420,CAR,,,0.00,否,否,否,否,,,否,否,,,,,否,,,,1.000,果倍爽,果倍爽200ML,,,,,,2025-01-01,9999-12-31,2026-05-15 10:23:25
217,60000221,果倍爽/橙汁/六袋装/200ML/运动版果小包,启用,0.00420,CAR,,,0.00,否,否,否,否,,,否,否,,,,,否,,,,1.000,果倍爽,果倍爽200ML,,,,,,2025-01-01,9999-12-31,2026-05-15 10:23:24
218,60000185,果倍爽/猕猴桃复合果汁/六袋装/200ML/2019开箱有礼,启用,0.00420,CAR,,,0.00,否,否,否,否,,,否,否,,,,,否,,,,1.000,果倍爽,果倍爽200ML,,,,,,2025-01-01,9999-12-31,2026-05-15 10:23:24
219,60000184,果倍爽/黑加仑复合果汁/六袋装/200ML/2019开箱有礼,启用,0.00420,CAR,,,0.00,否,否,否,否,,,否,否,,,,,否,,,,1.000,果倍爽,果倍爽200ML,,,,,,2025-01-01,9999-12-31,2026-05-15 10:23:23
220,60000183,果倍爽/桃苹果复合果汁/六袋装/200ML/2019开箱有礼,启用,0.00420,CAR,,,0.00,否,否,否,否,,,否,否,,,,,否,,,,1.000,果倍爽,果倍爽200ML,,,,,,2025-01-01,9999-12-31,2026-05-15 10:23:23
221,60000182,果倍爽/梨汁/六袋装/200ML/2019开箱有礼,启用,0.00420,CAR,,,0.00,否,否,否,否,,,否,否,,,,,否,,,,1.000,果倍爽,果倍爽200ML,,,,,,2025-01-01,9999-12-31,2026-05-15 10:23:22
222,60000181,果倍爽/白葡萄汁/六袋装/200ML/2019开箱有礼,启用,0.00420,CAR,,,0.00,否,否,否,否,,,否,否,,,,,否,,,,1.000,果倍爽,果倍爽200ML,,,,,,2025-01-01,9999-12-31,2026-05-15 10:23:21
223,60000180,果倍爽/橙汁/六袋装/200ML/2019开箱有礼,启用,0.00420,CAR,,,0.00,否,否,否,否,,,否,否,,,,,否,,,,1.000,果倍爽,果倍爽200ML,,,,,,2025-01-01,9999-12-31,2026-05-15 10:23:20
224,60000091,果倍爽/猕猴桃复合果汁/200ML,启用,0.00420,CAR,,,0.00,否,否,否,否,,,否,否,,,,,否,,,,1.000,果倍爽,果倍爽200ML,,,,,,2025-01-01,9999-12-31,2026-05-15 10:23:20
225,60000090,果倍爽/黑加仑复合果汁/200ML,启用,0.00420,CAR,,,0.00,否,否,否,否,,,否,否,,,,,否,,,,1.000,果倍爽,果倍爽200ML,,,,,,2025-01-01,9999-12-31,2026-05-15 10:23:19
226,60000003,果倍爽/桃苹果复合果汁/200ML,启用,0.00420,CAR,,,0.00,否,否,否,否,,,否,否,,,,,否,,,,1.000,果倍爽,果倍爽200ML,,,,,,2025-01-01,9999-12-31,2026-05-15 10:23:18
227,60000002,果倍爽/梨汁/200ML,启用,0.00420,CAR,,,0.00,否,否,否,否,,,否,否,,,,,否,,,,1.000,果倍爽,果倍爽200ML,,,,,,2025-01-01,9999-12-31,2026-05-15 10:23:17
228,60000001,果倍爽/白葡萄汁/200ML,启用,0.00420,CAR,,,0.00,否,否,否,否,,,否,否,,,,,否,,,,1.000,果倍爽,果倍爽200ML,,,,,,2025-01-01,9999-12-31,2026-05-15 10:23:16
229,60000000,果倍爽/橙汁/200ML,启用,0.00420,CAR,,,0.00,否,否,否,否,,,否,否,,,,,否,,,,1.000,果倍爽,果倍爽200ML,,,,,,2025-01-01,9999-12-31,2026-05-15 10:23:15
230,11000182,战马/180ML/24/罐装/含气/柠檬味,启用,0.00498,CAR,,,0.00,否,否,否,否,罐装战马180ML,,否,否,,,,,否,,,,1.000,罐装战马,罐装战马180ML,,,,,,2025-01-01,9999-12-31,2026-05-15 10:23:14
231,11000181,战马/180ML/24/罐装/含气/西柚味,启用,0.00499,CAR,,,0.00,否,否,否,否,罐装战马180ML,,否,否,,,,,否,,,,1.000,罐装战马,罐装战马180ML,,,,,,2025-01-01,9999-12-31,2026-05-15 10:23:13
232,11000180,战马/180ML/24/罐装/含气/白桃味,启用,0.00499,CAR,,,0.00,否,否,否,否,罐装战马180ML,,否,否,,,,,否,,,,1.000,罐装战马,罐装战马180ML,,,,,,2025-01-01,9999-12-31,2026-05-15 10:23:13
233,11000179,战马/180ML/24/罐装/含气/无糖,启用,0.00499,CAR,,,0.00,否,否,否,否,罐装战马180ML,,否,否,,,,,否,,,,1.000,罐装战马,罐装战马180ML,,,,,,2025-01-01,9999-12-31,2026-05-15 10:23:12
234,11000164,战马/180ML/6/罐装/玉米低聚肽,启用,0.00128,CAR,,,0.00,否,否,否,否,罐装战马180ML,,否,否,,,,,否,,,,0.250,罐装战马,罐装战马180ML,,,,,,2025-01-01,9999-12-31,2026-05-15 10:23:12
235,11000163,战马/180ML/6/罐装/大豆肽,启用,0.00128,CAR,,,0.00,否,否,否,否,罐装战马180ML,,否,否,,,,,否,,,,0.250,罐装战马,罐装战马180ML,,,,,,2025-01-01,9999-12-31,2026-05-15 10:23:11
236,11000162,战马/180ML/6/罐装/浓郁型,启用,0.00128,CAR,,,0.00,否,否,否,否,罐装战马180ML,,否,否,,,,,否,,,,0.250,罐装战马,罐装战马180ML,,,,,,2025-01-01,9999-12-31,2026-05-15 10:23:11
237,11000161,战马/180ML/6/罐装/柠檬味,启用,0.00128,CAR,,,0.00,否,否,否,否,罐装战马180ML,,否,否,,,,,否,,,,0.250,罐装战马,罐装战马180ML,,,,,,2025-01-01,9999-12-31,2026-05-15 10:23:10
238,11000160,战马/180ML/6/罐装/西柚味,启用,0.00128,CAR,,,0.00,否,否,否,否,罐装战马180ML,,否,否,,,,,否,,,,0.250,罐装战马,罐装战马180ML,,,,,,2025-01-01,9999-12-31,2026-05-15 10:23:10
239,11000159,战马/180ML/6/罐装/白桃味,启用,0.00128,CAR,,,0.00,否,否,否,否,罐装战马180ML,,否,否,,,,,否,,,,0.250,罐装战马,罐装战马180ML,,,,,,2025-01-01,9999-12-31,2026-05-15 10:23:05
240,11000221,战马/310ML/24/罐装/广东云南促销-篮球,启用,0.00840,CAR,,,0.00,否,否,否,否,"战马罐装
普通",,否,否,,,,,否,,,,1.000,罐装战马,罐装战马,,,,,,2025-01-01,9999-12-31,2026-05-15 10:23:04
241,11000214,战马/310ML/24/罐装/2023/穿越火线联名版,启用,0.00840,CAR,,,0.00,否,否,否,否,"战马罐装
普通",,否,否,,,,,否,,,,1.000,罐装战马,罐装战马,,,,,,2025-01-01,9999-12-31,2026-05-15 10:23:04
242,11000208,战马/310ML/24/罐装/常规-LPL女版,启用,0.00840,CAR,,,0.00,否,否,否,否,"战马罐装
普通",,否,否,,,,,否,,,,1.000,罐装战马,罐装战马,,,,,,2025-01-01,9999-12-31,2026-05-15 10:23:02
243,11000207,战马/310ML/24/罐装/广深东扫码-LPL女版,启用,0.00840,CAR,,,0.00,否,否,否,否,战马罐装2023促销,,否,否,,,,,否,,,,1.000,罐装战马,罐装战马,,,,,,2025-01-01,9999-12-31,2026-05-15 10:23:01
244,11000206,战马/310ML/24/罐装/1元乐享2023-LPL女版,启用,0.00840,CAR,,,0.00,否,否,否,否,战马罐装2023促销,,否,否,,,,,否,,,,1.000,罐装战马,罐装战马,,,,,,2025-01-01,9999-12-31,2026-05-15 10:23:00
245,11000205,战马/310ML/24/罐装/常规-LPL男版,启用,0.00840,CAR,,,0.00,否,否,否,否,"战马罐装
普通",,否,否,,,,,否,,,,1.000,罐装战马,罐装战马,,,,,,2025-01-01,9999-12-31,2026-05-15 10:23:00
246,11000204,战马/310ML/24/罐装/广深东扫码-LPL男版,启用,0.00840,CAR,,,0.00,否,否,否,否,战马罐装2023促销,,否,否,,,,,否,,,,1.000,罐装战马,罐装战马,,,,,,2025-01-01,9999-12-31,2026-05-15 10:22:59
247,11000203,战马/310ML/24/罐装/1元乐享2023-LPL男版,启用,0.00840,CAR,,,0.00,否,否,否,否,战马罐装2023促销,,否,否,,,,,否,,,,1.000,罐装战马,罐装战马,,,,,,2025-01-01,9999-12-31,2026-05-15 10:22:59
248,11000202,战马/310ML/24/罐装/常规-篮球,启用,0.00840,CAR,,,0.00,否,否,否,否,"战马罐装
普通",,否,否,,,,,否,,,,1.000,罐装战马,罐装战马,,,,,,2025-01-01,9999-12-31,2026-05-15 10:22:58
249,11000201,战马/310ML/24/罐装/广深东扫码-篮球,启用,0.00840,CAR,,,0.00,否,否,否,否,战马罐装2023促销,,否,否,,,,,否,,,,1.000,罐装战马,罐装战马,,,,,,2025-01-01,9999-12-31,2026-05-15 10:22:58
250,11000200,战马/310ML/24/罐装/1元乐享2023-篮球,启用,0.00840,CAR,,,0.00,否,否,否,否,战马罐装2023促销,,否,否,,,,,否,,,,1.000,罐装战马,罐装战马,,,,,,2025-01-01,9999-12-31,2026-05-15 10:22:57
251,11000178,战马/310ML/24/罐装/2022/常规-LPL男版,启用,0.00840,CAR,,,0.00,否,否,否,否,"战马罐装
普通",,否,否,,,,,否,,,,1.000,罐装战马,罐装战马,,,,,,2025-01-01,9999-12-31,2026-05-15 10:22:56
252,11000177,战马/310ML/24/罐装/2022/1元即享-LPL女版,启用,0.00840,CAR,,,0.00,否,否,否,否,战马罐装2022促销,,否,否,,,,,否,,,,1.000,罐装战马,罐装战马,,,,,,2025-01-01,9999-12-31,2026-05-15 10:22:55
253,11000176,战马/310ML/24/罐装/2022/1元即享-LPL男版,启用,0.00840,CAR,,,0.00,否,否,否,否,战马罐装2022促销,,否,否,,,,,否,,,,1.000,罐装战马,罐装战马,,,,,,2025-01-01,9999-12-31,2026-05-15 10:22:53
254,11000174,战马/310ML/24/罐装/2022/常规-LPL女版,启用,0.00840,CAR,,,0.00,否,否,否,否,"战马罐装
普通",,否,否,,,,,否,,,,1.000,罐装战马,罐装战马,,,,,,2025-01-01,9999-12-31,2026-05-15 10:22:52
255,11000173,战马/310ML/24/罐装/2022/常规-篮球,启用,0.00840,CAR,,,0.00,否,否,否,否,"战马罐装
普通",,否,否,,,,,否,,,,1.000,罐装战马,罐装战马,,,,,,2025-01-01,9999-12-31,2026-05-15 10:22:52
256,11000172,战马/310ML/24/罐装/2022/1元即享-街舞,启用,0.00840,CAR,,,0.00,否,否,否,否,战马罐装2022促销,,否,否,,,,,否,,,,1.000,罐装战马,罐装战马,,,,,,2025-01-01,9999-12-31,2026-05-15 10:22:49
257,11000171,战马/310ML/24/罐装/2022/1元即享-篮球,启用,0.00840,CAR,,,0.00,否,否,否,否,战马罐装2022促销,,否,否,,,,,否,,,,1.000,罐装战马,罐装战马,,,,,,2025-01-01,9999-12-31,2026-05-15 10:22:48
258,11000156,战马/310ML/24/罐装/2021/和平精英/扫码红包,启用,0.00840,CAR,,,0.00,否,否,否,否,战马罐装2021促销,,否,否,,,,,否,,,,1.000,罐装战马,罐装战马,,,,,,2025-01-01,9999-12-31,2026-05-15 10:22:48
259,11000155,战马/310ML/24/罐装/2021/和平精英/礼上有礼,启用,0.00840,CAR,,,0.00,否,否,否,否,战马罐装2021促销,,否,否,,,,,否,,,,1.000,罐装战马,罐装战马,,,,,,2025-01-01,9999-12-31,2026-05-15 10:22:47
260,11000153,战马/310ML/24/罐装/2021/扫码红包,启用,0.00840,CAR,,,0.00,否,否,否,否,战马罐装2021促销,,否,否,,,,,否,,,,1.000,罐装战马,罐装战马,,,,,,2025-01-01,9999-12-31,2026-05-15 10:22:47
261,11000152,战马/310ML/24/罐装/2021/礼上有礼,启用,0.00840,CAR,,,0.00,否,否,否,否,战马罐装2021促销,,否,否,,,,,否,,,,1.000,罐装战马,罐装战马,,,,,,2025-01-01,9999-12-31,2026-05-15 10:22:46
262,11000011,战马/310ML/24/罐装,启用,0.00840,CAR,,,0.00,否,否,否,否,"战马罐装
普通",,否,否,,,,,否,,,,1.000,罐装战马,罐装战马,4,,,,,2025-01-01,9999-12-31,2026-05-15 10:22:46
263,11000080,战马/310ML/24/罐装/赠饮,启用,0.00840,CAR,,,0.00,否,否,否,否,"战马罐装
普通",,否,否,,,,,否,,,,1.000,罐装战马,罐装战马,,,,,,2025-01-01,9999-12-31,2026-05-15 10:22:45
264,11000140,战马/310ML/24/罐装/2020/箱内码,启用,0.00840,CAR,,,0.00,否,否,否,否,罐装战马,,否,否,,,,,否,,,,1.000,罐装战马,罐装战马,,,,,,2025-01-01,9999-12-31,2026-05-15 10:22:43
265,11000096,战马/310ML/24/罐装/2020/1元畅享,启用,0.00840,CAR,,,0.00,否,否,否,否,罐装战马,,否,否,,,,,否,,,,1.000,罐装战马,罐装战马,,,,,,2025-01-01,9999-12-31,2026-05-15 10:22:43
266,11000086,战马/310ML/24/罐装/2019/壹元乐享二阶段,启用,0.00840,CAR,,,0.00,否,否,否,否,罐装战马,,否,否,,,,,否,,,,1.000,罐装战马,罐装战马,,,,,,2025-01-01,9999-12-31,2026-05-15 10:22:42
267,11000131,战马/310ML/24/罐装/2020/扫码红包,启用,0.00840,CAR,,,0.00,否,否,否,否,罐装战马,,否,否,,,,,否,,,,1.000,罐装战马,罐装战马,,,,,,2025-01-01,9999-12-31,2026-05-15 10:22:41
268,11000130,战马/310ML/24/罐装/2020/1元轻松享,启用,0.00840,CAR,,,0.00,否,否,否,否,罐装战马,,否,否,,,,,否,,,,1.000,罐装战马,罐装战马,,,,,,2025-01-01,9999-12-31,2026-05-15 10:22:40
269,11000063,战马/310ML/24/罐装/2019壹元乐享,启用,0.00840,CAR,,,0.00,否,否,否,否,罐装战马,,否,否,,,,,否,,,,1.000,罐装战马,罐装战马,,,,,,2025-01-01,9999-12-31,2026-05-15 10:22:40
270,11000012,战马/310ML/24/罐装/2018壹元乐享,启用,0.00840,CAR,,,0.00,否,否,否,否,罐装战马,,否,否,,,,,否,,,,1.000,罐装战马,罐装战马,,,,,,2025-01-01,9999-12-31,2026-05-15 10:22:39
271,11000143,战马/310ML/24/罐装/出口美国,启用,0.00840,CAR,,,0.00,否,否,否,否,"战马罐装
普通",,否,否,,,,,否,,,,1.000,罐装战马,罐装战马,,,,,,2025-01-01,9999-12-31,2026-05-15 10:22:36
272,11000092,战马/310ML/24/罐装/出口韩国,启用,0.00840,CAR,,,0.00,否,否,否,否,"战马罐装
普通",,否,否,,,,,否,,,,1.000,罐装战马,罐装战马,,,,,,2025-01-01,9999-12-31,2026-05-15 10:22:35
273,11000218,战马/500ML/24/含气,启用,0.01350,CAR,,,0.00,否,否,否,否,瓶装战马,,否,否,,,,,否,,,,1.000,瓶装战马,瓶装战马含气,,,,,,2025-01-01,9999-12-31,2026-05-15 10:22:35
274,11000217,战马/500ML/24/原味,启用,0.01370,CAR,,,0.00,否,否,否,否,瓶装战马,,否,否,,,,,否,,,,1.000,瓶装战马,瓶装战马不含气,,,,,,2025-01-01,9999-12-31,2026-05-15 10:22:34
275,11000213,战马/400ML/15/不含气/常规-LPL女版,启用,0.00730,CAR,,,0.00,否,否,否,否,瓶装战马,,否,否,,,,,否,,,,1.000,瓶装战马,瓶装战马不含气,,,,,,2025-01-01,9999-12-31,2026-05-15 10:22:34
276,11000212,战马/400ML/15/不含气/常规-LPL男版,启用,0.00730,CAR,,,0.00,否,否,否,否,瓶装战马,,否,否,,,,,否,,,,1.000,瓶装战马,瓶装战马不含气,,,,,,2025-01-01,9999-12-31,2026-05-15 10:22:33
277,11000211,战马/400ML/15/不含气/2023/1元乐享-LPL女版,启用,0.00730,CAR,,,0.00,否,否,否,否,瓶装战马,,否,否,,,,,否,,,,1.000,瓶装战马,瓶装战马不含气,,,,,,2025-01-01,9999-12-31,2026-05-15 10:22:33
278,11000210,战马/400ML/15/不含气/2023/1元乐享-LPL男版,启用,0.00730,CAR,,,0.00,否,否,否,否,瓶装战马,,否,否,,,,,否,,,,1.000,瓶装战马,瓶装战马不含气,,,,,,2025-01-01,9999-12-31,2026-05-15 10:22:32
279,11000184,战马/400ML/15/不含气/2022/1元即享-LPL女版,启用,0.00730,CAR,,,0.00,否,否,否,否,瓶装战马,,否,否,,,,,否,,,,1.000,瓶装战马,瓶装战马不含气,,,,,,2025-01-01,9999-12-31,2026-05-15 10:22:32
280,11000183,战马/400ML/15/不含气/2022/1元即享-LPL男版,启用,0.00730,CAR,,,0.00,否,否,否,否,瓶装战马,,否,否,,,,,否,,,,1.000,瓶装战马,瓶装战马不含气,,,,,,2025-01-01,9999-12-31,2026-05-15 10:22:31
281,11000094,战马/400ML/15/不含气/出口韩国,启用,0.00730,CAR,,,0.00,否,否,否,否,瓶装战马,,否,否,,,,,否,,,,1.000,瓶装战马,瓶装战马不含气,,,,,,2025-01-01,9999-12-31,2026-05-15 10:22:31
282,11000151,战马/400ML/15/不含气/2021/扫码红包,启用,0.00730,CAR,,,0.00,否,否,否,否,瓶装战马,,否,否,,,,,否,,,,1.000,瓶装战马,瓶装战马不含气,,,,,,2025-01-01,9999-12-31,2026-05-15 10:22:30
283,11000150,战马/400ML/15/不含气/2021/礼上有礼,启用,0.00730,CAR,,,0.00,否,否,否,否,瓶装战马,,否,否,,,,,否,,,,1.000,瓶装战马,瓶装战马不含气,,,,,,2025-01-01,9999-12-31,2026-05-15 10:22:29
284,11000100,战马/400ML/15/不含气/2020/1元畅享,启用,0.00730,CAR,,,0.00,否,否,否,否,瓶装战马,,否,否,,,,,否,,,,1.000,瓶装战马,瓶装战马不含气,,,,,,2025-01-01,9999-12-31,2026-05-15 10:22:29
285,11000083,战马/400ML/15/不含气/2019壹元乐享,启用,0.00730,CAR,,,0.00,否,否,否,否,瓶装战马,,否,否,,,,,否,,,,1.000,瓶装战马,瓶装战马不含气,,,,,,2025-01-01,9999-12-31,2026-05-15 10:22:28
286,11000014,战马/400ML/15/不含气/2018壹元乐享,启用,0.00730,CAR,,,0.00,否,否,否,否,瓶装战马,,否,否,,,,,否,,,,1.000,瓶装战马,瓶装战马不含气,,,,,,2025-01-01,9999-12-31,2026-05-15 10:22:26
287,11000084,战马/400ML/15/含气/2019壹元乐享,启用,0.00730,CAR,,,0.00,否,否,否,否,瓶装战马,,否,否,,,,,否,,,,1.000,瓶装战马,瓶装战马含气,,,,,,2025-01-01,9999-12-31,2026-05-15 10:22:26
288,11000015,战马/400ML/15/含气/2018壹元乐享,启用,0.00730,CAR,,,0.00,否,否,否,否,瓶装战马,,否,否,,,,,否,,,,1.000,瓶装战马,瓶装战马含气,,,,,,2025-01-01,9999-12-31,2026-05-15 10:22:25
289,11000046,战马/400ML/15/不含气/赠饮,启用,0.00730,CAR,,,0.00,否,否,否,否,瓶装战马,,否,否,,,,,否,,,,1.000,瓶装战马,瓶装战马不含气,,,,,,2025-01-01,9999-12-31,2026-05-15 10:22:20
290,11000047,战马/400ML/15/含气/赠饮,启用,0.00730,CAR,,,0.00,否,否,否,否,瓶装战马,,否,否,,,,,否,,,,1.000,瓶装战马,瓶装战马含气,,,,,,2025-01-01,9999-12-31,2026-05-15 10:22:19
291,11000088,战马/400ML/15/不含气/2019要疯产品,启用,0.00730,CAR,,,0.00,否,否,否,否,瓶装战马,,否,否,,,,,否,,,,1.000,瓶装战马,瓶装战马不含气,,,,,,2025-01-01,9999-12-31,2026-05-15 10:22:18
292,11000040,战马/400ML/15/含气/战马要疯,启用,0.00730,CAR,,,0.00,否,否,否,否,瓶装战马,,否,否,,,,,否,,,,1.000,瓶装战马,瓶装战马含气,,,,,,2025-01-01,9999-12-31,2026-05-15 10:22:18
293,11000112,战马/400ML/15/含气/2020/1元轻松享,启用,0.00730,CAR,,,0.00,否,否,否,否,瓶装战马,,否,否,,,,,否,,,,1.000,瓶装战马,瓶装战马含气,,,,,,2025-01-01,9999-12-31,2026-05-15 10:22:17
294,11000114,战马/400ML/15/含气/2020/扫码红包,启用,0.00730,CAR,,,0.00,否,否,否,否,瓶装战马,,否,否,,,,,否,,,,1.000,瓶装战马,瓶装战马含气,,,,,,2025-01-01,9999-12-31,2026-05-15 10:22:16
295,11000113,战马/400ML/15/不含气/2020/1元轻松享,启用,0.00730,CAR,,,0.00,否,否,否,否,瓶装战马,,否,否,,,,,否,,,,1.000,瓶装战马,瓶装战马不含气,,,,,,2025-01-01,9999-12-31,2026-05-15 10:22:16
296,11000115,战马/400ML/15/不含气/2020/扫码红包,启用,0.00730,CAR,,,0.00,否,否,否,否,瓶装战马,,否,否,,,,,否,,,,1.000,瓶装战马,瓶装战马不含气,,,,,,2025-01-01,9999-12-31,2026-05-15 10:22:15
297,11000002,战马/400ML/15/含气,启用,0.00730,CAR,,,0.00,否,否,否,否,瓶装战马,,否,否,,,,,否,,,,1.000,瓶装战马,瓶装战马含气,,,,,,2025-01-01,9999-12-31,2026-05-15 10:22:15
298,11000001,战马/400ML/15/不含气,启用,0.00730,CAR,,,0.00,否,否,否,否,瓶装战马,,否,否,,,,,否,,,,1.000,瓶装战马,瓶装战马不含气,,,,,,2025-01-01,9999-12-31,2026-05-15 10:22:13
299,,红牛胶带,启用,,CAR,,,0.00,否,否,否,否,,,否,否,,,,,否,,,,0.000,,,,,,,,2025-01-01,9999-12-31,2026-05-15 10:22:12
300,10001044,红牛维生素功能饮料/普通型/250ML/24/29周年/广东箱内码一期/2024,启用,0.00740,CAR,,,0.00,否,否,否,否,广东专属促销,,否,否,,,,,否,,,,1.000,红牛,红牛促销型,1,,,,,2025-01-01,9999-12-31,2026-05-15 10:22:12
301,10001043,红牛维生素功能饮料/普通型/250ML/24/29周年/两元纸箱/台州专供一期,启用,0.00740,CAR,,,0.00,否,否,否,否,红牛促销型,,否,否,,,,,否,,,,1.000,红牛,红牛促销型,1,,,,,2025-01-01,9999-12-31,2026-05-15 10:22:11
302,10001035,红牛维生素功能饮料/牛磺酸强化型/250ml/24/29周年纪念装,启用,0.00740,CAR,,,0.00,否,否,否,否,强化型,,否,否,,,,,否,,,,1.000,红牛,红牛强化型,2,,,,,2025-01-01,9999-12-31,2026-05-15 10:22:10
303,10001034,红牛维生素功能饮料/普通型/250ML/六罐装/29周年,启用,0.00185,包,,,0.00,否,否,否,否,六联包,,否,否,,,,,否,,,,0.250,红牛,红牛六联包,1,,,,,2025-01-01,9999-12-31,2026-05-15 10:22:10
304,10001033,红牛维生素功能饮料/普通型/250ML/24/29周年纪念装,启用,0.00740,CAR,,,0.00,否,否,否,否,红牛普通型,,否,否,,,,,否,,,,1.000,红牛,红牛普通型,1,,,,,2025-01-01,9999-12-31,2026-05-15 10:22:09
305,10001029,红牛/250ML/24/28周年纪念装/广东促销二期/2023,启用,0.00740,CAR,,,0.00,否,否,否,否,广东专属促销,,否,否,,,,,否,,,,1.000,红牛,红牛促销型,,,,,,2025-01-01,9999-12-31,2026-05-15 10:22:09
306,10001028,红牛/250ML/24/28周年纪念装/两元促销/台州专供三期,启用,0.00740,CAR,,,0.00,否,否,否,否,红牛促销型,,否,否,,,,,否,,,,1.000,红牛,红牛促销型,,,,,,2025-01-01,9999-12-31,2026-05-15 10:22:07
307,10001025,红牛/普通型/250ML/24/2023普通装箱内码二期,启用,0.00740,CAR,,,0.00,否,否,否,否,箱内码促销,,否,否,,,,,否,,,,1.000,红牛,红牛促销型,1,,,,,2025-01-01,9999-12-31,2026-05-15 10:22:07
308,10001024,红牛/250ML/24/28周年纪念装/两元促销/台州专供二期,启用,0.00740,CAR,,,0.00,否,否,否,否,红牛促销型,,否,否,,,,,否,,,,1.000,红牛,红牛促销型,,,,,,2025-01-01,9999-12-31,2026-05-15 10:22:06
309,10001017,红牛/250ML/24/28周年普通型-含箱内码/2023,启用,0.00740,CAR,,,0.00,否,否,否,否,箱内码促销,,否,否,,,,,否,,,,1.000,红牛,红牛促销型,1,,,,,2025-01-01,9999-12-31,2026-05-15 10:22:06
310,10001020,红牛/普通型/250ML/24/广东促销/2023,启用,0.00740,CAR,,,0.00,否,否,否,否,广东专属促销,,否,否,,,,,否,,,,1.000,红牛,红牛促销型,1,,,,,2025-01-01,9999-12-31,2026-05-15 10:22:05
311,10001016,红牛/普通型/250ML/24/扫码促销-含箱内码/2023,启用,0.00740,CAR,,,0.00,否,否,否,否,箱内码促销,,否,否,,,,,否,,,,1.000,红牛,红牛促销型,1,,,,,2025-01-01,9999-12-31,2026-05-15 10:22:05
312,10001015,红牛/250ML/扫码促销/六罐装/2023,启用,0.00185,CAR,,,0.00,否,否,否,否,六联包,,否,否,,,,,否,,,,0.250,红牛,红牛六联包,,,,,,2025-01-01,9999-12-31,2026-05-15 10:22:03
313,10001019,红牛/普通型/250ML/24/1元换购-藏区/2023,启用,0.00740,CAR,,,0.00,否,否,否,否,西北1元促销,,否,否,,,,,否,,,,1.000,红牛,红牛促销型,1,,,,,2025-01-01,9999-12-31,2026-05-15 10:22:03
314,10001018,红牛/普通型/250ML/24/1元换购/2023,启用,0.00740,CAR,,,0.00,否,否,否,否,西北1元促销,,否,否,,,,,否,,,,1.000,红牛,红牛促销型,1,,,,,2025-01-01,9999-12-31,2026-05-15 10:22:02
315,10001014,红牛/普通型/250ML/24/扫码促销/2023,启用,0.00740,CAR,,,0.00,否,否,否,否,扫码促销,,否,否,,,,,否,,,,1.000,红牛,红牛促销型,1,,,,,2025-01-01,9999-12-31,2026-05-15 10:22:02
316,10001013,红牛/250ML/24/扫码促销/两元促销/台州专供,启用,0.00740,CAR,,,0.00,否,否,否,否,红牛促销型,,否,否,,,,,否,,,,1.000,红牛,红牛促销型,,,,,,2025-01-01,9999-12-31,2026-05-15 10:22:01
317,10001003,红牛/强化型/250ml/蓝色/24/28周年,启用,0.00740,CAR,112.80,,0.00,否,否,否,否,强化型,,否,否,,,,,否,,,,1.000,红牛,红牛强化型,2,,,,,2025-01-01,9999-12-31,2026-05-15 10:22:01
318,10001001,红牛/普通型/250ML/六罐装/28周年,启用,0.00185,CAR,,,0.00,否,否,否,否,六联包,,否,否,,,,,否,,,,0.250,红牛,红牛六联包,1,,,,,2025-01-01,9999-12-31,2026-05-15 10:22:00
319,10001000,红牛/250ML/24/28周年纪念装,启用,0.00740,CAR,,,0.00,否,否,否,否,红牛普通型,,否,否,,,,,否,,,,1.000,红牛,红牛普通型,,,,,,2025-01-01,9999-12-31,2026-05-15 10:21:59
320,10000998,红牛/250ML/24/28周年纪念装/两元促销/台州专供,启用,0.00740,CAR,,,0.00,否,否,否,否,红牛普通型,,否,否,,,,,否,,,,1.000,红牛,红牛促销型,,,,,,2025-01-01,9999-12-31,2026-05-15 10:21:59
321,10000997,红牛/250ML/24/27周年版/两元促销/台州专供,启用,0.00740,CAR,,,0.00,否,否,否,否,红牛普通型,,否,否,,,,,否,,,,1.000,红牛,红牛促销型,,,,,,2025-01-01,9999-12-31,2026-05-15 10:21:58
322,10001031,红牛维生素功能饮料/普通型/250ML/12/2024开门红加大礼盒,启用,0.00370,CAR,,,0.00,否,否,否,否,12罐礼盒,,否,否,,,,,否,,,,0.500,红牛,十二罐礼盒,1,,,,,2025-01-01,9999-12-31,2026-05-15 10:21:58
323,10001030,红牛维生素功能饮料/普通型/250ML/12/2024开门红礼盒,启用,0.00370,CAR,,,0.00,否,否,否,否,12罐礼盒,,否,否,,,,,否,,,,0.500,红牛,十二罐礼盒,1,,,,,2025-01-01,9999-12-31,2026-05-15 10:21:57
324,10000994,红牛/250ML/12/2023开门红加大礼盒,启用,0.00370,CAR,,,0.00,否,否,否,否,12罐礼盒,,否,否,,,,,否,,,,0.500,红牛,十二罐礼盒,,,,,,2025-01-01,9999-12-31,2026-05-15 10:21:57
325,10000993,红牛/250ML/12/2023开门红礼盒,启用,0.00370,CAR,,,0.00,否,否,否,否,12罐礼盒,,否,否,,,,,否,,,,0.500,红牛,十二罐礼盒,,,,,,2025-01-01,9999-12-31,2026-05-15 10:21:56
326,10000978,红牛/普通型/250ML/24/2022普通装箱内码2期,启用,0.00740,CAR,,,0.00,否,否,否,否,箱内码促销,,否,否,,,,,否,,,,1.000,红牛,红牛促销型,1,,,,,2025-01-01,9999-12-31,2026-05-15 10:21:56
327,10000962,红牛/普通型/250ML/24/1元乐享/2022,启用,0.00740,CAR,,,0.00,否,否,否,否,西北1元促销,,否,否,,,,,否,,,,1.000,红牛,红牛促销型,1,,,,,2025-01-01,9999-12-31,2026-05-15 10:21:55
328,10000961,红牛/普通型/250ML/24/广东促销/2022,启用,0.00740,CAR,,,0.00,否,否,否,否,广东专属促销,,否,否,,,,,否,,,,1.000,红牛,红牛促销型,1,,,,,2025-01-01,9999-12-31,2026-05-15 10:21:55
329,10000960,红牛/250ML/扫码促销/六罐装/缩膜装/2022,启用,0.00185,CAR,,,0.00,否,否,否,否,六联包,,否,否,,,,,否,,,,0.250,红牛,红牛六联包,,,,,,2025-01-01,9999-12-31,2026-05-15 10:21:54
330,10000959,红牛/普通型/250ML/24/2022普通装箱内码,启用,0.00740,CAR,,,0.00,否,否,否,否,箱内码促销,,否,否,,,,,否,,,,1.000,红牛,红牛促销型,1,,,,,2025-01-01,9999-12-31,2026-05-15 10:21:54
331,10000957,红牛/普通型/250ML/24/扫码促销-含箱内码/2022,启用,0.00740,CAR,,,0.00,否,否,否,否,箱内码促销,,否,否,,,,,否,,,,1.000,红牛,红牛促销型,1,,,,,2025-01-01,9999-12-31,2026-05-15 10:21:53
332,10000955,红牛/普通型/250ML/24/扫码促销/2022,启用,0.00740,CAR,,,0.00,否,否,否,否,扫码促销,,否,否,,,,,否,,,,1.000,红牛,红牛促销型,1,,,,,2025-01-01,9999-12-31,2026-05-15 10:21:53
333,10000945,红牛/强化型/250ml/蓝色/24/27周年,启用,0.00740,CAR,,,0.00,否,否,否,否,强化型,,否,否,,,,,否,,,,1.000,红牛,红牛强化型,2,,,,,2025-01-01,9999-12-31,2026-05-15 10:21:52
334,10000944,红牛/普通型/250ML/六罐装/27周年,启用,0.00185,CAR,,,0.00,否,否,否,否,六联包,,否,否,,,,,否,,,,0.250,红牛,红牛六联包,1,,,,,2025-01-01,9999-12-31,2026-05-15 10:21:52
335,10000943,红牛/250ML/24/27周年纪念装,启用,0.00740,CAR,,,0.00,否,否,否,否,红牛普通型,,否,否,,,,,否,,,,1.000,红牛,红牛普通型,,,,,,2025-01-01,9999-12-31,2026-05-15 10:21:51
336,10000938,红牛/250ML/12/2022开门红加大礼盒,启用,0.00370,CAR,,,0.00,否,否,否,否,12罐礼盒,,否,否,,,,,否,,,,0.500,红牛,十二罐礼盒,,,,,,2025-01-01,9999-12-31,2026-05-15 10:21:51
337,10000937,红牛/250ML/12/2022开门红礼盒,启用,0.00370,CAR,,,0.00,否,否,否,否,12罐礼盒,,否,否,,,,,否,,,,0.500,红牛,十二罐礼盒,,,,,,2025-01-01,9999-12-31,2026-05-15 10:21:50
338,10000932,红牛/普通型/250ML/24/普通箱内码促销/2021,启用,0.00740,CAR,,,0.00,否,否,否,否,红牛促销型,,否,否,,,,,否,,,,1.000,红牛,红牛促销型,1,,,,,2025-01-01,9999-12-31,2026-05-15 10:20:37
339,10000931,红牛/普通型/250ML/24/箱内码/电子标签/2021,启用,0.00740,CAR,,,0.00,否,否,否,否,红牛促销型,,否,否,,,,,否,,,,1.000,红牛,红牛促销型,1,,,,,2025-01-01,9999-12-31,2026-05-15 10:20:35
340,10000928,红牛/250ML/12/2021双节礼盒,启用,0.00370,CAR,,,0.00,否,否,否,否,12罐礼盒,,否,否,,,,,否,,,,0.500,红牛,十二罐礼盒,,,,,,2025-01-01,9999-12-31,2026-05-15 10:20:34
341,10000914,红牛/250ML/2021/扫码促销/六罐装/缩膜装,启用,0.00185,CAR,,,0.00,否,否,否,否,六联包,,否,否,,,,,否,,,,0.250,红牛,红牛六联包,,,,,,2025-01-01,9999-12-31,2026-05-15 10:20:34
342,10000919,红牛/普通型/250ML/24/1元享红牛/2021,启用,0.00740,CAR,,,0.00,否,否,否,否,红牛促销型,,否,否,,,,,否,,,,1.000,红牛,红牛促销型,1,,,,,2025-01-01,9999-12-31,2026-05-15 10:20:32
343,10000917,红牛/普通型/250ML/24/广东促销/2021,启用,0.00740,CAR,,,0.00,否,否,否,否,红牛促销型,,否,否,,,,,否,,,,1.000,红牛,红牛促销型,1,,,,,2025-01-01,9999-12-31,2026-05-15 10:20:32
344,10000916,红牛/普通型/250ML/24/广东促销-非电子标签/2021,启用,0.00740,CAR,,,0.00,否,否,否,否,红牛促销型,,否,否,,,,,否,,,,1.000,红牛,红牛促销型,1,,,,,2025-01-01,9999-12-31,2026-05-15 10:20:31
345,10000915,红牛/普通型/250ML/24/扫码促销-箱内码/2021,启用,0.00740,CAR,,,0.00,否,否,否,否,红牛促销型,,否,否,,,,,否,,,,1.000,红牛,红牛促销型,1,,,,,2025-01-01,9999-12-31,2026-05-15 10:20:30
346,10000913,红牛/普通型/250ML/24/扫码促销/2021,启用,0.00740,CAR,,,0.00,否,否,否,否,红牛促销型,,否,否,,,,,否,,,,1.000,红牛,红牛促销型,1,,,,,2025-01-01,9999-12-31,2026-05-15 10:20:29
347,10000845,红牛/250ML/2020/1元轻松享/六罐装/缩膜装,启用,0.00185,CAR,,,0.00,否,否,否,否,六联包,,否,否,,,,,否,,,,0.250,红牛,红牛六联包,,,,,,2025-01-01,9999-12-31,2026-05-15 10:20:28
348,10000843,红牛/250ML/2020/扫码促销/六罐装/缩膜装,启用,0.00185,CAR,,,0.00,否,否,否,否,六联包,,否,否,,,,,否,,,,0.250,红牛,红牛六联包,,,,,,2025-01-01,9999-12-31,2026-05-15 10:20:27
349,10000788,红牛/普通型/250ML/2019壹元再享/六罐装/缩膜装,启用,0.00185,CAR,,,0.00,否,否,否,否,六联包,,否,否,,,,,否,,,,0.250,红牛,红牛六联包,1,,,,,2025-01-01,9999-12-31,2026-05-15 10:20:23
350,10000784,红牛/普通型/250ML/2019扫码促销/六罐装/缩膜装,启用,0.00185,CAR,,,0.00,否,否,否,否,六联包,,否,否,,,,,否,,,,0.250,红牛,红牛六联包,1,,,,,2025-01-01,9999-12-31,2026-05-15 10:20:23
351,10000750,红牛/普通型/250ML/2018壹元乐享/六罐装/缩膜装,启用,0.00185,CAR,,,0.00,否,否,否,否,六联包,,否,否,,,,,否,,,,0.250,红牛,红牛六联包,1,,,,,2025-01-01,9999-12-31,2026-05-15 10:20:21
352,10000746,红牛/普通型/250ML/2018扫码促销/六罐装/缩膜装,启用,0.00185,CAR,,,0.00,否,否,否,否,六联包,,否,否,,,,,否,,,,0.250,红牛,红牛六联包,1,,,,,2025-01-01,9999-12-31,2026-05-15 10:20:19
353,10000901,红牛/普通型/250ML/六罐装/26周年,启用,0.00185,CAR,,,0.00,否,否,否,否,六联包,,否,否,,,,,否,,,,0.250,红牛,红牛六联包,1,,,,,2025-01-01,9999-12-31,2026-05-15 10:20:19
354,10000820,红牛/普通型/250ML/六罐装/25周年,启用,0.00185,CAR,,,0.00,否,否,否,否,六联包,,否,否,,,,,否,,,,0.250,红牛,红牛六联包,1,,,,,2025-01-01,9999-12-31,2026-05-15 10:20:18
355,10000387,红牛/普通型/250ML/六罐装/缩膜装,启用,0.00185,CAR,,,0.00,否,否,否,否,六联包,,否,否,,,,,否,,,,0.250,红牛,红牛六联包,1,,,,,2025-01-01,9999-12-31,2026-05-15 10:20:16
356,10000044,红牛维生素功能饮料/牛磺酸强化型/250ml/四罐装,启用,0.00123,CAR,,,0.00,否,否,否,否,强化型,,否,否,,,,,否,,,,0.167,红牛,强化四罐礼盒,2,,,,,2025-01-01,9999-12-31,2026-05-15 10:20:15
357,10000001,红牛/强化型/250ml/蓝色/24,启用,0.00740,CAR,,,0.00,否,否,否,否,强化型,,否,否,,,,,否,,,,1.000,红牛,红牛强化型,2,,,,,2025-01-01,9999-12-31,2026-05-15 10:20:14
358,10000177,红牛/强化型/250ml/蓝色/24/充氮,启用,0.00740,CAR,,,0.00,否,否,否,否,强化型,,否,否,,,,,否,,,,1.000,红牛,红牛强化型,2,,,,,2025-01-01,9999-12-31,2026-05-15 10:20:13
359,10000902,红牛/强化型/250ml/蓝色/24/26周年,启用,0.00740,CAR,,,0.00,否,否,否,否,强化型,,否,否,,,,,否,,,,1.000,红牛,红牛强化型,2,,,,,2025-01-01,9999-12-31,2026-05-15 10:20:12
360,10000822,红牛/强化型/250ml/蓝色/24/25周年,启用,0.00740,CAR,,,0.00,否,否,否,否,强化型,,否,否,,,,,否,,,,1.000,红牛,红牛强化型,2,,,,,2025-01-01,9999-12-31,2026-05-15 10:20:12
361,10000844,红牛/普通型/250ML/24/1元轻松享/2020,启用,0.00740,CAR,,,0.00,否,否,否,否,红牛促销型,,否,否,,,,,否,,,,1.000,红牛,红牛促销型,1,,,,,2025-01-01,9999-12-31,2026-05-15 10:20:10
362,10000787,红牛/普通型/250ML/24/壹元再享/2019,启用,0.00740,CAR,,,0.00,否,否,否,否,红牛促销型,,否,否,,,,,否,,,,1.000,红牛,红牛促销型,1,,,,,2025-01-01,9999-12-31,2026-05-15 10:20:10
363,10000748,红牛/普通型/250ML/24/壹元乐享/2018,启用,0.00740,CAR,,,0.00,否,否,否,否,红牛促销型,,否,否,,,,,否,,,,1.000,红牛,红牛促销型,1,,,,,2025-01-01,9999-12-31,2026-05-15 10:20:09
364,10000832,红牛/普通型/250ML/24/华新扫码-3元箱码/2020,启用,0.00740,CAR,,,0.00,否,否,否,否,红牛促销型,,否,否,,,,,否,,,,1.000,红牛,红牛促销型,1,,,,,2025-01-01,9999-12-31,2026-05-15 10:20:08
365,10000831,红牛/普通型/250ML/24/扫码促销-3元箱码/2020,启用,0.00740,CAR,,,0.00,否,否,否,否,红牛促销型,,否,否,,,,,否,,,,1.000,红牛,红牛促销型,1,,,,,2025-01-01,9999-12-31,2026-05-15 10:20:07
366,10000830,红牛/普通型/250ML/24/扫码促销-2元箱码/2020,启用,0.00740,CAR,,,0.00,否,否,否,否,红牛促销型,,否,否,,,,,否,,,,1.000,红牛,红牛促销型,1,,,,,2025-01-01,9999-12-31,2026-05-15 10:20:07
367,10000794,红牛/普通型/250ML/24/扫码促销-3元纸箱/2019,启用,0.00740,CAR,,,0.00,否,否,否,否,红牛促销型,,否,否,,,,,否,,,,1.000,红牛,红牛促销型,1,,,,,2025-01-01,9999-12-31,2026-05-15 10:20:06
368,10000829,红牛/普通型/250ML/24/扫码促销/2020,启用,0.00740,CAR,,,0.00,否,否,否,否,红牛促销型,,否,否,,,,,否,,,,1.000,红牛,红牛促销型,1,,,,,2025-01-01,9999-12-31,2026-05-15 10:20:05
369,10000783,红牛/普通型/250ML/24/扫码促销/2019,启用,0.00740,CAR,,,0.00,否,否,否,否,红牛促销型,,否,否,,,,,否,,,,1.000,红牛,红牛促销型,1,,,,,2025-01-01,9999-12-31,2026-05-15 10:20:04
370,10000795,红牛/普通型/250ML/24/华新/扫码促销-3元纸箱/2019,启用,0.00740,CAR,,,0.00,否,否,否,否,红牛促销型,,否,否,,,,,否,,,,1.000,红牛,红牛促销型,1,,,,,2025-01-01,9999-12-31,2026-05-15 10:20:03
371,10000785,红牛/普通型/250ML/24/华新/扫码促销/2019,启用,0.00740,CAR,,,0.00,否,否,否,否,红牛促销型,,否,否,,,,,否,,,,1.000,红牛,红牛促销型,1,,,,,2025-01-01,9999-12-31,2026-05-15 10:20:02
372,10000745,红牛/普通型/250ML/24/2018扫码促销/华新专供,启用,0.00740,CAR,,,0.00,否,否,否,否,红牛促销型,,否,否,,,,,否,,,,1.000,红牛,红牛促销型,1,,,,,2025-01-01,9999-12-31,2026-05-15 10:20:00
373,10000744,红牛/普通型/250ML/24/扫码促销/2018,启用,0.00740,CAR,,,0.00,否,否,否,否,红牛促销型,,否,否,,,,,否,,,,1.000,红牛,红牛促销型,1,,,,,2025-01-01,9999-12-31,2026-05-15 10:20:00
374,10000819,红牛/普通型/250ML/24/华新/25周年,启用,0.00740,CAR,,,0.00,否,否,否,否,红牛普通型,,否,否,,,,,否,,,,1.000,红牛,红牛普通型,1,,,,,2025-01-01,9999-12-31,2026-05-15 10:19:59
375,10000163,红牛/普通型/250ml/24/华新/充氮,启用,0.00740,CAR,,,0.00,否,否,否,否,红牛普通型,,否,否,,,,,否,,,,1.000,红牛,红牛普通型,1,,,,,2025-01-01,9999-12-31,2026-05-15 10:19:58
376,10000876,红牛/普通型/250ML/24/华南1元轻松享/2020,启用,0.00740,CAR,,,0.00,否,否,否,否,红牛促销型,,否,否,,,,,否,,,,1.000,红牛,红牛促销型,1,,,,,2025-01-01,9999-12-31,2026-05-15 10:19:58
377,10000875,红牛/普通型/250ML/24/华南促销/2021,启用,0.00740,CAR,,,0.00,否,否,否,否,红牛促销型,,否,否,,,,,否,,,,1.000,红牛,红牛促销型,1,,,,,2025-01-01,9999-12-31,2026-05-15 10:19:57
378,10000869,1,启用,0.00740,CAR,,,0.00,否,否,否,否,红牛促销型,,否,否,,,,,否,,,,1.000,红牛,红牛促销型,,,,,,2025-01-01,9999-12-31,2026-05-15 10:19:56
379,10000766,红牛/普通型/250ML/24/华新2元回收/2018,启用,0.00740,CAR,,,0.00,否,否,否,否,红牛促销型,,否,否,,,,,否,,,,1.000,红牛,红牛促销型,1,,,,,2025-01-01,9999-12-31,2026-05-15 10:19:55
380,10000765,红牛/普通型/250ML/24/南区2元回收/2018,启用,0.00740,CAR,,,0.00,否,否,否,否,红牛促销型,,否,否,,,,,否,,,,1.000,红牛,红牛促销型,1,,,,,2025-01-01,9999-12-31,2026-05-15 10:19:55
381,10000896,红牛/250ML/12/2021开门红专项礼盒,启用,0.00370,CAR,,,0.00,否,否,否,否,12罐礼盒,,否,否,,,,,否,,,,0.500,红牛,十二罐礼盒,,,,,,2025-01-01,9999-12-31,2026-05-15 10:19:54
382,10000895,红牛/250ML/12/2021开门红礼盒,启用,0.00370,CAR,,,0.00,否,否,否,否,12罐礼盒,,否,否,,,,,否,,,,0.500,红牛,十二罐礼盒,,,,,,2025-01-01,9999-12-31,2026-05-15 10:19:52
383,10000864,红牛/250ML/24/专供型,启用,0.00740,CAR,,,0.00,否,否,否,否,红牛普通型,,否,否,,,,,否,,,,1.000,红牛,红牛普通型,,,,,,2025-01-01,9999-12-31,2026-05-15 10:19:52
384,10000900,红牛/250ML/24/26周年纪念装,启用,0.00740,CAR,,,0.00,否,否,否,否,红牛普通型,,否,否,,,,,否,,,,1.000,红牛,红牛普通型,,,,,,2025-01-01,9999-12-31,2026-05-15 10:19:51
385,10000818,红牛/250ML/24/25周年纪念装,启用,0.00740,CAR,,,0.00,否,否,否,否,红牛普通型,,否,否,,,,,否,,,,1.000,红牛,红牛普通型,,,,,,2025-01-01,9999-12-31,2026-05-15 10:19:50
386,10000002,红牛/普通型/250ml/24/非卖品,启用,0.00740,CAR,,,0.00,否,否,否,否,红牛普通型,,否,否,,,,,否,,,,1.000,红牛,红牛普通型,1,,,,,2025-01-01,9999-12-31,2026-05-15 10:19:50
387,10000813,红牛/普通型/250ml/24,启用,0.00740,CAR,,,0.00,否,否,否,否,红牛普通型,,否,否,,,,,否,,,,1.000,红牛,红牛普通型,1,,,,,2025-01-01,9999-12-31,2026-05-15 10:19:49
388,10001188,红牛维生素功能饮料/普通型/250ML/24/31周年纪念装,启用,0.00740,CAR,112.80,2.15,0.00,否,否,否,否,红牛普通型,,否,否,,,,,否,,,,1.000,红牛,红牛普通型,1,,,,,2025-01-01,9999-12-31,2026-05-15 10:05:10
389,10001199,红牛维生素功能饮料/普通型/250ML/24/普通箱内码/2026,启用,,CAR,,,0.00,否,否,否,否,箱内码促销,,否,否,,,,,否,,,,1.000,红牛,红牛促销型,,,,,,2025-01-01,9999-12-31,2026-05-15 09:45:58
