序号,仓库,仓库代码,卸货点,装运条件,物流商名称,物流商编码,有效期起,有效期止,仓库地址,围栏状态,围栏半径米
1,济南,2017,2017 济南数据在线,87,北京汇宇国际供应链管理有限公司,18000225,2023-12-01,2099-12-31,济南,启用,5000
2,奥瑞金战马,0098,0098 咸宁基地,29,北京畅翔国际供应链管理有限公司,18000218,2024-12-01,2099-12-31,咸宁,启用,5000
3,青岛,2018,2018 青岛数据在线,88,北京汇宇国际供应链管理有限公司,18000225,2023-11-01,2099-12-31,青岛,启用,5000
4,天津,2047,2047 天津数据在线,C4,北京晶达国际供应链管理有限公司,18000224,2024-11-01,2099-12-31,天津,启用,5000
5,合肥,2025,2025 合肥数据在线,A1,北京驰宁国际供应链管理有限公司,18000223,2024-11-01,2099-12-31,合肥,启用,5000
6,兰州,2012,2012 兰州数据在线,81,北京通源达国际供应链管理有限公司,18000220,2020-11-01,2099-12-31,兰州,启用,5000
7,石家庄,2050,2050 石家庄数据在线,C8,北京晶达国际供应链管理有限公司,18000224,2020-11-01,2099-12-31,石家庄,启用,5000
8,乌鲁木齐,2011,2011 乌鲁木齐数据在线,80,北京通源达国际供应链管理有限公司,18000220,2021-11-01,2099-12-31,乌鲁木齐,启用,5000
9,驻马店,2010,2010 驻马店数据在线,76,北京汇宇国际供应链管理有限公司,18000225,2022-11-01,2099-12-31,驻马店,启用,5000
10,西安,2013,2013 西安数据在线,82,北京畅翔国际供应链管理有限公司,18000218,2023-10-01,2099-12-31,西安,启用,5000
11,郑州,2009,2009 郑州数据在线,75,北京畅翔国际供应链管理有限公司,18000218,2025-11-12,2031-11-30,郑州,启用,5000
12,山姆武汉,SM05,SM05 山姆武汉仓,,北京联悦国际供应链管理有限公司,18000226,2023-01-01,9999-12-31,山姆武汉,未启用,
13,山姆成都,SM04,SM04 山姆成都仓,,北京联悦国际供应链管理有限公司,18000226,2023-01-01,9999-12-31,成都,未启用,
14,山姆惠州,SM03,SM03 山姆惠州仓,,北京联悦国际供应链管理有限公司,18000226,2023-01-01,9999-12-31,惠州市,未启用,
15,山姆天津,SM02,SM02 山姆天津仓,,北京联悦国际供应链管理有限公司,18000226,2023-01-01,9999-12-31,山姆天津,未启用,
16,山姆嘉兴,SM01,SM01 山姆嘉兴仓,,北京联悦国际供应链管理有限公司,18000226,2023-01-01,9999-12-31,山姆嘉兴,未启用,
17,电商沈阳,DS07,DS07 电商沈阳,,北京联悦国际供应链管理有限公司,18000226,2023-01-01,9999-12-31,沈阳市,未启用,
18,电商济南,DS06,DS06 电商济南,,北京联悦国际供应链管理有限公司,18000226,2023-01-01,9999-12-31,济南市,未启用,
19,电商成都,DS05,DS05 电商成都,,北京联悦国际供应链管理有限公司,18000226,2023-01-01,9999-12-31,成都市,未启用,
20,电商武汉,DS04,DS04 电商武汉,,北京联悦国际供应链管理有限公司,18000226,2023-01-01,9999-12-31,武汉市,未启用,
21,电商广州,DS03,DS03 电商广州,,北京联悦国际供应链管理有限公司,18000226,2023-01-01,9999-12-31,广州市,未启用,
22,电商天津,DS02,DS02 电商天津,,北京联悦国际供应链管理有限公司,18000226,2023-01-01,9999-12-31,天津市,未启用,
23,电商南京,DS01,DS01 电商南京,,北京联悦国际供应链管理有限公司,18000226,2023-01-01,9999-12-31,南京市,未启用,
24,天猫佛山,9017,9017 天猫佛山,,北京联悦国际供应链管理有限公司,18000226,2023-01-01,9999-12-31,天猫佛山,未启用,
25,天猫苏州,9018,9018 天猫苏州,,北京联悦国际供应链管理有限公司,18000226,2023-01-01,9999-12-31,苏州市,未启用,
26,天猫东莞,9015,9015 天猫东莞,,北京联悦国际供应链管理有限公司,18000226,2023-01-01,9999-12-31,天猫东莞,未启用,
27,天猫长沙,9014,9014 天猫长沙,,北京联悦国际供应链管理有限公司,18000226,2023-01-01,9999-12-31,长沙市,未启用,
28,天猫广州,9008,9008 天猫广州,,北京联悦国际供应链管理有限公司,18000226,2023-01-01,9999-12-31,广州市,未启用,
29,天猫上海,9007,9007 天猫上海,,北京联悦国际供应链管理有限公司,18000226,2023-01-01,9999-12-31,天猫上海,未启用,
30,天猫南京,9016,9007 天猫南京,,北京联悦国际供应链管理有限公司,18000226,2023-01-01,9999-12-31,天猫甄选家具集合店,未启用,
31,天猫天津,9011,9011 天猫天津,,北京联悦国际供应链管理有限公司,18000226,2023-01-01,9999-12-31,天猫国际旗舰店,未启用,
32,西宁,2016,2016 西宁数据在线,85,北京通源达国际供应链管理有限公司,18000220,2023-01-01,9999-12-31,西宁市,未启用,
33,库尔勒,2015,2015 库尔勒数据在线,84,北京通源达国际供应链管理有限公司,18000220,2023-01-01,9999-12-31,库尔勒,未启用,
34,包头,2008,2008 包头数据在线,,北京晶达国际供应链管理有限公司,18000224,2023-01-01,9999-12-31,包头,未启用,
35,长春,2007,2007 长春数据在线,,北京晶达国际供应链管理有限公司,18000224,2023-01-01,9999-12-31,长春,未启用,
36,哈尔滨,2006,2006 哈尔滨数据在线,,北京晶达国际供应链管理有限公司,18000224,2023-01-01,9999-12-31,哈尔滨市,未启用,
37,沈阳,2005,2005 沈阳数据在线,,北京晶达国际供应链管理有限公司,18000224,2023-01-01,9999-12-31,沈阳,未启用,
38,北京,2003,2003 北京数据在线,,北京晶达国际供应链管理有限公司,18000224,2023-01-01,9999-12-31,北京市,未启用,
39,太原,2002,2002 太原数据在线,,北京晶达国际供应链管理有限公司,18000224,2023-01-01,9999-12-31,太原市,未启用,
40,金华,2021,2021 金华数据在线,,北京驰宁国际供应链管理有限公司,18000223,2018-11-01,2099-12-31,金华,启用,5000
41,台州,2022,2022 台州数据在线,,数据在线,18000218,2019-09-01,2099-12-31,台州,启用,5000
42,成都,2036,2036 成都数据在线,,毅远（北京）国际供应链管理有限公司,18000203,2020-08-05,2099-12-31,成都,启用,5000
43,大理,2027,2027 大理数据在线,A3,北京天华伟业供应链管理有限公司,18000219,2023-08-05,2049-08-05,大理,启用,5000
44,贵阳,2029,2029 贵阳数据在线,,北京金达恒通供应链管理有限公司,18000221,2023-08-05,2049-08-05,贵阳,启用,5000
45,和田,2048,2048 和田数据在线,,北京慧通达国际供应链管理有限公司,18000204,2023-08-05,2049-08-05,和田,启用,5000
46,喀什,2014,2014 喀什数据在线,83,毅远（北京）国际供应链管理有限公司,18000203,2020-08-05,2099-12-31,喀什,启用,5000
47,昆明,2026,2026 昆明数据在线,,北京天华伟业供应链管理有限公司,18000219,2023-08-01,2059-08-01,昆明,启用,5000
48,南充,2037,2037 南充数据在线,B4,北京天华伟业供应链管理有限公司,18000219,2023-10-01,2029-08-01,南充,启用,5000
49,重庆,2028,2028 重庆数据在线,A4,北京天华伟业供应链管理有限公司,18000219,2023-08-01,2041-08-31,重庆,启用,5000
50,遵义,2030,2030 遵义数据在线,A6,北京金达恒通供应链管理有限公司,18000221,2023-08-01,2032-08-31,遵义,启用,5000
51,贵州基地,0091,0091 贵州基地,,毅远（北京）国际供应链管理有限公司,18000203,2023-08-01,2099-12-31,华彬快速消费品饮料（贵州）有限公司,未启用,1
52,厦门,0090,0090 厦门基地,,深圳睿通供应链管理有限公司,18000117,2023-01-01,9999-12-31,厦门基地,未启用,
53,上海,2024,2024 上海数据在线,99,北京德润平安供应链管理有限公司,18000206,2023-01-01,9999-12-31,上海红牛仓库,未启用,
54,南京,2023,2023 南京数据在线,98,北京德润平安供应链管理有限公司,18000206,2023-01-01,9999-12-31,红牛仓库,未启用,1
55,湖北奥瑞金,0098,0098 咸宁基地,,北京厚朴国际运输代理有限公司,18000207,2024-05-01,2099-12-31,奥瑞金,未启用,
56,宜兴,0094,0094 江苏宜兴基地,,北京德润平安供应链管理有限公司,18000206,2024-05-01,2099-12-31,宜兴红牛基地,未启用,1
57,拉萨,XZ01,XZ01 西藏库位,29,北京厚朴国际运输代理有限公司,18000207,2024-05-18,2027-05-01,布达拉宫,未启用,
58,杭州,2020,2020 杭州数据在线,95,北京德润平安供应链管理有限公司,18000206,2024-04-07,9999-12-31,临平大道9号杭州易商大东南物流园B区1-15至21红牛库,启用,500
59,淮安,2019,2019 淮安数据在线,92,北京驰宁国际供应链管理有限公司,18000223,2024-04-01,2032-11-17,万科红立方大厦,启用,500
60,咸宁基地,0098,0098 咸宁基地,29,北京厚朴国际运输代理有限公司,18000207,2023-01-01,9999-12-31,红牛维他命饮料有限公司,启用,500
61,汕头,6004,6004 汕头睿通,94,深圳睿通供应链管理有限公司,18000117,2023-01-01,9999-12-31,汕头市百捷储运有限公司,启用,500
62,湛江,6003,6003 湛江睿通,93,深圳睿通供应链管理有限公司,18000117,2023-01-01,9999-12-31,京东仓库,启用,500
63,泉州,6002,6002 泉州睿通,91,深圳睿通供应链管理有限公司,18000117,2023-01-01,9999-12-31,浔美工业区,启用,500
64,福州,6001,6001 福州睿通,90,深圳睿通供应链管理有限公司,18000117,2023-01-01,9999-12-31,红牛仓库,未启用,500
65,贵港,2045,2045 贵港数据在线,C3,华源世纪（北京）国际供应链管理有限公司,18000205,2023-01-01,9999-12-31,南平路33号,启用,500
66,柳州,2044,2044 柳州数据在线,C2,华源世纪（北京）国际供应链管理有限公司,18000205,2023-01-01,9999-12-31,广西长乐物流园,启用,500
67,南宁,2043,2043 南宁数据在线,C1,华源世纪（北京）国际供应链管理有限公司,18000205,2023-01-01,9999-12-31,五一西路78号,启用,500
68,海口,2042,2042 海口数据在线,B9,北京慧通达国际供应链管理有限公司,18000204,2023-01-01,9999-12-31,兴海路19号,启用,500
69,东莞,2041,2041 东莞数据在线,B8,北京慧通达国际供应链管理有限公司,18000204,2023-01-01,9999-12-31,东莞市贝诺保温材料有限公司,启用,500
70,深圳,2040,2040 深圳数据在线,B7,北京慧通达国际供应链管理有限公司,18000204,2023-01-01,9999-12-31,松白路2990号,启用,500
71,三水,2039,2039 广州数据在线,B6,北京慧通达国际供应链管理有限公司,18000204,2023-01-01,9999-12-31,瑞其仓库,启用,500
72,三水外仓,2039,2039 广州数据在线,B6,北京慧通达国际供应链管理有限公司,18000204,2023-01-01,9999-12-31,瑞其仓库,启用,500
73,广州,2039,2039 广州数据在线,B6,北京慧通达国际供应链管理有限公司,18000204,2023-01-01,9999-12-31,瑞其仓库,启用,500
74,赣州,2053,2053 赣州数据在线,D4,北京德润平安供应链管理有限公司,18000206,2023-01-01,9999-12-31,弘森(北区),启用,500
75,南昌,2038,2038 南昌数据在线,B5,北京德润平安供应链管理有限公司,18000206,2023-01-01,9999-12-31,金沙二路,启用,500
76,荆州,2035,2035 荆州数据在线,B2,华源世纪（北京）国际供应链管理有限公司,18000205,2023-01-01,9999-12-31,江津东路95号,启用,500
77,衡阳,2034,2034 衡阳数据在线,B1,华源世纪（北京）国际供应链管理有限公司,18000205,2023-01-01,9999-12-31,无锡市汇健物流有限公司,启用,500
78,邵阳,2033,2033 邵阳数据在线,A9,华源世纪（北京）国际供应链管理有限公司,18000205,2023-01-01,9999-12-31,火车北站兴隆家私城,启用,500
79,长沙,2032,2032 长沙数据在线,A8,华源世纪（北京）国际供应链管理有限公司,18000205,2023-01-01,9999-12-31,中脉laca形体管理会所,启用,500
80,武汉,2031,2031 武汉数据在线,A7,华源世纪（北京）国际供应链管理有限公司,18000205,2023-01-01,9999-12-31,荷沙路,启用,500
81,三水基地,0095,0095 佛山基地,42,北京慧通达国际供应链管理有限公司,18000204,2023-01-01,9999-12-31,红牛路81号,启用,500
