序号,审批状态,主键ID,技术标准版本号,启禁状态,物料编码,商品名称,品牌,物料大类,适用生产基地代码,适用生产基地名称,检测项目代码,检验项目,是否判定,检测时间,检测频率,计算方式,取样部门,检测部门,定量定性,检测单元数量,检测单元单位,样本来源,取样数量,取样单位,检测次数,检测内容,检测仪器,指标要求,检测指标单位,下限,上限,修约方式,小数精确位数,异常处理最低不合格量,异常结果显示,检测方法,超标处理方案,备注,有效期起,有效期止,主键ID版本号
1,待审批,ZSWH0001,,,,,,,,,,定量检验,,None,,,,,,100,,,,,,,,普通型：350～500mg/L,,350.0000,500.0000,1,,,,,,None,,,001
2,待审批,ZSWH0042,,,,,,,,,,定量检验,,None,,,,,,100,,,,,,,,普通型：350～500mg/L,,350.0000,500.0000,1,,,,,,None,,,001
3,待审批,ZSWH0043,,,,,,,,,,定量检验,,None,,,,,,100,,,,,,,,普通型：350～500mg/L,,350.0000,500.0000,1,,,,,,None,,,001
4,待审批,ZSWH0044,,,,,,,,,,定量检验,,None,,,,,,100,,,,,,,,强化型：3700～4800mg/L,,3700.0000,4800.0000,1,,,,,,None,,,001
5,待审批,ZSWH0045,,,,,,,,,,定量检验,,None,,,,,,100,,,,,,,,普通型：28～40mg/L,,28.0000,40.0000,1,,,,,,None,,,001
6,待审批,ZSWH0046,,,,,,,,,,定量检验,,None,,,,,,100,,,,,,,,普通型：28～40mg/L,,28.0000,40.0000,1,,,,,,None,,,001
7,待审批,ZSWH0047,,,,,,,,,,定量检验,,None,,,,,,100,,,,,,,,普通型：28～40mg/L,,28.0000,40.0000,1,,,,,,None,,,001
8,待审批,ZSWH0048,,,,,,,,,,定量检验,,None,,,,,,100,,,,,,,,强化型：35～63mg/L,,35.0000,63.0000,1,,,,,,None,,,001
9,待审批,ZSWH0049,,,,,,,,,,定量检验,,None,,,,,,100,,,,,,,,普通型：2.8～4.0mg/L,,2.8000,4.0000,1,,,,,,None,,,001
10,待审批,ZSWH0050,,,,,,,,,,定量检验,,None,,,,,,100,,,,,,,,普通型：2.8～4.0mg/L,,2.8000,4.0000,1,,,,,,None,,,001
11,待审批,ZSWH0051,,,,,,,,,,定量检验,,None,,,,,,100,,,,,,,,普通型：2.8～4.0mg/L,,2.8000,4.0000,1,,,,,,None,,,001
12,待审批,ZSWH0052,,,,,,,,,,定量检验,,None,,,,,,100,,,,,,,,强化型：3.7～6.7mg/L,,3.7000,6.7000,1,,,,,,None,,,001
13,待审批,ZSWH0053,,,,,,,,,,定量检验,,None,,,,,,100,,,,,,,,普通型：140～200mg/L,,140.0000,200.0000,1,,,,,,None,,,001
14,待审批,ZSWH0054,,,,,,,,,,定量检验,,None,,,,,,100,,,,,,,,普通型：140～200mg/L,,140.0000,200.0000,1,,,,,,None,,,001
15,待审批,ZSWH0055,,,,,,,,,,定量检验,,None,,,,,,100,,,,,,,,普通型：140～200mg/L,,140.0000,200.0000,1,,,,,,None,,,001
16,待审批,ZSWH0056,,,,,,,,,,定量检验,,None,,,,,,100,,,,,,,,强化型：130～200mg/L,,130.0000,200.0000,1,,,,,,None,,,001
17,待审批,ZSWH0057,,,,,,,,,,定量检验,,None,,,,,,100,,,,,,,,≤0.1g/L,,0.0000,0.1000,1,,,,,,None,,,001
18,待审批,ZSWH0058,,,,,,,,,,定量检验,,None,,,,,,100,,,,,,,,≤0.05g/L,,0.0000,0.0500,1,,,,,,None,,,001
19,待审批,ZSWH0059,,,,,,,,,,定量检验,,None,,,,,,100,,,,,,,,≤0.2g/L,,0.0000,0.2000,1,,,,,,None,,,001
20,待审批,ZSWH0060,,,,,,,,,,定量检验,,None,,,,,,100,,,,,,,,≤0.3mg/L,,0.0000,0.3000,1,,,,,,None,,,001
21,待审批,ZSWH0061,,,,,,,,,,定量检验,,None,,,,,,100,,,,,,,,≤0.3mg/L,,0.0000,0.3000,1,,,,,,None,,,001
22,待审批,ZSWH0062,,,,,,,,,,定量检验,,None,,,,,,100,,,,,,,,普通型：140～200mg/L,,140.0000,200.0000,1,,,,,,None,,,001
23,待审批,ZSWH0063,,,,,,,,,,定量检验,,None,,,,,,100,,,,,,,,普通型：140～200mg/L,,140.0000,200.0000,1,,,,,,None,,,001
24,待审批,ZSWH0064,,,,,,,,,,定量检验,,None,,,,,,100,,,,,,,,普通型：140～200mg/L,,140.0000,200.0000,1,,,,,,None,,,001
25,待审批,ZSWH0065,,,,,,,,,,定量检验,,None,,,,,,100,,,,,,,,强化型：170～306mg/L,,170.0000,306.0000,1,,,,,,None,,,001
26,待审批,ZSWH0066,,,,,,,,,,定量检验,,None,,,,,,100,,,,,,,,普通型：140～200mg/L,,140.0000,200.0000,1,,,,,,None,,,001
27,待审批,ZSWH0067,,,,,,,,,,定量检验,,None,,,,,,100,,,,,,,,普通型：140～200mg/L,,140.0000,200.0000,1,,,,,,None,,,001
28,待审批,ZSWH0068,,,,,,,,,,定量检验,,None,,,,,,100,,,,,,,,普通型：140～200mg/L,,140.0000,200.0000,1,,,,,,None,,,001
29,待审批,ZSWH0069,,,,,,,,,,定量检验,,None,,,,,,100,,,,,,,,强化型：160～260mg/L,,160.0000,260.0000,1,,,,,,None,,,001
30,待审批,ZSWH0070,,,,,,,,,,定量检验,,None,,,,,,100,,,,,,,,普通型：350～500mg/L,,350.0000,500.0000,1,,,,,,None,,,001
31,待审批,ZSWH0071,,,,,,,,,,定量检验,,None,,,,,,100,,,,,,,,普通型：350～500mg/L,,350.0000,500.0000,1,,,,,,None,,,001
32,待审批,ZSWH0072,,,,,,,,,,定量检验,,None,,,,,,100,,,,,,,,普通型：350～500mg/L,,350.0000,500.0000,1,,,,,,None,,,001
33,待审批,ZSWH0073,,,,,,,,,,定量检验,,None,,,,,,100,,,,,,,,强化型：3700～4800mg/L,,3700.0000,4800.0000,1,,,,,,None,,,001
34,待审批,ZSWH0074,,,,,,,,,,定量检验,,None,,,,,,100,,,,,,,,普通型：28～40mg/L,,28.0000,40.0000,1,,,,,,None,,,001
35,待审批,ZSWH0075,,,,,,,,,,定量检验,,None,,,,,,100,,,,,,,,普通型：28～40mg/L,,28.0000,40.0000,1,,,,,,None,,,001
36,待审批,ZSWH0076,,,,,,,,,,定量检验,,None,,,,,,100,,,,,,,,普通型：28～40mg/L,,28.0000,40.0000,1,,,,,,None,,,001
37,待审批,ZSWH0077,,,,,,,,,,定量检验,,None,,,,,,100,,,,,,,,强化型：35～63mg/L,,35.0000,63.0000,1,,,,,,None,,,001
38,待审批,ZSWH0078,,,,,,,,,,定量检验,,None,,,,,,100,,,,,,,,普通型：2.8～4.0mg/L,,2.8000,4.0000,1,,,,,,None,,,001
39,待审批,ZSWH0079,,,,,,,,,,定量检验,,None,,,,,,100,,,,,,,,普通型：2.8～4.0mg/L,,2.8000,4.0000,1,,,,,,None,,,001
40,待审批,ZSWH0080,,,,,,,,,,定量检验,,None,,,,,,100,,,,,,,,普通型：2.8～4.0mg/L,,2.8000,4.0000,1,,,,,,None,,,001
41,待审批,ZSWH0081,,,,,,,,,,定量检验,,None,,,,,,100,,,,,,,,强化型：3.7～6.7mg/L,,3.7000,6.7000,1,,,,,,None,,,001
42,待审批,ZSWH0082,,,,,,,,,,定量检验,,None,,,,,,100,,,,,,,,普通型：140～200mg/L,,140.0000,200.0000,1,,,,,,None,,,001
43,待审批,ZSWH0083,,,,,,,,,,定量检验,,None,,,,,,100,,,,,,,,普通型：140～200mg/L,,140.0000,200.0000,1,,,,,,None,,,001
44,待审批,ZSWH0084,,,,,,,,,,定量检验,,None,,,,,,100,,,,,,,,普通型：140～200mg/L,,140.0000,200.0000,1,,,,,,None,,,001
45,待审批,ZSWH0085,,,,,,,,,,定量检验,,None,,,,,,100,,,,,,,,强化型：130～200mg/L,,130.0000,200.0000,1,,,,,,None,,,001
46,待审批,ZSWH0086,,,,,,,,,,定量检验,,None,,,,,,100,,,,,,,,≤0.1g/L,,0.0000,0.1000,1,,,,,,None,,,001
47,待审批,ZSWH0087,,,,,,,,,,定量检验,,None,,,,,,100,,,,,,,,≤0.05g/L,,0.0000,0.0500,1,,,,,,None,,,001
48,待审批,ZSWH0088,,,,,,,,,,定量检验,,None,,,,,,100,,,,,,,,≤0.2g/L,,0.0000,0.2000,1,,,,,,None,,,001
49,待审批,ZSWH0089,,,,,,,,,,定量检验,,None,,,,,,100,,,,,,,,≤0.3mg/L,,0.0000,0.3000,1,,,,,,None,,,001
50,待审批,ZSWH0090,,,,,,,,,,定量检验,,None,,,,,,100,,,,,,,,≤0.3mg/L,,0.0000,0.3000,1,,,,,,None,,,001
51,待审批,ZSWH0091,,,,,,,,,,定量检验,,None,,,,,,100,,,,,,,,普通型：140～200mg/L,,140.0000,200.0000,1,,,,,,None,,,001
52,待审批,ZSWH0092,,,,,,,,,,定量检验,,None,,,,,,100,,,,,,,,普通型：140～200mg/L,,140.0000,200.0000,1,,,,,,None,,,001
53,待审批,ZSWH0093,,,,,,,,,,定量检验,,None,,,,,,100,,,,,,,,普通型：140～200mg/L,,140.0000,200.0000,1,,,,,,None,,,001
54,待审批,ZSWH0094,,,,,,,,,,定量检验,,None,,,,,,100,,,,,,,,强化型：170～306mg/L,,170.0000,306.0000,1,,,,,,None,,,001
55,待审批,ZSWH0095,,,,,,,,,,定量检验,,None,,,,,,100,,,,,,,,普通型：140～200mg/L,,140.0000,200.0000,1,,,,,,None,,,001
56,待审批,ZSWH0096,,,,,,,,,,定量检验,,None,,,,,,100,,,,,,,,普通型：140～200mg/L,,140.0000,200.0000,1,,,,,,None,,,001
57,待审批,ZSWH0097,,,,,,,,,,定量检验,,None,,,,,,100,,,,,,,,普通型：140～200mg/L,,140.0000,200.0000,1,,,,,,None,,,001
58,待审批,ZSWH0098,,,,,,,,,,定量检验,,None,,,,,,100,,,,,,,,强化型：160～260mg/L,,160.0000,260.0000,1,,,,,,None,,,001
59,待审批,ZSWH0099,,,,,,,,,,定量检验,,None,,,,,,100,,,,,,,,普通型：350～500mg/L,,350.0000,500.0000,1,,,,,,None,,,001
60,待审批,ZSWH0100,,,,,,,,,,定量检验,,None,,,,,,100,,,,,,,,普通型：350～500mg/L,,350.0000,500.0000,1,,,,,,None,,,001
61,待审批,ZSWH0101,,,,,,,,,,定量检验,,None,,,,,,100,,,,,,,,普通型：350～500mg/L,,350.0000,500.0000,1,,,,,,None,,,001
62,待审批,ZSWH0102,,,,,,,,,,定量检验,,None,,,,,,100,,,,,,,,强化型：3700～4800mg/L,,3700.0000,4800.0000,1,,,,,,None,,,001
63,待审批,ZSWH0103,,,,,,,,,,定量检验,,None,,,,,,100,,,,,,,,普通型：28～40mg/L,,28.0000,40.0000,1,,,,,,None,,,001
64,待审批,ZSWH0104,,,,,,,,,,定量检验,,None,,,,,,100,,,,,,,,普通型：28～40mg/L,,28.0000,40.0000,1,,,,,,None,,,001
65,待审批,ZSWH0105,,,,,,,,,,定量检验,,None,,,,,,100,,,,,,,,普通型：28～40mg/L,,28.0000,40.0000,1,,,,,,None,,,001
66,待审批,ZSWH0106,,,,,,,,,,定量检验,,None,,,,,,100,,,,,,,,强化型：35～63mg/L,,35.0000,63.0000,1,,,,,,None,,,001
67,待审批,ZSWH0107,,,,,,,,,,定量检验,,None,,,,,,100,,,,,,,,普通型：2.8～4.0mg/L,,2.8000,4.0000,1,,,,,,None,,,001
68,待审批,ZSWH0108,,,,,,,,,,定量检验,,None,,,,,,100,,,,,,,,普通型：2.8～4.0mg/L,,2.8000,4.0000,1,,,,,,None,,,001
69,待审批,ZSWH0109,,,,,,,,,,定量检验,,None,,,,,,100,,,,,,,,普通型：2.8～4.0mg/L,,2.8000,4.0000,1,,,,,,None,,,001
70,待审批,ZSWH0110,,,,,,,,,,定量检验,,None,,,,,,100,,,,,,,,强化型：3.7～6.7mg/L,,3.7000,6.7000,1,,,,,,None,,,001
71,待审批,ZSWH0111,,,,,,,,,,定量检验,,None,,,,,,100,,,,,,,,普通型：140～200mg/L,,140.0000,200.0000,1,,,,,,None,,,001
72,待审批,ZSWH0112,,,,,,,,,,定量检验,,None,,,,,,100,,,,,,,,普通型：140～200mg/L,,140.0000,200.0000,1,,,,,,None,,,001
73,待审批,ZSWH0113,,,,,,,,,,定量检验,,None,,,,,,100,,,,,,,,普通型：140～200mg/L,,140.0000,200.0000,1,,,,,,None,,,001
74,待审批,ZSWH0114,,,,,,,,,,定量检验,,None,,,,,,100,,,,,,,,强化型：130～200mg/L,,130.0000,200.0000,1,,,,,,None,,,001
75,待审批,ZSWH0115,,,,,,,,,,定量检验,,None,,,,,,100,,,,,,,,≤0.1g/L,,0.0000,0.1000,1,,,,,,None,,,001
76,待审批,ZSWH0116,,,,,,,,,,定量检验,,None,,,,,,100,,,,,,,,≤0.05g/L,,0.0000,0.0500,1,,,,,,None,,,001
77,待审批,ZSWH0117,,,,,,,,,,定量检验,,None,,,,,,100,,,,,,,,≤0.2g/L,,0.0000,0.2000,1,,,,,,None,,,001
78,待审批,ZSWH0118,,,,,,,,,,定量检验,,None,,,,,,100,,,,,,,,≤0.3mg/L,,0.0000,0.3000,1,,,,,,None,,,001
79,待审批,ZSWH0119,,,,,,,,,,定量检验,,None,,,,,,100,,,,,,,,≤0.3mg/L,,0.0000,0.3000,1,,,,,,None,,,001
80,待审批,ZSWH0120,,,,,,,,,,定量检验,,None,,,,,,100,,,,,,,,普通型：140～200mg/L,,140.0000,200.0000,1,,,,,,None,,,001
81,待审批,ZSWH0121,,,,,,,,,,定量检验,,None,,,,,,100,,,,,,,,普通型：140～200mg/L,,140.0000,200.0000,1,,,,,,None,,,001
82,待审批,ZSWH0122,,,,,,,,,,定量检验,,None,,,,,,100,,,,,,,,普通型：140～200mg/L,,140.0000,200.0000,1,,,,,,None,,,001
83,待审批,ZSWH0123,,,,,,,,,,定量检验,,None,,,,,,100,,,,,,,,强化型：170～306mg/L,,170.0000,306.0000,1,,,,,,None,,,001
84,待审批,ZSWH0124,,,,,,,,,,定量检验,,None,,,,,,100,,,,,,,,普通型：140～200mg/L,,140.0000,200.0000,1,,,,,,None,,,001
85,待审批,ZSWH0125,,,,,,,,,,定量检验,,None,,,,,,100,,,,,,,,普通型：140～200mg/L,,140.0000,200.0000,1,,,,,,None,,,001
86,待审批,ZSWH0126,,,,,,,,,,定量检验,,None,,,,,,100,,,,,,,,普通型：140～200mg/L,,140.0000,200.0000,1,,,,,,None,,,001
87,待审批,ZSWH0127,,,,,,,,,,定量检验,,None,,,,,,100,,,,,,,,强化型：160～260mg/L,,160.0000,260.0000,1,,,,,,None,,,001
88,待审批,ZSWH0128,,,,,,,,,,定量检验,,None,,,,,,100,,,,,,,,普通型：350～500mg/L,,350.0000,500.0000,1,,,,,,None,,,001
89,待审批,ZSWH0129,,,,,,,,,,定量检验,,None,,,,,,100,,,,,,,,普通型：350～500mg/L,,350.0000,500.0000,1,,,,,,None,,,001
90,待审批,ZSWH0130,,,,,,,,,,定量检验,,None,,,,,,100,,,,,,,,普通型：350～500mg/L,,350.0000,500.0000,1,,,,,,None,,,001
91,待审批,ZSWH0131,,,,,,,,,,定量检验,,None,,,,,,100,,,,,,,,强化型：3700～4800mg/L,,3700.0000,4800.0000,1,,,,,,None,,,001
92,待审批,ZSWH0132,,,,,,,,,,定量检验,,None,,,,,,100,,,,,,,,普通型：28～40mg/L,,28.0000,40.0000,1,,,,,,None,,,001
93,待审批,ZSWH0133,,,,,,,,,,定量检验,,None,,,,,,100,,,,,,,,普通型：28～40mg/L,,28.0000,40.0000,1,,,,,,None,,,001
94,待审批,ZSWH0134,,,,,,,,,,定量检验,,None,,,,,,100,,,,,,,,普通型：28～40mg/L,,28.0000,40.0000,1,,,,,,None,,,001
95,待审批,ZSWH0135,,,,,,,,,,定量检验,,None,,,,,,100,,,,,,,,强化型：35～63mg/L,,35.0000,63.0000,1,,,,,,None,,,001
96,待审批,ZSWH0136,,,,,,,,,,定量检验,,None,,,,,,100,,,,,,,,普通型：2.8～4.0mg/L,,2.8000,4.0000,1,,,,,,None,,,001
97,待审批,ZSWH0137,,,,,,,,,,定量检验,,None,,,,,,100,,,,,,,,普通型：2.8～4.0mg/L,,2.8000,4.0000,1,,,,,,None,,,001
98,待审批,ZSWH0138,,,,,,,,,,定量检验,,None,,,,,,100,,,,,,,,普通型：2.8～4.0mg/L,,2.8000,4.0000,1,,,,,,None,,,001
99,待审批,ZSWH0139,,,,,,,,,,定量检验,,None,,,,,,100,,,,,,,,强化型：3.7～6.7mg/L,,3.7000,6.7000,1,,,,,,None,,,001
100,待审批,ZSWH0140,,,,,,,,,,定量检验,,None,,,,,,100,,,,,,,,普通型：140～200mg/L,,140.0000,200.0000,1,,,,,,None,,,001
101,待审批,ZSWH0141,,,,,,,,,,定量检验,,None,,,,,,100,,,,,,,,普通型：140～200mg/L,,140.0000,200.0000,1,,,,,,None,,,001
102,待审批,ZSWH0142,,,,,,,,,,定量检验,,None,,,,,,100,,,,,,,,普通型：140～200mg/L,,140.0000,200.0000,1,,,,,,None,,,001
103,待审批,ZSWH0143,,,,,,,,,,定量检验,,None,,,,,,100,,,,,,,,强化型：130～200mg/L,,130.0000,200.0000,1,,,,,,None,,,001
104,待审批,ZSWH0144,,,,,,,,,,定量检验,,None,,,,,,100,,,,,,,,≤0.1g/L,,0.0000,0.1000,1,,,,,,None,,,001
105,待审批,ZSWH0145,,,,,,,,,,定量检验,,None,,,,,,100,,,,,,,,≤0.05g/L,,0.0000,0.0500,1,,,,,,None,,,001
106,待审批,ZSWH0146,,,,,,,,,,定量检验,,None,,,,,,100,,,,,,,,≤0.2g/L,,0.0000,0.2000,1,,,,,,None,,,001
107,待审批,ZSWH0147,,,,,,,,,,定量检验,,None,,,,,,100,,,,,,,,≤0.3mg/L,,0.0000,0.3000,1,,,,,,None,,,001
108,待审批,ZSWH0148,,,,,,,,,,定量检验,,None,,,,,,100,,,,,,,,≤0.3mg/L,,0.0000,0.3000,1,,,,,,None,,,001
109,待审批,ZSWH0149,,,,,,,,,,定量检验,,None,,,,,,100,,,,,,,,普通型：140～200mg/L,,140.0000,200.0000,1,,,,,,None,,,001
110,待审批,ZSWH0150,,,,,,,,,,定量检验,,None,,,,,,100,,,,,,,,普通型：140～200mg/L,,140.0000,200.0000,1,,,,,,None,,,001
111,待审批,ZSWH0151,,,,,,,,,,定量检验,,None,,,,,,100,,,,,,,,普通型：140～200mg/L,,140.0000,200.0000,1,,,,,,None,,,001
112,待审批,ZSWH0152,,,,,,,,,,定量检验,,None,,,,,,100,,,,,,,,强化型：170～306mg/L,,170.0000,306.0000,1,,,,,,None,,,001
113,待审批,ZSWH0153,,,,,,,,,,定量检验,,None,,,,,,100,,,,,,,,普通型：140～200mg/L,,140.0000,200.0000,1,,,,,,None,,,001
114,待审批,ZSWH0154,,,,,,,,,,定量检验,,None,,,,,,100,,,,,,,,普通型：140～200mg/L,,140.0000,200.0000,1,,,,,,None,,,001
115,待审批,ZSWH0155,,,,,,,,,,定量检验,,None,,,,,,100,,,,,,,,普通型：140～200mg/L,,140.0000,200.0000,1,,,,,,None,,,001
116,待审批,ZSWH0156,,,,,,,,,,定量检验,,None,,,,,,100,,,,,,,,强化型：160～260mg/L,,160.0000,260.0000,1,,,,,,None,,,001
117,待审批,ZSWH0157,,,,,,,,,,定量检验,,None,,,,,,100,,,,,,,,普通型：350～500mg/L,,350.0000,500.0000,1,,,,,,None,,,001
118,待审批,ZSWH0158,,,,,,,,,,定量检验,,None,,,,,,100,,,,,,,,普通型：350～500mg/L,,350.0000,500.0000,1,,,,,,None,,,001
119,待审批,ZSWH0159,,,,,,,,,,定量检验,,None,,,,,,100,,,,,,,,普通型：350～500mg/L,,350.0000,500.0000,1,,,,,,None,,,001
120,待审批,ZSWH0160,,,,,,,,,,定量检验,,None,,,,,,100,,,,,,,,强化型：3700～4800mg/L,,3700.0000,4800.0000,1,,,,,,None,,,001
121,待审批,ZSWH0161,,,,,,,,,,定量检验,,None,,,,,,100,,,,,,,,普通型：28～40mg/L,,28.0000,40.0000,1,,,,,,None,,,001
122,待审批,ZSWH0162,,,,,,,,,,定量检验,,None,,,,,,100,,,,,,,,普通型：28～40mg/L,,28.0000,40.0000,1,,,,,,None,,,001
123,待审批,ZSWH0163,,,,,,,,,,定量检验,,None,,,,,,100,,,,,,,,普通型：28～40mg/L,,28.0000,40.0000,1,,,,,,None,,,001
124,待审批,ZSWH0164,,,,,,,,,,定量检验,,None,,,,,,100,,,,,,,,强化型：35～63mg/L,,35.0000,63.0000,1,,,,,,None,,,001
125,待审批,ZSWH0165,,,,,,,,,,定量检验,,None,,,,,,100,,,,,,,,普通型：2.8～4.0mg/L,,2.8000,4.0000,1,,,,,,None,,,001
126,待审批,ZSWH0166,,,,,,,,,,定量检验,,None,,,,,,100,,,,,,,,普通型：2.8～4.0mg/L,,2.8000,4.0000,1,,,,,,None,,,001
127,待审批,ZSWH0167,,,,,,,,,,定量检验,,None,,,,,,100,,,,,,,,普通型：2.8～4.0mg/L,,2.8000,4.0000,1,,,,,,None,,,001
128,待审批,ZSWH0168,,,,,,,,,,定量检验,,None,,,,,,100,,,,,,,,强化型：3.7～6.7mg/L,,3.7000,6.7000,1,,,,,,None,,,001
129,待审批,ZSWH0169,,,,,,,,,,定量检验,,None,,,,,,100,,,,,,,,普通型：140～200mg/L,,140.0000,200.0000,1,,,,,,None,,,001
130,待审批,ZSWH0170,,,,,,,,,,定量检验,,None,,,,,,100,,,,,,,,普通型：140～200mg/L,,140.0000,200.0000,1,,,,,,None,,,001
131,待审批,ZSWH0171,,,,,,,,,,定量检验,,None,,,,,,100,,,,,,,,普通型：140～200mg/L,,140.0000,200.0000,1,,,,,,None,,,001
132,待审批,ZSWH0172,,,,,,,,,,定量检验,,None,,,,,,100,,,,,,,,强化型：130～200mg/L,,130.0000,200.0000,1,,,,,,None,,,001
133,待审批,ZSWH0173,,,,,,,,,,定量检验,,None,,,,,,100,,,,,,,,≤0.1g/L,,0.0000,0.1000,1,,,,,,None,,,001
134,待审批,ZSWH0174,,,,,,,,,,定量检验,,None,,,,,,100,,,,,,,,≤0.05g/L,,0.0000,0.0500,1,,,,,,None,,,001
135,待审批,ZSWH0175,,,,,,,,,,定量检验,,None,,,,,,100,,,,,,,,≤0.2g/L,,0.0000,0.2000,1,,,,,,None,,,001
136,待审批,ZSWH0176,,,,,,,,,,定量检验,,None,,,,,,100,,,,,,,,≤0.3mg/L,,0.0000,0.3000,1,,,,,,None,,,001
137,待审批,ZSWH0177,,,,,,,,,,定量检验,,None,,,,,,100,,,,,,,,≤0.3mg/L,,0.0000,0.3000,1,,,,,,None,,,001
138,待审批,ZSWH0178,,,,,,,,,,定量检验,,None,,,,,,100,,,,,,,,普通型：140～200mg/L,,140.0000,200.0000,1,,,,,,None,,,001
139,待审批,ZSWH0179,,,,,,,,,,定量检验,,None,,,,,,100,,,,,,,,普通型：140～200mg/L,,140.0000,200.0000,1,,,,,,None,,,001
140,待审批,ZSWH0180,,,,,,,,,,定量检验,,None,,,,,,100,,,,,,,,普通型：140～200mg/L,,140.0000,200.0000,1,,,,,,None,,,001
141,待审批,ZSWH0181,,,,,,,,,,定量检验,,None,,,,,,100,,,,,,,,强化型：170～306mg/L,,170.0000,306.0000,1,,,,,,None,,,001
142,待审批,ZSWH0182,,,,,,,,,,定量检验,,None,,,,,,100,,,,,,,,普通型：140～200mg/L,,140.0000,200.0000,1,,,,,,None,,,001
143,待审批,ZSWH0183,,,,,,,,,,定量检验,,None,,,,,,100,,,,,,,,普通型：140～200mg/L,,140.0000,200.0000,1,,,,,,None,,,001
144,待审批,ZSWH0184,,,,,,,,,,定量检验,,None,,,,,,100,,,,,,,,普通型：140～200mg/L,,140.0000,200.0000,1,,,,,,None,,,001
145,待审批,ZSWH0185,,,,,,,,,,定量检验,,None,,,,,,100,,,,,,,,强化型：160～260mg/L,,160.0000,260.0000,1,,,,,,None,,,001
146,待审批,ZSWH0186,,,,,,,,,,定量检验,,None,,,,,,100,,,,,,,,普通型：350～500mg/L,,350.0000,500.0000,1,,,,,,None,,,001
147,待审批,ZSWH0187,,,,,,,,,,定量检验,,None,,,,,,100,,,,,,,,普通型：350～500mg/L,,350.0000,500.0000,1,,,,,,None,,,001
148,待审批,ZSWH0188,,,,,,,,,,定量检验,,None,,,,,,100,,,,,,,,普通型：350～500mg/L,,350.0000,500.0000,1,,,,,,None,,,001
149,待审批,ZSWH0189,,,,,,,,,,定量检验,,None,,,,,,100,,,,,,,,强化型：3700～4800mg/L,,3700.0000,4800.0000,1,,,,,,None,,,001
150,待审批,ZSWH0190,,,,,,,,,,定量检验,,None,,,,,,100,,,,,,,,普通型：28～40mg/L,,28.0000,40.0000,1,,,,,,None,,,001
151,待审批,ZSWH0191,,,,,,,,,,定量检验,,None,,,,,,100,,,,,,,,普通型：28～40mg/L,,28.0000,40.0000,1,,,,,,None,,,001
152,待审批,ZSWH0192,,,,,,,,,,定量检验,,None,,,,,,100,,,,,,,,普通型：28～40mg/L,,28.0000,40.0000,1,,,,,,None,,,001
153,待审批,ZSWH0193,,,,,,,,,,定量检验,,None,,,,,,100,,,,,,,,强化型：35～63mg/L,,35.0000,63.0000,1,,,,,,None,,,001
154,待审批,ZSWH0194,,,,,,,,,,定量检验,,None,,,,,,100,,,,,,,,普通型：2.8～4.0mg/L,,2.8000,4.0000,1,,,,,,None,,,001
155,待审批,ZSWH0195,,,,,,,,,,定量检验,,None,,,,,,100,,,,,,,,普通型：2.8～4.0mg/L,,2.8000,4.0000,1,,,,,,None,,,001
156,待审批,ZSWH0196,,,,,,,,,,定量检验,,None,,,,,,100,,,,,,,,普通型：2.8～4.0mg/L,,2.8000,4.0000,1,,,,,,None,,,001
157,待审批,ZSWH0197,,,,,,,,,,定量检验,,None,,,,,,100,,,,,,,,强化型：3.7～6.7mg/L,,3.7000,6.7000,1,,,,,,None,,,001
158,待审批,ZSWH0198,,,,,,,,,,定量检验,,None,,,,,,100,,,,,,,,普通型：140～200mg/L,,140.0000,200.0000,1,,,,,,None,,,001
159,待审批,ZSWH0199,,,,,,,,,,定量检验,,None,,,,,,100,,,,,,,,普通型：140～200mg/L,,140.0000,200.0000,1,,,,,,None,,,001
160,待审批,ZSWH0200,,,,,,,,,,定量检验,,None,,,,,,100,,,,,,,,普通型：140～200mg/L,,140.0000,200.0000,1,,,,,,None,,,001
161,待审批,ZSWH0201,,,,,,,,,,定量检验,,None,,,,,,100,,,,,,,,强化型：130～200mg/L,,130.0000,200.0000,1,,,,,,None,,,001
162,待审批,ZSWH0202,,,,,,,,,,定量检验,,None,,,,,,100,,,,,,,,≤0.1g/L,,0.0000,0.1000,1,,,,,,None,,,001
163,待审批,ZSWH0203,,,,,,,,,,定量检验,,None,,,,,,100,,,,,,,,≤0.05g/L,,0.0000,0.0500,1,,,,,,None,,,001
164,待审批,ZSWH0204,,,,,,,,,,定量检验,,None,,,,,,100,,,,,,,,≤0.2g/L,,0.0000,0.2000,1,,,,,,None,,,001
165,待审批,ZSWH0205,,,,,,,,,,定量检验,,None,,,,,,100,,,,,,,,≤0.3mg/L,,0.0000,0.3000,1,,,,,,None,,,001
166,待审批,ZSWH0206,,,,,,,,,,定量检验,,None,,,,,,100,,,,,,,,≤0.3mg/L,,0.0000,0.3000,1,,,,,,None,,,001
167,待审批,ZSWH0207,,,,,,,,,,定量检验,,None,,,,,,100,,,,,,,,普通型：140～200mg/L,,140.0000,200.0000,1,,,,,,None,,,001
168,待审批,ZSWH0208,,,,,,,,,,定量检验,,None,,,,,,100,,,,,,,,普通型：140～200mg/L,,140.0000,200.0000,1,,,,,,None,,,001
169,待审批,ZSWH0209,,,,,,,,,,定量检验,,None,,,,,,100,,,,,,,,普通型：140～200mg/L,,140.0000,200.0000,1,,,,,,None,,,001
170,待审批,ZSWH0210,,,,,,,,,,定量检验,,None,,,,,,100,,,,,,,,强化型：170～306mg/L,,170.0000,306.0000,1,,,,,,None,,,001
171,待审批,ZSWH0211,,,,,,,,,,定量检验,,None,,,,,,100,,,,,,,,普通型：140～200mg/L,,140.0000,200.0000,1,,,,,,None,,,001
172,待审批,ZSWH0212,,,,,,,,,,定量检验,,None,,,,,,100,,,,,,,,普通型：140～200mg/L,,140.0000,200.0000,1,,,,,,None,,,001
173,待审批,ZSWH0213,,,,,,,,,,定量检验,,None,,,,,,100,,,,,,,,普通型：140～200mg/L,,140.0000,200.0000,1,,,,,,None,,,001
174,待审批,ZSWH0214,,,,,,,,,,定量检验,,None,,,,,,100,,,,,,,,强化型：160～260mg/L,,160.0000,260.0000,1,,,,,,None,,,001
175,待审批,ZSWH0215,,,,,,,,,,感官检验,,取样后40小时内完成,,,,,,1,,,,,,,,呈柠檬黄色,,None,None,None,,,,,,None,,,001
176,待审批,ZSWH0216,,,,,,,,,,感官检验,,取样后40小时内完成,,,,,,1,,,,,,,,酸甜适口，具有本品应有的滋味,,None,None,None,,,,,,None,,,001
177,待审批,ZSWH0217,,,,,,,,,,感官检验,,取样后40小时内完成,,,,,,1,,,,,,,,无不相关气味,,None,None,None,,,,,,None,,,001
178,待审批,ZSWH0218,,,,,,,,,,感官检验,,取样后40小时内完成,,,,,,1,,,,,,,,无正常视力可见外来杂质。,,None,None,None,,,,,,None,,,001
179,待审批,ZSWH0219,,,,,,,,,,感官检验,,取样后40小时内完成,,,,,,1,,,,,,,,正常视力可见汁液均匀，澄清无分层,,None,None,None,,,,,,None,,,001
180,待审批,ZSWH0220,,,,,,,,,,理化检验,,取样后40小时内完成,,,,,,1,,,,,,,,普通型：12.1～12.6%,,12.1000,12.6000,1,,,,,,None,,,001
181,待审批,ZSWH0221,,,,,,,,,,理化检验,,取样后40小时内完成,,,,,,1,,,,,,,,普通型：12.1～12.6%,,12.1000,12.6000,1,,,,,,None,,,001
182,待审批,ZSWH0222,,,,,,,,,,理化检验,,取样后40小时内完成,,,,,,1,,,,,,,,普通型：12.1～12.6%,,12.1000,12.6000,1,,,,,,None,,,001
183,待审批,ZSWH0223,,,,,,,,,,理化检验,,取样后40小时内完成,,,,,,1,,,,,,,,强化型：15.2～15.6%,,15.2000,15.6000,1,,,,,,None,,,001
184,待审批,ZSWH0224,,,,,,,,,,理化检验,,取样后40小时内完成,,,,,,1,,,,,,,,普通型：3.40-3.55,,3.4000,3.5500,1,,,,,,None,,,001
185,待审批,ZSWH0225,,,,,,,,,,理化检验,,取样后40小时内完成,,,,,,1,,,,,,,,普通型：3.40-3.55,,3.4000,3.5500,1,,,,,,None,,,001
186,待审批,ZSWH0226,,,,,,,,,,理化检验,,取样后40小时内完成,,,,,,1,,,,,,,,普通型：3.40-3.55,,3.4000,3.5500,1,,,,,,None,,,001
187,待审批,ZSWH0227,,,,,,,,,,理化检验,,取样后40小时内完成,,,,,,1,,,,,,,,强化型：3.30-3.40,,3.3000,3.4000,1,,,,,,None,,,001
188,待审批,ZSWH0228,,,,,,,,,,理化检验,,取样后40小时内完成,,,,,,1,,,,,,,,单罐≥245mL,,245.0000,270.0000,1,,,,,,None,,,001
189,待审批,ZSWH0229,,,,,,,,,,理化检验,,取样后40小时内完成,,,,,,None,,,,,,,,普通：1.0400-1.0500g/cm³,,1.0400,1.0500,1,,,,,,None,,,001
190,待审批,ZSWH0230,,,,,,,,,,理化检验,,取样后40小时内完成,,,,,,None,,,,,,,,普通：1.0400-1.0500g/cm³,,1.0400,1.0500,1,,,,,,None,,,001
191,待审批,ZSWH0231,,,,,,,,,,理化检验,,取样后40小时内完成,,,,,,None,,,,,,,,普通：1.0400-1.0500g/cm³,,1.0400,1.0500,1,,,,,,None,,,001
192,待审批,ZSWH0232,,,,,,,,,,理化检验,,取样后40小时内完成,,,,,,None,,,,,,,,强化：1.0580-1.0620g/cm³,,1.0580,1.0620,1,,,,,,None,,,001
193,待审批,ZSWH0233,,,,,,,,,,卷封质量,,取样后40小时内完成,,,,,,1,,,,,,,,≥0.9mm,,0.9000,None,1,,,,,,None,,,001
194,待审批,ZSWH0234,,,,,,,,,,卷封质量,,取样后40小时内完成,,,,,,1,,,,,,,,≥55%,,55.0000,None,1,,,,,,None,,,001
195,待审批,ZSWH0235,,,,,,,,,,卷封质量,,取样后40小时内完成,,,,,,1,,,,,,,,≥0.1mm,,0.1000,None,1,,,,,,None,,,001
196,待审批,ZSWH0236,,,,,,,,,,卷封质量,,取样后40小时内完成,,,,,,1,,,,,,,,≤30%,,0.0000,30.0000,1,,,,,,None,,,001
197,待审批,ZSWH0237,,,,,,,,,,外观,,取样后40小时内完成,,,,,,1,,,,,,,,与标准版一致,,None,None,1,,,,,,None,,,001
198,待审批,ZSWH0238,,,,,,,,,,微生物检验,,取样后40小时内完成,,,,,,1,,,,,,,,不得检出,,0.0000,0.0000,1,,,,,,24-48小时内完成,,,001
199,待审批,ZSWH0239,,,,,,,,,,微生物检验,,取样后40小时内完成,,,,,,1,,,,,,,,不得检出,,0.0000,0.0000,1,,,,,,None,,,001
200,待审批,ZSWH0240,,,,,,,,,,微生物检验,,取样后40小时内完成,,,,,,1,,,,,,,,不得检出,,0.0000,0.0000,1,,,,,,None,,,001
201,待审批,ZSWH0241,,,,,,,,,,微生物检验,,取样后40小时内完成,,,,,,1,,,,,,,,≤5CFU/100mL,,0.0000,5.0000,1,,,,,,None,,,001
202,待审批,ZSWH0242,,,,,,,,,,理化检验,,取样后40小时内完成,,,,,,1,,,,,,,,与标准曲线重合且271.5nm处吸光值与标准曲线吸光值偏差≤±0.015,,0.0150,0.0150,1,,,,,,None,,,001
203,待审批,ZSWH0243,,,,,,,,,,定量检验,,None,,,,,,100,,,,,,,,普通型：8-12μg/L,,8.0000,12.0000,1,,,,,,None,,,001
204,待审批,ZSWH0244,,,,,,,,,,定量检验,,None,,,,,,100,,,,,,,,普通型：8-12μg/L,,8.0000,12.0000,1,,,,,,None,,,001
205,待审批,ZSWH0245,,,,,,,,,,定量检验,,None,,,,,,100,,,,,,,,普通型：8-12μg/L,,8.0000,12.0000,1,,,,,,None,,,001
206,待审批,ZSWH0246,,,,,,,,,,定量检验,,None,,,,,,100,,,,,,,,强化型：9.4～16.9μg/L,,9.4000,16.9000,1,,,,,,None,,,001
207,待审批,ZSWH0247,,,,,,,,,,定量检验,,None,,,,,,100,,,,,,,,普通型：8-12μg/L,,8.0000,12.0000,1,,,,,,None,,,001
208,待审批,ZSWH0248,,,,,,,,,,定量检验,,None,,,,,,100,,,,,,,,普通型：8-12μg/L,,8.0000,12.0000,1,,,,,,None,,,001
209,待审批,ZSWH0249,,,,,,,,,,定量检验,,None,,,,,,100,,,,,,,,普通型：8-12μg/L,,8.0000,12.0000,1,,,,,,None,,,001
210,待审批,ZSWH0250,,,,,,,,,,定量检验,,None,,,,,,100,,,,,,,,强化型：9.4～16.9μg/L,,9.4000,16.9000,1,,,,,,None,,,001
211,待审批,ZSWH0251,,,,,,,,,,定量检验,,None,,,,,,100,,,,,,,,普通型：8-12μg/L,,8.0000,12.0000,1,,,,,,None,,,001
212,待审批,ZSWH0252,,,,,,,,,,定量检验,,None,,,,,,100,,,,,,,,普通型：8-12μg/L,,8.0000,12.0000,1,,,,,,None,,,001
213,待审批,ZSWH0253,,,,,,,,,,定量检验,,None,,,,,,100,,,,,,,,普通型：8-12μg/L,,8.0000,12.0000,1,,,,,,None,,,001
214,待审批,ZSWH0254,,,,,,,,,,定量检验,,None,,,,,,100,,,,,,,,强化型：9.4～16.9μg/L,,9.4000,16.9000,1,,,,,,None,,,001
215,待审批,ZSWH0255,,,,,,,,,,定量检验,,None,,,,,,100,,,,,,,,普通型：8-12μg/L,,8.0000,12.0000,1,,,,,,None,,,001
216,待审批,ZSWH0256,,,,,,,,,,定量检验,,None,,,,,,100,,,,,,,,普通型：8-12μg/L,,8.0000,12.0000,1,,,,,,None,,,001
217,待审批,ZSWH0257,,,,,,,,,,定量检验,,None,,,,,,100,,,,,,,,普通型：8-12μg/L,,8.0000,12.0000,1,,,,,,None,,,001
218,待审批,ZSWH0258,,,,,,,,,,定量检验,,None,,,,,,100,,,,,,,,强化型：9.4～16.9μg/L,,9.4000,16.9000,1,,,,,,None,,,001
219,待审批,ZSWH0259,,,,,,,,,,定量检验,,None,,,,,,100,,,,,,,,普通型：8-12μg/L,,8.0000,12.0000,1,,,,,,None,,,001
220,待审批,ZSWH0260,,,,,,,,,,定量检验,,None,,,,,,100,,,,,,,,普通型：8-12μg/L,,8.0000,12.0000,1,,,,,,None,,,001
221,待审批,ZSWH0261,,,,,,,,,,定量检验,,None,,,,,,100,,,,,,,,普通型：8-12μg/L,,8.0000,12.0000,1,,,,,,None,,,001
222,待审批,ZSWH0262,,,,,,,,,,定量检验,,None,,,,,,100,,,,,,,,强化型：9.4～16.9μg/L,,9.4000,16.9000,1,,,,,,None,,,001
223,待审批,ZSWH0263,,,,,,,,,,定量检验,,None,,,,,,100,,,,,,,,普通型：8-12μg/L,,8.0000,12.0000,1,,,,,,None,,,001
224,待审批,ZSWH0264,,,,,,,,,,定量检验,,None,,,,,,100,,,,,,,,普通型：8-12μg/L,,8.0000,12.0000,1,,,,,,None,,,001
225,待审批,ZSWH0265,,禁用,,,,,,,,定量检验,,,,,,,,100,,,,,,,,普通型：8-12μg/L,,8.0000,12.0000,1,,,,,,None,,,001
226,待审批,ZSWH0266,,,,,,,,,,定量检验,,None,,,,,,100,,,,,,,,强化型：9.4～16.9μg/L,,9.4000,16.9000,1,,,,,,None,,,001
227,待审批,ZSWH0267,,禁用,,,,,,,,理化检验,,取样后40小时内完成,,,,,,100,,,,,,,,平均≥250mL,,250.0000,270.0000,1,,,,,,累计初检数值进行平均计算。,,,001
228,待审批,ZSWH0268,,禁用,,,,,,,,理化检验,,取样后40小时内完成,,,,,,10,,,,,,,,70%以上产品≥250mL,,250.0000,270.0000,1,,,,,,累计初检数值进行平均计算。,,,001
