序号,物料编码,商品名称,审批状态,启/禁状态,单位重量吨/箱(组、包),物料单位,单位货值元/箱(组、包),纸箱价格元/张,外包装箱价格,是否为促销物料,是否为箱内码促销,是否为消费者促销,是否五码合一,促销方式,封箱方式,是否有内膜,是否有外膜,箱内包装形式,箱内数量,箱内单位,投放区域,箱内是否有礼品,商品保质期,材质,备注,标箱折扣系数,品牌,物料大类,物料品类,商品图例,分配量,促销方案,保质期预警(天),有效期起,有效期止
1,81000272,国产/芙丝天然泉水330ML/24罐装/万豪定制款,已完成,启用,,CAR,,,,否,否,否,否,,,是,否,6×4,24,CAR,,否,24个月,铝罐,2024年10月新增物料,1.000,国产芙丝,国产芙丝330ML铝罐,,,,,2023-01-01,9999-12-31
2,81000270,国产/芙丝水330ML/24瓶/牛皮纸环保装,已完成,启用,,CAR,,,0.00,否,否,否,否,,,是,是,6×4,24,21,,否,24个月,塑料瓶,2024年10月新增物料,1.000,国产芙丝,国产芙丝330MLPET,,,,,2023-01-01,9999-12-31
3,81000254,国产/芙丝水330ML/24瓶装/上海001,已完成,启用,,CAR,,,,否,否,否,否,,,是,是,6×4,24,21,,否,24个月,塑料瓶,2024年8月新增物料,1.000,国产芙丝,国产芙丝330MLPET,,,,,2023-01-01,9999-12-31
4,81000235,国产/芙丝水500ML/24瓶装/万物有时节,待审核,启用,,CAR,,,,否,否,否,否,,,是,是,6×4,24,21,,否,24个月,塑料瓶,2024年7月新增物料,1.000,国产芙丝,国产芙丝500MLPET,,,,,2023-01-01,9999-12-31
5,81000211,国产/芙丝水330ML/24瓶装/響联标,待审核,启用,,CAR,,,,否,否,否,否,,,是,是,6×4,24,21,,否,24个月,塑料瓶,2024年3月新增物料,1.000,国产芙丝,国产芙丝330MLPET,,,,,2023-01-01,9999-12-31
6,81000197,国产/芙丝水375ML/20瓶/玻璃瓶/芙丝苏打水饮料（含气型）,待审核,启用,,CAR,,,,否,否,否,否,,,否,否,散装,20,21,,否,24个月,玻璃瓶,2025年5月新增物料,1.000,国产芙丝,国产芙丝375ML玻璃瓶,,,,,2023-01-01,9999-12-31
7,81000287,国产/芙丝气泡水330ML/12瓶装/蜜柚甜橘,待审核,启用,,CAR,,,,否,否,否,否,,,是,否,6×2,12,21,,否,12个月,铝罐,2025年4月新增物料,1.000,国产芙丝,国产芙丝330ML气泡水,,,,,2023-01-01,9999-12-31
8,81000285,国产/芙丝水330ML/24瓶装/京东专供,待审核,启用,,CAR,,,,否,否,否,否,,,是,是,6×4,24,21,,否,24个月,塑料瓶,2025年4月新增物料,1.000,国产芙丝,国产芙丝330MLPET,,,,,2023-01-01,9999-12-31
9,10001204,红牛维生素功能饮料/普通型/250ML/24/扫码1元乐享-云贵/2026,待审核,启用,,CAR,,,,否,否,否,否,,,是,否,12×2,24,,,否,18个月,马口铁,2026年2月新增物料,1.000,红牛,红牛促销型,,,,,2023-01-01,9999-12-31
10,10001203,红牛维生素功能饮料/普通型/250ML/24/扫码1元乐享-广西/2026,待审核,启用,,CAR,,,,否,否,否,否,,,是,否,12×2,24,,,否,18个月,马口铁,2026年2月新增物料,1.000,红牛,红牛促销型,,,,,2023-01-01,9999-12-31
11,10001201,红牛维生素功能饮料/普通型/250ML/24/普通箱内码-新疆专供/2026,待审核,启用,,CAR,,,,否,否,否,否,,,是,否,12×2,24,,,否,18个月,马口铁,2026年2月新增物料,1.000,红牛,红牛促销型,,,,,2023-01-01,9999-12-31
12,10001200,红牛维生素功能饮料/普通型/250ML/24/1元乐享-新疆青海/2026,待审核,启用,,CAR,,,,否,否,否,否,,,是,否,12×2,24,,,否,18个月,马口铁,2026年2月新增物料,1.000,红牛,红牛促销型,,,,,2023-01-01,9999-12-31
13,10001199,红牛维生素功能饮料/普通型/250ML/24/普通箱内码/2026,待审核,启用,,CAR,,,,否,否,否,否,,,是,否,12×2,24,,,否,18个月,马口铁,2026年2月新增物料,1.000,红牛,红牛促销型,,,,,2023-01-01,9999-12-31
14,10001198,红牛维生素功能饮料/普通型/250ML/24/扫码1元乐享-闽苏沪/2026,待审核,启用,,CAR,,,,否,否,否,否,,,是,否,12×2,24,,,否,18个月,马口铁,2026年2月新增物料,1.000,红牛,红牛促销型,,,,,2023-01-01,9999-12-31
15,10001103,红牛维生素功能饮料/普通型/250ML/24/29周年/广东箱内码三期/2024,待审核,启用,,CAR,,,,否,否,否,否,,,是,否,12×2,24,,,否,18个月,马口铁,2024年11月新增物料,1.000,红牛,红牛促销型,,,,,2023-01-01,9999-12-31
16,10001080,红牛维生素功能饮料/普通型/250ML/24/29周年/广东箱内码二期/2024,待审核,启用,,CAR,,,0.00,否,否,否,否,,,是,否,12×2,24,,,否,18个月,马口铁,2024年6月新增物料,1.000,红牛,红牛促销型,,,,,2023-01-01,9999-12-31
17,10001079,红牛维生素功能饮料/普通型/250ML/24/1元乐享-广西/2024,待审核,启用,,CAR,,,0.00,否,否,否,否,,,是,否,12×2,24,,,否,18个月,马口铁,2024年6月新增物料,1.000,红牛,红牛促销型,,,,,2023-01-01,9999-12-31
18,10001077,红牛维生素功能饮料/普通型/250ML/24/29周年/两元纸箱/台州二期彩膜装,待审核,启用,,CAR,,,0.00,否,否,否,否,,,是,否,6×4,24,,,否,18个月,马口铁,2024年5月新增物料，六罐彩膜表面无条形码，整箱售卖,1.000,红牛,红牛促销型,,,,,2023-01-01,9999-12-31
19,10001075,红牛维生素功能饮料/普通型/250ML/24/29周年/两元纸箱/台州专供二期,待审核,禁用,,CAR,,,,是,否,否,是,,胶带,是,否,12×2,24,,,否,18个月,马口铁,2024年5月新增物料,,红牛,红牛促销型,,,,,,
20,10001055,红牛/普通型/250ML/24/扫码促销-金华箱内码专供/2024,待审核,启用,,CAR,,,0.00,是,否,否,否,,胶带,是,否,12×2,24,,,否,18个月,马口铁,2024年2月新增物料,1.000,红牛,红牛促销型,,,,,2023-01-01,9999-12-31
21,010000919,0红牛/普通型/250ML/24/1元享红牛/2021,已完成,启用,0.00001,CAR,,,0.00,是,是,否,否,,热熔封箱,否,否,12×2,24,6,新疆+青海,否,12个月,铝合金,,1.000,红牛,战马,,20000,,20,2025-01-01,9999-12-31
22,20002074,纸皮/普通型/250ML/24/1元换购-新疆青海云,已完成,启用,,CAR,,,100.00,是,否,否,否,,胶带,否,否,真空,1000,6,1,否,12个月,玻璃瓶,,3.000,红牛,战马,,999,100,30,2026-04-01,9999-12-31
23,20002274,空罐/普通型/250ML/2026广东1元乐享促销/无顶盖,已完成,启用,,CAR,,,,否,否,否,否,,胶带封装,否,否,,,3,,否,720,塑料,测试用,0.500,罐装战马,战马,,,无,7,2023-01-01,9999-12-31
24,11000356,战马/330ML/24/罐装/含气/菠萝西柚味/广东促销,已完成,启用,0.00001,CAR,,,,否,否,否,否,,,否,否,,,,,否,,,,1.000,罐装战马,,,,,,2025-01-01,9999-12-31
25,11000372,战马/310ML/24/罐装/2026/线下1元乐享,已完成,启用,,CAR,,,,否,否,否,否,,,否,否,,,,,否,,,,1.000,罐装战马,战马罐装促销,,,,,2025-01-01,9999-12-31
26,11000371,战马/310ML/24/罐装/2026/线上1元乐享-新包装,已完成,启用,,CAR,,,,否,否,否,否,,,否,否,,,,,否,,,,1.000,罐装战马,战马罐装促销,,,,,2025-01-01,9999-12-31
27,11000370,战马/310ML/24/罐装/2026/扫码红包-新包装,已完成,启用,0.00001,CAR,,,,否,否,否,否,,,否,否,,,,,否,,,,1.000,罐装战马,战马罐装促销,,,,,2025-01-01,9999-12-31
28,81000290,国产/神农明珠天然泉水/350ML/24瓶/无外箱/红动中原牛气冲天联标,已完成,启用,,CAR,,,,否,否,否,否,,,否,否,,,,,否,,,,1.000,神农明珠,神农明珠,,,,,2025-01-01,9999-12-31
29,81000258,国产/神农明珠天然泉水/350ML/24瓶/无外箱/北站苗乡,已完成,启用,,CAR,,,,否,否,否,否,,,否,否,,,,,否,,,,1.000,神农明珠,神农明珠,,,,,2025-01-01,9999-12-31
30,81000225,国产/神农明珠天然泉水/350ML/24瓶/无外箱,已完成,启用,,CAR,,,,否,否,否,否,,,否,否,,,,,否,,,,1.000,神农明珠,神农明珠,,,,,2025-01-01,9999-12-31
31,81000237,国产/神农明珠天然泉水/5L/4桶装,已完成,启用,,CAR,,,,否,否,否,否,,,否,否,,,,,否,,,,1.000,神农明珠,神农明珠,,,,,2025-01-01,9999-12-31
32,81000227,国产/神农明珠天然泉水/5L/4桶装/无外箱,已完成,启用,,CAR,,,,否,否,否,否,,,否,否,,,,,否,,,,1.000,神农明珠,神农明珠,,,,,2025-01-01,9999-12-31
33,81000316,国产/神农明珠天然泉水/500ML/24瓶/无外箱/大角鹿联标,已完成,启用,,CAR,,,,否,否,否,否,,,否,否,,,,,否,,,,1.000,神农明珠,神农明珠,,,,,2025-01-01,9999-12-31
34,81000313,国产/神农明珠天然泉水/500ML/24瓶/无外箱/交通银行联标,已完成,启用,,CAR,,,,否,否,否,否,,,否,否,,,,,否,,,,1.000,神农明珠,神农明珠,,,,,2025-01-01,9999-12-31
35,81000314,国产/神农明珠天然泉水/500ML/24瓶/无外箱/初雄联标,已完成,启用,,CAR,,,,否,否,否,否,,,否,否,,,,,否,,,,1.000,神农明珠,神农明珠,,,,,2025-01-01,9999-12-31
36,81000298,国产/神农明珠天然泉水/500ML/24瓶/无外箱/华彬航空联标,已完成,启用,,CAR,,,,否,否,否,否,,,否,否,,,,,否,,,,1.000,神农明珠,神农明珠,,,,,2025-01-01,9999-12-31
37,81000291,国产/神农明珠天然泉水/500ML/24瓶/无外箱/德高防水联标,已完成,启用,,CAR,,,,否,否,否,否,,,否,否,,,,,否,,,,1.000,神农明珠,神农明珠,,,,,2025-01-01,9999-12-31
38,81000289,国产/神农明珠天然泉水/500ML/24瓶/无外箱/名仕台球联标,已完成,启用,,CAR,,,,否,否,否,否,,,否,否,,,,,否,,,,1.000,神农明珠,神农明珠,,,,,2025-01-01,9999-12-31
39,81000283,国产/神农明珠天然泉水/500ML/24瓶/无外箱/黄石联标,已完成,启用,,CAR,,,,否,否,否,否,,,否,否,,,,,否,,,,1.000,神农明珠,神农明珠,,,,,2025-01-01,9999-12-31
40,81000240,国产/神农明珠天然泉水/500ml/24瓶/无外箱,已完成,启用,,CAR,,,,否,否,否,否,,,否,否,,,,,否,,,,1.000,神农明珠,神农明珠,,,,,2025-01-01,9999-12-31
41,81000310,国产/神农明珠天然泉水/500ML/24瓶/交通银行联标,已完成,启用,,CAR,,,,否,否,否,否,,,否,否,,,,,否,,,,1.000,神农明珠,神农明珠,,,,,2025-01-01,9999-12-31
42,81000304,国产/神农明珠天然泉水/500ML/24瓶/德高防水联标,已完成,启用,,CAR,,,,否,否,否,否,,,否,否,,,,,否,,,,1.000,神农明珠,神农明珠,,,,,2025-01-01,9999-12-31
43,81000294,国产/神农明珠天然泉水/500ML/24瓶/华彬航空联标,已完成,启用,,CAR,,,,否,否,否,否,,,否,否,,,,,否,,,,1.000,神农明珠,神农明珠,,,,,2025-01-01,9999-12-31
44,81000224,国产/神农明珠天然泉水/500ML/24瓶,已完成,启用,,CAR,,,,否,否,否,否,,,否,否,,,,,否,,,,1.000,神农明珠,神农明珠,,,,,2025-01-01,9999-12-31
45,10001193,红牛维生素功能饮料/普通型/250ML/24/新疆专供/2026,已完成,启用,0.00740,CAR,112.80,2.15,,否,否,否,否,,,否,否,,,,,否,,,,1.000,红牛,红牛普通型,,,,,2025-01-01,9999-12-31
46,10001191,红牛维生素功能饮料/普通型/250ML/六罐装/31周年,已完成,启用,0.00185,CAR,28.20,1.66,0.00,否,否,否,否,,,否,否,,,,,否,,,,0.250,红牛,红牛六联包,,,,,2025-01-01,9999-12-31
47,10001188,红牛维生素功能饮料/普通型/250ML/24/31周年纪念装,已完成,启用,0.00740,CAR,112.80,2.15,,否,否,否,否,,,否,否,,,,,否,,,,1.000,红牛,红牛普通型,,,,,2025-01-01,9999-12-31
48,10001187,红牛维生素功能饮料/普通型/250ML/24/广东1元乐享促销/2026,已完成,启用,0.00740,CAR,112.80,2.15,0.00,否,否,否,否,,,否,否,,24,,,否,,,,1.000,红牛,红牛促销型,,,,,2025-01-01,9999-12-31
49,10001186,红牛维生素功能饮料/普通型/250ML/24/广东红包促销/2026,已完成,启用,0.00740,CAR,112.80,2.15,,否,否,否,否,,,否,否,,,,,否,,,,1.000,红牛,红牛促销型,,,,,2025-01-01,9999-12-31
50,10001185,红牛维生素功能饮料/普通型/250ML/24/31周年/两元纸箱/台州专供一期,已完成,启用,0.00740,CAR,112.80,2.15,0.00,否,否,否,否,,,否,否,,,,,否,,,,1.000,红牛,红牛促销型,,,,,2025-01-01,9999-12-31
51,10001184,红牛维生素功能饮料/牛磺酸强化型/250ml/24/31周年纪念装,已完成,启用,0.00740,CAR,120.00,2.15,,否,否,否,否,,,否,否,,,,,否,,,,1.000,红牛,红牛强化型,,,,,2025-01-01,9999-12-31
52,81000253,国产/芙丝水330ML/24瓶装/YOMA,0,禁用,0.00001,CAR,,,,否,否,否,否,,,是,是,6×4,24,CAR,,否,24个月,塑料瓶,2024年8月新增物料,1.000,国产芙丝,国产芙丝330MLPET,,,,,2023-01-01,9999-12-31
53,81000221,国产/芙丝水500ML/24瓶装/纯享装,已完成,启用,0.00001,CAR,,,,否,否,否,否,,,否,否,,,,,否,,,,1.000,国产芙丝,国产芙丝,,,,,2025-01-01,9999-12-31
54,11000359,战马/330ML/24/罐装/含气/夏日柠檬味/广东促销,已完成,启用,,CAR,,,,否,否,否,否,,,否,否,,,,,否,,,,1.000,罐装战马,战马罐装促销,,,,,2025-01-01,9999-12-31
55,11000358,战马/330ML/24/罐装/含气/春日白桃味/广东促销,已完成,启用,,CAR,,,,否,否,否,否,,,否,否,,,,,否,,,,1.000,罐装战马,战马罐装促销,,,,,2025-01-01,9999-12-31
56,11000357,战马/330ML/24/罐装/含气/夏日浆果味/广东促销,已完成,启用,,CAR,,,,否,否,否,否,,,否,否,,,,,否,,,,1.000,罐装战马,战马罐装促销,,,,,2025-01-01,9999-12-31
57,11000353,战马/330ML/24/罐装/含气/夏日柠檬味/常规装,已完成,启用,,CAR,,,,否,否,否,否,,,否,否,,,,,否,,,,1.000,罐装战马,"战马罐装
普通",,,,,2025-01-01,9999-12-31
58,11000352,战马/330ML/24/罐装/含气/春日白桃味/常规装,已完成,启用,,CAR,,,,否,否,否,否,,,否,否,,,,,否,,,,1.000,罐装战马,"战马罐装
普通",,,,,2025-01-01,9999-12-31
59,11000351,战马/330ML/24/罐装/含气/夏日浆果味/常规装,已完成,启用,,CAR,,,,否,否,否,否,,,否,否,,,,,否,,,,1.000,罐装战马,"战马罐装
普通",,,,,2025-01-01,9999-12-31
60,11000350,战马/330ML/24/罐装/含气/菠萝西柚味/常规装,已完成,启用,,CAR,,,,否,否,否,否,,,否,否,,,,,否,,,,1.000,罐装战马,"战马罐装
普通",,,,,2025-01-01,9999-12-31
61,11000349,战马/330ML/24/罐装/含气/蓝莓黑加仑味/常规装,已完成,启用,,CAR,,,,否,否,否,否,,,否,否,,,,,否,,,,1.000,罐装战马,"战马罐装
普通",,,,,2025-01-01,9999-12-31
62,11000348,战马/330ML/24/罐装/含气/青苹果葡萄味/常规装,已完成,启用,,CAR,,,,否,否,否,否,,,否,否,,,,,否,,,,1.000,罐装战马,"战马罐装
普通",,,,,2025-01-01,9999-12-31
63,11000298,战马/180ML/24/罐装/夏黑葡萄味,已完成,启用,,CAR,,,,否,否,否,否,,,否,否,,,,,否,,,,1.000,战马,罐装战马180ML,,,,,2025-01-01,9999-12-31
64,11000334,战马/310ML/24/罐装/2025/广东扫码红包-新包装,已完成,启用,,CAR,,,,否,否,否,否,,,否,否,,,,,否,,,,1.000,罐装战马,战马罐装促销,,,,,2025-01-01,9999-12-31
65,11000322,战马/310ML/24/罐装/2025/广东扫码1元乐享-新包装,已完成,启用,,CAR,,,,否,否,否,否,,,否,否,,,,,否,,,,1.000,罐装战马,战马罐装促销,,,,,2025-01-01,9999-12-31
66,11000321,战马/310ML/24/罐装/新包装,已完成,启用,,CAR,,,,否,否,否,否,,,否,否,,,,,否,,,,1.000,战马,罐装战马,,,,,2025-01-01,9999-12-31
67,10001165,红牛维生素功能饮料/普通型/250ML/24/30周年普通箱内码二期/2025,已完成,启用,,CAR,,,,否,否,否,否,,,否,否,,,,,否,,,,1.000,红牛,红牛促销型,,,,,2025-01-01,9999-12-31
68,10001164,红牛维生素功能饮料/普通型/250ML/24/30周年广东二期箱内码,已完成,启用,,CAR,,,,否,否,否,否,,,否,否,,,,,否,,,,1.000,红牛,红牛促销型,,,,,2025-01-01,9999-12-31
69,10001163,红牛维生素功能饮料/普通型/250ML/24/广东促销2025（含二期箱码）,已完成,启用,,CAR,,,0.00,否,否,否,否,,,否,否,,24,,,否,,,,1.000,红牛,红牛促销型,,,,,2025-01-01,9999-12-31
70,11000312,战马/310ML/24/罐装/2025/线上1元乐享（含箱码）-新包装,已完成,启用,0.00001,CAR,,,,否,否,否,否,,,否,否,,,,,否,,,,1.000,罐装战马,战马罐装促销,,,,,2025-01-01,9999-12-31
71,11000283,战马/400ML/15/不含气/2025/1元乐享（线上核销）/二段,已完成,启用,,CAR,,,,否,否,否,否,,,否,否,,,,,否,,,,1.000,瓶装战马,瓶装战马不含气,,,,,2025-01-01,9999-12-31
72,11000282,战马/400ML/15/不含气/2025/1元乐享/二段,已完成,启用,,CAR,,,,否,否,否,否,,,否,否,,,,,否,,,,1.000,瓶装战马,瓶装战马不含气,,,,,2025-01-01,9999-12-31
73,11000281,战马/400ML/15/不含气/2025/1元乐享（线上核销版）,已完成,启用,,CAR,,,,否,否,否,否,,,否,否,,,,,否,,,,1.000,瓶装战马,瓶装战马不含气,,,,,2025-01-01,9999-12-31
74,11000280,战马/400ML/15/不含气/2025/1元乐享,已完成,启用,,CAR,,,,否,否,否,否,,,否,否,,,,,否,,,,1.000,瓶装战马,瓶装战马不含气,,,,,2025-01-01,9999-12-31
75,11000304,战马/310ML/24/罐装/2025/线上1元乐享/二段（无箱码）,已完成,启用,,CAR,,,,否,否,否,否,,,否,否,,,,,否,,,,1.000,罐装战马,战马罐装促销,,,,,2025-01-01,9999-12-31
76,11000303,战马/310ML/24/罐装/2025/线上1元乐享/二段（含箱码）,已完成,启用,,CAR,,,,否,否,否,否,,,否,否,,,,,否,,,,1.000,罐装战马,战马罐装促销,,,,,2025-01-01,9999-12-31
77,11000302,战马/310ML/24/罐装/2025/1元乐享/二段-新疆（含箱码）,已完成,启用,,CAR,,,,否,否,否,否,,,否,否,,,,,否,,,,1.000,罐装战马,战马罐装促销,,,,,2025-01-01,9999-12-31
78,11000301,战马/310ML/24/罐装/2025/1元乐享/二段（无箱码）,已完成,启用,,CAR,,,,否,否,否,否,,,否,否,,,,,否,,,,1.000,罐装战马,战马罐装促销,,,,,2025-01-01,9999-12-31
79,11000300,战马/310ML/24/罐装/2025/1元乐享/二段（含箱码）,已完成,启用,,CAR,,,,否,否,否,否,,,否,否,,,,,否,,,,1.000,罐装战马,战马罐装促销,,,,,2025-01-01,9999-12-31
80,11000273,战马/310ML/24/罐装/2025/线上1元乐享（无箱码）,已完成,启用,,CAR,,,,否,否,否,否,,,否,否,,,,,否,,,,1.000,罐装战马,战马罐装促销,,,,,2025-01-01,9999-12-31
81,11000272,战马/310ML/24/罐装/2025/线上1元乐享（含箱码）,已完成,启用,,CAR,,,,否,否,否,否,,,否,否,,,,,否,,,,1.000,罐装战马,战马罐装促销,,,,,2025-01-01,9999-12-31
82,11000270,战马/310ML/24/罐装/2025/1元乐享-新疆（含箱码）,已完成,启用,,CAR,,,,否,否,否,否,,,否,否,,,,,否,,,,1.000,罐装战马,战马罐装促销,,,,,2025-01-01,9999-12-31
83,11000268,战马/310ML/24/罐装/2025/1元乐享（无箱码）,已完成,启用,,CAR,,,,否,否,否,否,,,否,否,,,,,否,,,,1.000,罐装战马,战马罐装促销,,,,,2025-01-01,9999-12-31
84,11000267,战马/310ML/24/罐装/2025/1元乐享（含箱码）,已完成,启用,,CAR,,,,否,否,否,否,,,否,否,,,,,否,,,,1.000,罐装战马,战马罐装促销,,,,,2025-01-01,9999-12-31
85,10001155,红牛维生素功能饮料/普通型/250ML/24/30周年/两元纸箱/台州专供二期,已完成,启用,,CAR,,,,否,否,否,否,,,否,否,,,,,否,,,,1.000,红牛,红牛促销型,,,,,2025-01-01,9999-12-31
86,10001153,红牛维生素功能饮料/普通型/250ML/24/1元乐享-江西/2025,已完成,启用,,CAR,,,,否,否,否,否,,,否,否,,,,,否,,,,1.000,红牛,红牛促销型,,,,,2025-01-01,9999-12-31
87,10001146,红牛维生素功能饮料/普通型/250ML/24/1元乐享-云南贵州/2025,已完成,启用,0.00740,CAR,,,,否,否,否,否,,,否,否,,,,,否,,,,0.007,红牛,红牛促销型,,,,,2025-01-01,9999-12-31
88,10001126,红牛维生素功能饮料/普通型/250ML/24/新疆专供/2025,已完成,禁用,,CAR,,,,否,否,否,否,,,否,否,,,,,否,,,,1.000,红牛,红牛普通型,,,,,,
89,10001125,红牛维生素功能饮料/普通型/250ML/24/新疆箱内码专供/2025,已完成,启用,,CAR,,,,否,否,否,否,,,否,否,,,,,否,,,,1.000,红牛,红牛促销型,,,,,2025-01-01,9999-12-31
90,10001124,红牛维生素功能饮料/普通型/250ML/24/1元乐享-新疆青海/2025,已完成,启用,,CAR,,,,否,否,否,否,,,否,否,,,,,否,,,,1.000,红牛,红牛促销型,,,,,2025-01-01,9999-12-31
91,10001104,红牛维生素功能饮料/普通型/250ML/24/扫码1元乐享/2025,已完成,启用,,CAR,,,,否,否,否,否,,,否,否,,,,,否,,,,1.000,红牛,红牛促销型,,,,,2025-01-01,9999-12-31
92,10001119,红牛维生素功能饮料/普通型/250ML/24/30周年/两元纸箱/台州专供一期,已完成,启用,,CAR,,,,否,否,否,否,,,否,否,,,,,否,,,,1.000,红牛,红牛促销型,,,,,2025-01-01,9999-12-31
93,10001118,红牛维生素功能饮料/普通型/250ML/24/30周年/24年广东箱内码三期,已完成,启用,,CAR,,,,否,否,否,否,,,否,否,,,,,否,,,,1.000,红牛,红牛促销型,,,,,2025-01-01,9999-12-31
94,10001117,红牛维生素功能饮料/牛磺酸强化型/250ml/24/30周年纪念装,已完成,禁用,,CAR,,,,否,否,否,否,,,否,否,,,,,否,,,,1.000,红牛,红牛强化型,,,,,2025-01-01,9999-12-31
95,10001116,红牛维生素功能饮料/普通型/250ML/六罐装/30周年,0,启用,,CAR,,,,否,否,否,否,,,否,否,,,,,否,,,,0.250,红牛,红牛六联包,,,,,2025-01-01,9999-12-31
96,10001114,红牛维生素功能饮料/普通型/250ML/24/30周年纪念装,0,启用,,CAR,,,,否,否,否,否,,,否,否,,,,,否,,,,1.000,红牛,红牛普通型,,,,,2025-01-01,9999-12-31
97,10001105,红牛维生素功能饮料/普通型/250ML/24/30周年普通箱内码/2025,0,启用,0.00740,CAR,,,,否,否,否,否,,,否,否,,,,,否,,,,1.000,红牛,红牛促销型,,,,,2025-01-01,9999-12-31
98,10001132,红牛维生素功能饮料/普通型/250ML/24/扫码1元乐享-广西/2025,0,启用,0.00740,CAR,,,,否,否,否,否,,,否,否,,,,,否,,,,1.000,红牛,红牛促销型,,,,,2025-01-01,9999-12-31
99,10001134,红牛维生素功能饮料/普通型/250ML/24/广东促销/2025,0,启用,0.00740,CAR,,,,否,否,否,否,,,否,否,,,,,否,,,,1.000,红牛,红牛促销型,,,,,2025-01-01,9999-12-31
100,10001129,红牛维生素功能饮料/普通型/250ML/24/广东扫码中红包/2025,已完成,启用,0.00740,CAR,,,0.00,否,否,否,否,,,否,否,,,,,否,,,,1.000,红牛,红牛促销型,,,,,2025-01-01,9999-12-31
101,10001081,红牛维生素功能饮料/普通型/250ML/24/29周年普通箱内码二期/2024,0,禁用,0.00740,CAR,112.80,2.15,,否,否,否,否,,,否,否,,,,,否,,,,1.000,红牛,红牛普通型,,,,,2025-01-01,9999-12-31
102,10001060,红牛维生素功能饮料/普通型/250ML/24/1元换购-新疆青海/2024,已完成,启用,0.00740,CAR,,,,否,否,否,否,,,否,否,,,,,否,,,,1.000,红牛,红牛促销型,,,,,2025-01-01,9999-12-31
103,10001054,红牛维生素功能饮料/普通型/250ML/24/扫码促销-台州2元回收/2024,已完成,启用,0.00740,CAR,,,,否,否,否,否,,,否,否,,,,,否,,,,1.000,红牛,红牛促销型,,,,,2025-01-01,9999-12-31
104,10000000,红牛维生素功能饮料/普通型/250ml/24,已完成,启用,0.00740,CAR,,,,否,否,否,否,,,否,否,,,,,否,,,,1.000,红牛,红牛普通型,,,,,2025-01-01,9999-12-31
105,10000134,红牛维生素功能饮料/普通型/250ml/24,已完成,启用,0.00740,CAR,,,0.00,否,否,否,否,,,否,否,,24,,,否,,,,1.000,红牛,红牛普通型,,,,,2025-01-01,9999-12-31
106,10001059,红牛维生素功能饮料/普通型/250ML/24/扫码促销-含箱内码/2024,已完成,启用,0.00740,CAR,,,,否,否,否,否,,,否,否,,,,,否,,,,1.000,红牛,红牛促销型,,,,,2025-01-01,9999-12-31
107,10001058,红牛维生素功能饮料/普通型/250ML/扫码促销/六罐装/2024,已完成,启用,0.00185,CAR,,,,否,否,否,否,,,否,否,,,,,否,,,,0.250,红牛,红牛六联包,,,,,2025-01-01,9999-12-31
108,10001057,红牛维生素功能饮料/普通型/250ML/24/扫码促销/2024,已完成,启用,0.00740,CAR,,,,否,否,否,否,,,否,否,,,,,否,,,,1.000,红牛,红牛促销型,,,,,2025-01-01,9999-12-31
109,11000234,战马/400ML/15/不含气/2024/1元乐享LPL版,已完成,启用,0.00730,CAR,,,,否,否,否,否,,,否,否,,,,,否,,,,1.000,瓶装战马,瓶装战马不含气,,,,,2025-01-01,9999-12-31
110,10001056,红牛维生素功能饮料/普通型/250ML/24/29周年普通箱内码/2024,已完成,启用,0.00740,CAR,,,,否,否,否,否,,,否,否,,,,,否,,,,1.000,红牛,红牛促销型,,,,,2025-01-01,9999-12-31
111,11000231,战马/310ML/24/罐装/2024无箱内码/1元乐享-篮球,已完成,启用,0.00840,CAR,,,,否,否,否,否,,,否,否,,,,,否,,,,1.000,罐装战马,罐装战马,,,,,2025-01-01,9999-12-31
112,11000230,战马/310ML/24/罐装/2024箱内码/1元乐享-篮球,已完成,启用,0.00840,CAR,,,,否,否,否,否,,,否,否,,,,,否,,,,1.000,罐装战马,罐装战马,,,,,2025-01-01,9999-12-31
113,10001053,红牛维生素功能饮料/普通型/250ML/24/广东促销/2024,已完成,启用,0.00740,CAR,,,,否,否,否,否,,,否,否,,,,,否,,,,1.000,红牛,红牛促销型,,,,,2025-01-01,9999-12-31
114,好智粒1*15,好智粒1*15,已完成,启用,0.00485,CAR,,,,否,否,否,否,,,否,否,,,,,否,,,,,,,,,,,2025-01-01,9999-12-31
115,好智粒1*24,好智粒1*24,已完成,启用,0.00650,CAR,,,,否,否,否,否,,,否,否,,,,,否,,,,,,,,,,,2025-01-01,9999-12-31
116,好智粒1*12,好智粒1*12,已完成,启用,0.00380,CAR,,,,否,否,否,否,,,否,否,,,,,否,,,,,,,,,,,2025-01-01,9999-12-31
117,,红牛胶带,已完成,启用,,CAR,,,,否,否,否,否,,,否,否,,,,,否,,,,,,,,,,,2025-01-01,9999-12-31
118,80000131,进口芙丝天然泉水/24/500ml/Still-蓝瓶,已完成,启用,0.01350,CAR,,,,否,否,否,否,,,否,否,,,,,否,,,,1.000,进口芙丝,进口芙丝Still,,,,,2025-01-01,9999-12-31
119,80000114,进口芙丝天然泉水/12/850ml/Still,已完成,启用,0.01140,CAR,,,0.00,否,否,否,否,,,否,是,散装,12,CAR,,否,24个月,玻璃瓶,,1.000,进口芙丝,进口芙丝Still,,,,,2023-01-01,9999-12-31
120,80000106,进口芙丝苏打水/12/375ml/Sparkling-黄瓜柠檬味,已完成,启用,0.00843,CAR,,,,否,否,否,否,,,否,否,,,,,否,,,,1.000,进口芙丝,进口芙丝Sparkling,,,,,2025-01-01,9999-12-31
121,80000103,进口气泡果味水/8罐/355ml/柠檬黄瓜味,已完成,启用,0.00310,CAR,,,,否,否,否,否,,,否,否,,,,,否,,,,1.000,进口芙丝,进口芙丝气泡果味水,,,,,2025-01-01,9999-12-31
122,80000102,进口气泡果味水/8罐/355ml/草莓生姜味,已完成,启用,0.00310,CAR,,,,否,否,否,否,,,否,否,,,,,否,,,,1.000,进口芙丝,进口芙丝气泡果味水,,,,,2025-01-01,9999-12-31
123,80000071,进口芙丝苏打水/12/375ml/Sparkling-青柠薄荷味,已完成,启用,0.00835,CAR,,,,否,否,否,否,,,否,否,,,,,否,,,,1.000,进口芙丝,进口芙丝Sparkling,,,,,2025-01-01,9999-12-31
124,80000070,进口芙丝苏打水/12/375ml/Sparkling-柑橘柠檬草味,已完成,启用,0.00843,CAR,,,,否,否,否,否,,,否,否,,,,,否,,,,1.000,进口芙丝,进口芙丝Sparkling,,,,,2025-01-01,9999-12-31
125,80000015,进口芙丝天然泉水/24/500ml/Still,已完成,启用,0.01350,CAR,,,,否,否,否,否,,,否,否,,,,,否,,,,1.000,进口芙丝,进口芙丝Still,,,,,2025-01-01,9999-12-31
126,80000014,进口芙丝天然泉水/24/330ml/Still,已完成,启用,0.00940,CAR,,,,否,否,否,否,,,否,否,,,,,否,,,,1.000,进口芙丝,进口芙丝Still,,,,,2025-01-01,9999-12-31
127,80000013,进口芙丝天然泉水/12/800ml/Still,已完成,启用,0.01661,CAR,,,,否,否,否,否,,,否,否,,,,,否,,,,1.000,进口芙丝,进口芙丝Still,,,,,2025-01-01,9999-12-31
128,80000012,进口芙丝天然泉水/24/375ml/Still,已完成,启用,0.01663,CAR,,,,否,否,否,否,,,否,否,,,,,否,,,,1.000,进口芙丝,进口芙丝Still,,,,,2025-01-01,9999-12-31
129,80000011,进口芙丝苏打水/12/800ml/Sparkling,已完成,启用,0.01661,CAR,,,,否,否,否,否,,,否,否,,,,,否,,,,1.000,进口芙丝,进口芙丝Sparkling,,,,,2025-01-01,9999-12-31
130,80000010,进口芙丝苏打水/24/375ml/Sparkling,已完成,启用,0.01675,CAR,,,,否,否,否,否,,,否,否,,,,,否,,,,1.000,进口芙丝,进口芙丝Sparkling,,,,,2025-01-01,9999-12-31
131,,芙丝青提葡萄味气泡水,已完成,启用,0.00860,CAR,,,,否,否,否,否,,,否,否,,,,,否,,,,1.000,国产芙丝,国产芙丝330ML气泡水,,,,,2025-01-01,9999-12-31
132,81000177,国产/风味饮料/500ML/15瓶/夏黑葡萄味,已完成,启用,0.00865,CAR,,,,否,否,否,否,,,否,否,,,,,否,,,,1.000,国产芙丝,国产芙丝500ML风味,,,,,2025-01-01,9999-12-31
133,81000175,国产/风味饮料/500ML/15瓶/黄柠檬青柠,已完成,启用,0.00865,CAR,,,,否,否,否,否,,,否,否,,,,,否,,,,1.000,国产芙丝,国产芙丝500ML风味,,,,,2025-01-01,9999-12-31
134,81000172,国产/风味饮料/500ML/15瓶/樱花白桃味,已完成,启用,0.00865,CAR,,,,否,否,否,否,,,否,否,,,,,否,,,,1.000,国产芙丝,国产芙丝500ML风味,,,,,2025-01-01,9999-12-31
135,,芙丝蛋白肽气泡水荔枝玫瑰味,已完成,启用,0.00670,CAR,,,,否,否,否,否,,,否,否,,,,,否,,,,1.000,国产芙丝,国产芙丝蛋白肽,,,,,2025-01-01,9999-12-31
136,,芙丝蛋白肽气泡水香茅味,已完成,启用,0.00670,CAR,,,,否,否,否,否,,,否,否,,,,,否,,,,1.000,国产芙丝,国产芙丝蛋白肽,,,,,2025-01-01,9999-12-31
137,81000204,国产/芙丝水500ML/24瓶装/静安璞隽联标,已完成,启用,0.01390,CAR,,,,否,否,否,否,,,否,否,,,,,否,,,,1.000,国产芙丝,国产芙丝500MLPET,,,,,2025-01-01,9999-12-31
138,81000200,国产/芙丝水500ML/24瓶装/沙漠钻石联标,已完成,启用,0.01390,CAR,,,,否,否,否,否,,,否,否,,,,,否,,,,1.000,国产芙丝,国产芙丝500MLPET,,,,,2025-01-01,9999-12-31
139,81000199,国产/芙丝水330ML/24瓶装/白膜/割箱-厦航专供,已完成,启用,0.00960,CAR,,,,否,否,否,否,,,否,否,,,,,否,,,,1.000,国产芙丝,国产芙丝330MLPET,,,,,2025-01-01,9999-12-31
140,81000162,国产/芙丝水375ML/20瓶/玻璃瓶/黑珍珠联名,已完成,启用,0.01380,CAR,,,,否,否,否,否,,,否,否,,,,,否,,,,1.000,国产芙丝,国产芙丝375ML玻璃瓶,,,,,2025-01-01,9999-12-31
141,81000152,国产/芙丝水375ML/20瓶装/玻璃瓶,已完成,启用,0.01380,CAR,,,,否,否,否,否,,,否,否,,,,,否,,,,1.000,国产芙丝,国产芙丝375ML玻璃瓶,,,,,2025-01-01,9999-12-31
142,81000144,国产/芙丝水375ML/12瓶装/柑橘柠檬草,已完成,启用,,CAR,,,,否,否,否,否,,,否,否,,,,,否,,,,1.000,国产芙丝,国产芙丝375MLPET,,,,,2025-01-01,9999-12-31
143,81000122,国产/芙丝水375ML/12瓶装/玻璃瓶,已完成,启用,,CAR,,,,否,否,否,否,,,否,否,,,,,否,,,,1.000,国产芙丝,国产芙丝375ML玻璃瓶,,,,,2025-01-01,9999-12-31
144,81000121,国产/芙丝水375ML/24瓶装/玻璃瓶,已完成,启用,,CAR,,,,否,否,否,否,,,否,否,,,,,否,,,,1.000,国产芙丝,国产芙丝375ML玻璃瓶,,,,,2025-01-01,9999-12-31
145,81000093,国产/芙丝蛋白肽气泡水249ml/12罐装/香茅味,已完成,启用,,CAR,,,0.00,否,否,否,否,,,否,否,,,,,否,,,,1.000,国产芙丝,国产芙丝蛋白肽,,,,,2025-01-01,9999-12-31
146,81000120,芙丝蛋白肽/249ML*6*2/香茅,0,启用,,CAR,,,,否,否,否,否,,,否,否,,,,,否,,,,1.000,国产芙丝,国产芙丝蛋白肽,,,,,2025-01-01,9999-12-31
147,81000119,芙丝蛋白肽/249ML*6/香茅,0,启用,,CAR,,,,否,否,否,否,,,否,否,,,,,否,,,,1.000,国产芙丝,国产芙丝蛋白肽,,,,,2025-01-01,9999-12-31
148,81000092,国产/芙丝蛋白肽气泡水249ml/12罐装/荔枝玫瑰味,0,启用,,CAR,,,,否,否,否,否,,,否,否,,,,,否,,,,1.000,国产芙丝,国产芙丝蛋白肽,,,,,2025-01-01,9999-12-31
149,81000118,芙丝蛋白肽/249ML*6*2/荔枝玫瑰,0,启用,,CAR,,,,否,否,否,否,,,否,否,,,,,否,,,,1.000,国产芙丝,国产芙丝蛋白肽,,,,,2025-01-01,9999-12-31
150,81000117,芙丝蛋白肽/249ML*6/荔枝玫瑰,已完成,启用,,CAR,,,0.00,否,否,否,否,,缩膜,否,否,,,,,否,,,,1.000,国产芙丝,国产芙丝蛋白肽,,,,,2025-01-01,9999-12-31
151,81000108,国产/芙丝气泡水330ML/12瓶装/青提葡萄/含投奖卡,已完成,启用,0.00430,CAR,,,,否,否,否,否,,,否,否,,,,,否,,,,1.000,国产芙丝,国产芙丝330ML气泡水,,,,,2025-01-01,9999-12-31
152,81000107,国产/芙丝气泡水330ML/12瓶装/樱花白桃/含投奖卡,已完成,启用,0.00430,CAR,,,,否,否,否,否,,,否,否,,,,,否,,,,1.000,国产芙丝,国产芙丝330ML气泡水,,,,,2025-01-01,9999-12-31
153,81000106,国产/芙丝气泡水330ML/12瓶装/青柠生姜/含投奖卡,已完成,启用,0.00430,CAR,,,,否,否,否,否,,,否,否,,,,,否,,,,1.000,国产芙丝,国产芙丝330ML气泡水,,,,,2025-01-01,9999-12-31
154,81000193,国产/芙丝气泡水330ML/12瓶装/荔枝香橙,已完成,启用,0.00430,CAR,,,,否,否,否,否,,,否,否,,,,,否,,,,1.000,国产芙丝,国产芙丝330ML气泡水,,,,,2025-01-01,9999-12-31
155,81000105,国产/芙丝气泡水330ML/12瓶装/柠檬黄瓜,已完成,启用,0.00430,CAR,,,,否,否,否,否,,,否,否,,,,,否,,,,1.000,国产芙丝,国产芙丝330ML气泡水,,,,,2025-01-01,9999-12-31
156,81000104,国产/芙丝气泡水330ML/12瓶装/青提葡萄,已完成,启用,0.00430,CAR,,,,否,否,否,否,,,否,否,,,,,否,,,,1.000,国产芙丝,国产芙丝330ML气泡水,,,,,2025-01-01,9999-12-31
157,81000103,国产/芙丝气泡水330ML/12瓶装/樱花白桃,已完成,启用,0.00430,CAR,,,,否,否,否,否,,,否,否,,,,,否,,,,1.000,国产芙丝,国产芙丝330ML气泡水,,,,,2025-01-01,9999-12-31
158,81000102,国产/芙丝气泡水330ML/12瓶装/青柠生姜,已完成,启用,0.00430,CAR,,,,否,否,否,否,,,否,否,,,,,否,,,,1.000,国产芙丝,国产芙丝330ML气泡水,,,,,2025-01-01,9999-12-31
159,81000101,国产/芙丝气泡水330ML/24瓶装/柠檬黄瓜,已完成,启用,0.00860,CAR,,,,否,否,否,否,,,否,否,,,,,否,,,,1.000,国产芙丝,国产芙丝330ML气泡水,,,,,2025-01-01,9999-12-31
160,81000100,国产/芙丝气泡水330ML/24瓶装/青提葡萄,已完成,启用,0.00860,CAR,,,,否,否,否,否,,,否,否,,,,,否,,,,1.000,国产芙丝,国产芙丝330ML气泡水,,,,,2025-01-01,9999-12-31
161,81000099,国产/芙丝气泡水330ML/24瓶装/樱花白桃,已完成,启用,0.00860,CAR,,,,否,否,否,否,,,否,否,,,,,否,,,,1.000,国产芙丝,国产芙丝330ML气泡水,,,,,2025-01-01,9999-12-31
162,81000096,国产/芙丝气泡水330ML/24瓶装/青柠生姜,已完成,启用,0.00860,CAR,,,,否,否,否,否,,,否,否,,,,,否,,,,1.000,国产芙丝,国产芙丝330ML气泡水,,,,,2025-01-01,9999-12-31
163,81000164,国产/芙丝水330ML/24瓶装/滴滴联标/牛皮纸,已完成,启用,0.00928,CAR,,,,否,否,否,否,,,否,否,,,,,否,,,,1.000,国产芙丝,国产芙丝330MLPET,,,,,2025-01-01,9999-12-31
164,81000161,国产/芙丝水330ML/30瓶装/电商纯享,已完成,启用,0.01175,CAR,,,,否,否,否,否,,,否,否,,,,,否,,,,1.000,国产芙丝,国产芙丝330MLPET,,,,,2025-01-01,9999-12-31
165,81000160,国产/芙丝水500ML/20瓶装/电商纯享,已完成,启用,0.01145,CAR,,,,否,否,否,否,,,否,否,,,,,否,,,,1.000,国产芙丝,国产芙丝500MLPET,,,,,2025-01-01,9999-12-31
166,81000130,国产/芙丝水330ML/24瓶装/万达瑞华联标,已完成,启用,0.00960,CAR,,,,否,否,否,否,,,否,否,,,,,否,,,,1.000,国产芙丝,国产芙丝330MLPET,,,,,2025-01-01,9999-12-31
167,81000126,国产/芙丝水500ML/24瓶装/出口澳门,已完成,启用,0.01390,CAR,,,,否,否,否,否,,,否,否,,,,,否,,,,1.000,国产芙丝,国产芙丝500MLPET,,,,,2025-01-01,9999-12-31
168,81000125,国产/芙丝水330ML/24瓶装/出口澳门,已完成,启用,0.00960,CAR,,,,否,否,否,否,,,否,否,,,,,否,,,,1.000,国产芙丝,国产芙丝330MLPET,,,,,2025-01-01,9999-12-31
169,81000038,国产/芙丝水500ML/24瓶装/出口新加坡,已完成,启用,0.01390,CAR,,,,否,否,否,否,,,否,否,,,,,否,,,,1.000,国产芙丝,国产芙丝500MLPET,,,,,2025-01-01,9999-12-31
170,81000039,国产/芙丝水330ML/24瓶装/出口新加坡,已完成,启用,0.00960,CAR,,,,否,否,否,否,,,否,否,,,,,否,,,,1.000,国产芙丝,国产芙丝330MLPET,,,,,2025-01-01,9999-12-31
171,81000060,国产/芙丝水4L/4瓶装,已完成,启用,0.01770,CAR,,,,否,否,否,否,,,否,否,,,,,否,,,,1.000,国产芙丝,国产芙丝4LPET,,,,,2025-01-01,9999-12-31
172,81000064,国产/芙丝水330ML/24瓶装/电商/品鉴,已完成,启用,0.00920,CAR,,,,否,否,否,否,,,否,否,,,,,否,,,,1.000,国产芙丝,国产芙丝330MLPET,,,,,2025-01-01,9999-12-31
173,81000030,国产/芙丝水500ML/12瓶装/白膜,已完成,启用,0.00705,CAR,,,,否,否,否,否,,,否,否,,,,,否,,,,0.500,国产芙丝,国产芙丝500MLPET,,,,,2025-01-01,9999-12-31
174,81000195,国产/芙丝水330ML/24瓶装/WHDH联标,已完成,启用,0.00960,CAR,,,,否,否,否,否,,,否,否,,,,,否,,,,1.000,国产芙丝,国产芙丝330MLPET,,,,,2025-01-01,9999-12-31
175,81000195,国产/芙丝水330ML/24瓶装/湖北中烟联标,已完成,启用,0.00960,CAR,,,,否,否,否,否,,,否,否,,,,,否,,,,1.000,国产芙丝,国产芙丝330MLPET,,,,,2025-01-01,9999-12-31
176,81000194,国产/芙丝水330ML/24瓶装/LUX酒店联名,已完成,启用,0.00960,CAR,,,,否,否,否,否,,,否,否,,,,,否,,,,1.000,国产芙丝,国产芙丝330MLPET,,,,,2025-01-01,9999-12-31
177,81000190,国产/芙丝水330ML/24瓶装/特供装,已完成,启用,0.00960,CAR,,,,否,否,否,否,,,否,否,,,,,否,,,,1.000,国产芙丝,国产芙丝330MLPET,,,,,2025-01-01,9999-12-31
178,81000003,国产/芙丝水330ML/24瓶装/白膜,已完成,启用,0.00960,CAR,,,,否,否,否,否,,,否,否,,,,,否,,,,1.000,国产芙丝,国产芙丝330MLPET,,,,,2025-01-01,9999-12-31
179,81000001,国产/芙丝水330ML/24瓶装,已完成,启用,0.00960,CAR,,,,否,否,否,否,,,否,否,,,,,否,,,,1.000,国产芙丝,国产芙丝330MLPET,,,,,2025-01-01,9999-12-31
180,81000192,国产/芙丝水500ML/24瓶装/特供装,已完成,启用,0.01390,CAR,,,,否,否,否,否,,,否,否,,,,,否,,,,1.000,国产芙丝,国产芙丝500MLPET,,,,,2025-01-01,9999-12-31
181,81000141,国产/芙丝水500ML/24瓶装/红韵/圣诞装,已完成,启用,0.01390,CAR,,,,否,否,否,否,,,否,否,,,,,否,,,,1.000,国产芙丝,国产芙丝500MLPET,,,,,2025-01-01,9999-12-31
182,81000114,国产/芙丝水500ML/24瓶装/长江河湖联标,已完成,启用,0.01390,CAR,,,,否,否,否,否,,,否,否,,,,,否,,,,1.000,国产芙丝,国产芙丝500MLPET,,,,,2025-01-01,9999-12-31
183,81000113,国产/芙丝水500ML/24瓶装/便利蜂联标,已完成,启用,0.01390,CAR,,,,否,否,否,否,,,否,否,,,,,否,,,,1.000,国产芙丝,国产芙丝500MLPET,,,,,2025-01-01,9999-12-31
184,81000090,国产/芙丝水500ML/24瓶装/红韵,已完成,启用,0.01390,CAR,,,,否,否,否,否,,,否,否,,,,,否,,,,1.000,国产芙丝,国产芙丝500MLPET,,,,,2025-01-01,9999-12-31
185,81000002,国产/芙丝水500ML/24瓶装/白膜,已完成,启用,0.01390,CAR,,,,否,否,否,否,,,否,否,,,,,否,,,,1.000,国产芙丝,国产芙丝500MLPET,,,,,2025-01-01,9999-12-31
186,81000000,国产/芙丝水500ML/24瓶装,已完成,启用,0.01390,CAR,,,,否,否,否,否,,,否,否,,,,,否,,,,1.000,国产芙丝,国产芙丝500MLPET,,,,,2025-01-01,9999-12-31
187,70000124,唯他可可椰子水/原味/310ml/罐装,已完成,启用,0.00825,CAR,,,,否,否,否,否,,,否,否,,,,,否,,,,1.000,唯他可可,唯他可可310ML,,,,,2025-01-01,9999-12-31
188,70000121,唯他可可椰子水/醇香风味/500ml/PET瓶装,已完成,启用,0.00668,CAR,,,,否,否,否,否,,,否,否,,,,,否,,,,1.000,唯他可可,唯他可可500ML,,,,,2025-01-01,9999-12-31
189,70000060,唯他可可椰子水/原味/500ml/六瓶装,已完成,启用,0.00340,CAR,,,,否,否,否,否,,,否,否,,,,,否,,,,1.000,唯他可可,唯他可可500ML,,,,,2025-01-01,9999-12-31
190,70000051,唯他可可椰子水/原味/500ml,已完成,启用,0.00667,CAR,,,,否,否,否,否,,,否,否,,,,,否,,,,1.000,唯他可可,唯他可可500ML,,,,,2025-01-01,9999-12-31
191,70000050,唯他可可椰子水/蜂蜜味/330ml,已完成,启用,0.00450,CAR,,,,否,否,否,否,,,否,否,,,,,否,,,,1.000,唯他可可,唯他可可330ML,,,,,2025-01-01,9999-12-31
192,70000045,唯他可可椰子水/菠萝味/330ml,已完成,启用,0.00450,CAR,,,,否,否,否,否,,,否,否,,,,,否,,,,1.000,唯他可可,唯他可可330ML,,,,,2025-01-01,9999-12-31
193,70000043,唯他可可椰子水/原味/330ml/航空专用,已完成,启用,0.00450,CAR,,,,否,否,否,否,,,否,否,,,,,否,,,,1.000,唯他可可,唯他可可330ML,,,,,2025-01-01,9999-12-31
194,70000041,唯他可可椰子水/原味/1L/航空专用,已完成,启用,0.01320,CAR,,,,否,否,否,否,,,否,否,,,,,否,,,,1.000,唯他可可,唯他可可1L,,,,,2025-01-01,9999-12-31
195,70000128,唯他可可椰子水/凤梨口味/330ml,已完成,启用,0.00450,CAR,,,,否,否,否,否,,,否,否,,,,,否,,,,1.000,唯他可可,唯他可可330ML,,,,,2025-01-01,9999-12-31
196,70000123,唯他可可椰子水/醇香风味/330ml/利乐瓶装,已完成,启用,0.00450,CAR,,,,否,否,否,否,,,否,否,,,,,否,,,,1.000,唯他可可,唯他可可330ML,,,,,2025-01-01,9999-12-31
197,70000071,唯他可可椰子水/原味/330ml/天猫专供,已完成,启用,0.00450,CAR,,,,否,否,否,否,,,否,否,,,,,否,,,,1.000,唯他可可,唯他可可330ML,,,,,2025-01-01,9999-12-31
198,70000002,唯他可可椰子水/原味/330ml,已完成,启用,0.00450,CAR,,,,否,否,否,否,,,否,否,,,,,否,,,,1.000,唯他可可,唯他可可330ML,,,,,2025-01-01,9999-12-31
199,70000001,唯他可可椰子水/原味/1L,已完成,启用,0.01320,CAR,,,,否,否,否,否,,,否,否,,,,,否,,,,1.000,唯他可可,唯他可可1L,,,,,2025-01-01,9999-12-31
200,60000235,果倍爽/樱桃复合果汁/330ML/文案装,已完成,启用,0.00554,CAR,,,,否,否,否,否,,,否,否,,,,,否,,,,1.000,果倍爽,果倍爽330ML,,,,,2025-01-01,9999-12-31
201,60000234,果倍爽/红葡萄汁/330ML/文案装,已完成,启用,0.00554,CAR,,,,否,否,否,否,,,否,否,,,,,否,,,,1.000,果倍爽,果倍爽330ML,,,,,2025-01-01,9999-12-31
202,60000233,果倍爽/橙汁/330ML/文案装,已完成,启用,0.00554,CAR,,,,否,否,否,否,,,否,否,,,,,否,,,,1.000,果倍爽,果倍爽330ML,,,,,2025-01-01,9999-12-31
203,60000022,果倍爽/樱桃复合果汁/330ML,已完成,启用,0.00554,CAR,,,,否,否,否,否,,,否,否,,,,,否,,,,1.000,果倍爽,果倍爽330ML,,,,,2025-01-01,9999-12-31
204,60000021,果倍爽/红葡萄汁/330ML,已完成,启用,0.00554,CAR,,,,否,否,否,否,,,否,否,,,,,否,,,,1.000,果倍爽,果倍爽330ML,,,,,2025-01-01,9999-12-31
205,60000020,果倍爽/橙汁/330ML,已完成,启用,0.00554,CAR,,,,否,否,否,否,,,否,否,,,,,否,,,,1.000,果倍爽,果倍爽330ML,,,,,2025-01-01,9999-12-31
206,60000256,果倍爽/猕猴桃复合果汁/六袋装/200ML/果小包盲盒,已完成,启用,0.00420,CAR,,,,否,否,否,否,,,否,否,,,,,否,,,,1.000,果倍爽,果倍爽200ML,,,,,2025-01-01,9999-12-31
207,60000255,果倍爽/黑加仑复合果汁/六袋装/200ML/果小包盲盒,已完成,启用,0.00420,CAR,,,,否,否,否,否,,,否,否,,,,,否,,,,1.000,果倍爽,果倍爽200ML,,,,,2025-01-01,9999-12-31
208,60000254,果倍爽/桃苹果复合果汁/六袋装/200ML/果小包盲盒,已完成,启用,0.00420,CAR,,,,否,否,否,否,,,否,否,,,,,否,,,,1.000,果倍爽,果倍爽200ML,,,,,2025-01-01,9999-12-31
209,60000253,果倍爽/梨汁/六袋装/200ML/果小包盲盒,已完成,启用,0.00420,CAR,,,,否,否,否,否,,,否,否,,,,,否,,,,1.000,果倍爽,果倍爽200ML,,,,,2025-01-01,9999-12-31
210,60000252,果倍爽/白葡萄汁/六袋装/200ML/果小包盲盒,已完成,启用,0.00420,CAR,,,,否,否,否,否,,,否,否,,,,,否,,,,1.000,果倍爽,果倍爽200ML,,,,,2025-01-01,9999-12-31
211,60000251,果倍爽/橙汁/六袋装/200ML/果小包盲盒,已完成,启用,0.00420,CAR,,,,否,否,否,否,,,否,否,,,,,否,,,,1.000,果倍爽,果倍爽200ML,,,,,2025-01-01,9999-12-31
212,60000217,果倍爽/猕猴桃复合果汁/六袋装/200ML/2020年整箱促销,已完成,启用,0.00420,CAR,,,,否,否,否,否,,,否,否,,,,,否,,,,1.000,果倍爽,果倍爽200ML,,,,,2025-01-01,9999-12-31
213,60000216,果倍爽/黑加仑复合果汁/六袋装/200ML/2020年整箱促销,已完成,启用,0.00420,CAR,,,,否,否,否,否,,,否,否,,,,,否,,,,1.000,果倍爽,果倍爽200ML,,,,,2025-01-01,9999-12-31
214,60000215,果倍爽/桃苹果复合果汁/六袋装/200ML/2020年整箱促销,已完成,启用,0.00420,CAR,,,,否,否,否,否,,,否,否,,,,,否,,,,1.000,果倍爽,果倍爽200ML,,,,,2025-01-01,9999-12-31
215,60000214,果倍爽/梨汁/六袋装/200ML/2020年整箱促销,已完成,启用,0.00420,CAR,,,,否,否,否,否,,,否,否,,,,,否,,,,1.000,果倍爽,果倍爽200ML,,,,,2025-01-01,9999-12-31
216,60000213,果倍爽/白葡萄汁/六袋装/200ML/2020年整箱促销,已完成,启用,0.00420,CAR,,,,否,否,否,否,,,否,否,,,,,否,,,,1.000,果倍爽,果倍爽200ML,,,,,2025-01-01,9999-12-31
217,60000211,果倍爽/橙汁/六袋装/200ML/2020年整箱促销,已完成,启用,0.00420,CAR,,,,否,否,否,否,,,否,否,,,,,否,,,,1.000,果倍爽,果倍爽200ML,,,,,2025-01-01,9999-12-31
218,60000171,果倍爽/橙汁/六袋装/200ML/果小包,已完成,启用,0.00420,CAR,,,,否,否,否,否,,,否,否,,,,,否,,,,1.000,果倍爽,果倍爽200ML,,,,,2025-01-01,9999-12-31
219,60000221,果倍爽/橙汁/六袋装/200ML/运动版果小包,已完成,启用,0.00420,CAR,,,,否,否,否,否,,,否,否,,,,,否,,,,1.000,果倍爽,果倍爽200ML,,,,,2025-01-01,9999-12-31
220,60000185,果倍爽/猕猴桃复合果汁/六袋装/200ML/2019开箱有礼,已完成,启用,0.00420,CAR,,,,否,否,否,否,,,否,否,,,,,否,,,,1.000,果倍爽,果倍爽200ML,,,,,2025-01-01,9999-12-31
221,60000184,果倍爽/黑加仑复合果汁/六袋装/200ML/2019开箱有礼,已完成,启用,0.00420,CAR,,,,否,否,否,否,,,否,否,,,,,否,,,,1.000,果倍爽,果倍爽200ML,,,,,2025-01-01,9999-12-31
222,60000183,果倍爽/桃苹果复合果汁/六袋装/200ML/2019开箱有礼,已完成,启用,0.00420,CAR,,,,否,否,否,否,,,否,否,,,,,否,,,,1.000,果倍爽,果倍爽200ML,,,,,2025-01-01,9999-12-31
223,60000182,果倍爽/梨汁/六袋装/200ML/2019开箱有礼,已完成,启用,0.00420,CAR,,,,否,否,否,否,,,否,否,,,,,否,,,,1.000,果倍爽,果倍爽200ML,,,,,2025-01-01,9999-12-31
224,60000181,果倍爽/白葡萄汁/六袋装/200ML/2019开箱有礼,已完成,启用,0.00420,CAR,,,,否,否,否,否,,,否,否,,,,,否,,,,1.000,果倍爽,果倍爽200ML,,,,,2025-01-01,9999-12-31
225,60000180,果倍爽/橙汁/六袋装/200ML/2019开箱有礼,已完成,启用,0.00420,CAR,,,,否,否,否,否,,,否,否,,,,,否,,,,1.000,果倍爽,果倍爽200ML,,,,,2025-01-01,9999-12-31
226,60000091,果倍爽/猕猴桃复合果汁/200ML,已完成,启用,0.00420,CAR,,,,否,否,否,否,,,否,否,,,,,否,,,,1.000,果倍爽,果倍爽200ML,,,,,2025-01-01,9999-12-31
227,60000090,果倍爽/黑加仑复合果汁/200ML,已完成,启用,0.00420,CAR,,,,否,否,否,否,,,否,否,,,,,否,,,,1.000,果倍爽,果倍爽200ML,,,,,2025-01-01,9999-12-31
228,60000003,果倍爽/桃苹果复合果汁/200ML,已完成,启用,0.00420,CAR,,,,否,否,否,否,,,否,否,,,,,否,,,,1.000,果倍爽,果倍爽200ML,,,,,2025-01-01,9999-12-31
229,60000002,果倍爽/梨汁/200ML,已完成,启用,0.00420,CAR,,,,否,否,否,否,,,否,否,,,,,否,,,,1.000,果倍爽,果倍爽200ML,,,,,2025-01-01,9999-12-31
230,60000001,果倍爽/白葡萄汁/200ML,已完成,启用,0.00420,CAR,,,,否,否,否,否,,,否,否,,,,,否,,,,1.000,果倍爽,果倍爽200ML,,,,,2025-01-01,9999-12-31
231,60000000,果倍爽/橙汁/200ML,已完成,启用,0.00420,CAR,,,,否,否,否,否,,,否,否,,,,,否,,,,1.000,果倍爽,果倍爽200ML,,,,,2025-01-01,9999-12-31
232,,战马无糖解酒型试机装,已完成,启用,0.00495,CAR,,,,否,否,否,否,,,否,否,,,,,否,,,,1.000,罐装战马,罐装战马180ML,,,,,2025-01-01,9999-12-31
233,,战马无糖型试机装,已完成,启用,0.00495,CAR,,,,否,否,否,否,,,否,否,,,,,否,,,,1.000,罐装战马,罐装战马180ML,,,,,2025-01-01,9999-12-31
234,11000182,战马/180ML/24/罐装/含气/柠檬味,已完成,启用,0.00498,CAR,,,,否,否,否,否,,,否,否,,,,,否,,,,1.000,罐装战马,罐装战马180ML,,,,,2025-01-01,9999-12-31
235,11000181,战马/180ML/24/罐装/含气/西柚味,已完成,启用,0.00499,CAR,,,,否,否,否,否,,,否,否,,,,,否,,,,1.000,罐装战马,罐装战马180ML,,,,,2025-01-01,9999-12-31
236,11000180,战马/180ML/24/罐装/含气/白桃味,已完成,启用,0.00499,CAR,,,,否,否,否,否,,,否,否,,,,,否,,,,1.000,罐装战马,罐装战马180ML,,,,,2025-01-01,9999-12-31
237,11000179,战马/180ML/24/罐装/含气/无糖,已完成,启用,0.00499,CAR,,,,否,否,否,否,,,否,否,,,,,否,,,,1.000,罐装战马,罐装战马180ML,,,,,2025-01-01,9999-12-31
238,11000164,战马/180ML/6/罐装/玉米低聚肽,已完成,启用,0.00128,CAR,,,,否,否,否,否,,,否,否,,,,,否,,,,0.250,罐装战马,罐装战马180ML,,,,,2025-01-01,9999-12-31
239,11000163,战马/180ML/6/罐装/大豆肽,已完成,启用,0.00128,CAR,,,,否,否,否,否,,,否,否,,,,,否,,,,0.250,罐装战马,罐装战马180ML,,,,,2025-01-01,9999-12-31
240,11000162,战马/180ML/6/罐装/浓郁型,已完成,启用,0.00128,CAR,,,,否,否,否,否,,,否,否,,,,,否,,,,0.250,罐装战马,罐装战马180ML,,,,,2025-01-01,9999-12-31
241,11000161,战马/180ML/6/罐装/柠檬味,已完成,启用,0.00128,CAR,,,,否,否,否,否,,,否,否,,,,,否,,,,0.250,罐装战马,罐装战马180ML,,,,,2025-01-01,9999-12-31
242,11000160,战马/180ML/6/罐装/西柚味,已完成,启用,0.00128,CAR,,,,否,否,否,否,,,否,否,,,,,否,,,,0.250,罐装战马,罐装战马180ML,,,,,2025-01-01,9999-12-31
243,11000159,战马/180ML/6/罐装/白桃味,已完成,启用,0.00128,CAR,,,,否,否,否,否,,,否,否,,,,,否,,,,0.250,罐装战马,罐装战马180ML,,,,,2025-01-01,9999-12-31
244,11000221,战马/310ML/24/罐装/广东云南促销-篮球,已完成,启用,0.00840,CAR,,,,否,否,否,否,,,否,否,,,,,否,,,,1.000,罐装战马,罐装战马,,,,,2025-01-01,9999-12-31
245,11000214,战马/310ML/24/罐装/2023/穿越火线联名版,已完成,启用,0.00840,CAR,,,,否,否,否,否,,,否,否,,,,,否,,,,1.000,罐装战马,罐装战马,,,,,2025-01-01,9999-12-31
246,11000208,战马/310ML/24/罐装/常规-LPL女版,已完成,启用,0.00840,CAR,,,,否,否,否,否,,,否,否,,,,,否,,,,1.000,罐装战马,罐装战马,,,,,2025-01-01,9999-12-31
247,11000207,战马/310ML/24/罐装/广深东扫码-LPL女版,已完成,启用,0.00840,CAR,,,,否,否,否,否,,,否,否,,,,,否,,,,1.000,罐装战马,罐装战马,,,,,2025-01-01,9999-12-31
248,11000206,战马/310ML/24/罐装/1元乐享2023-LPL女版,已完成,启用,0.00840,CAR,,,,否,否,否,否,,,否,否,,,,,否,,,,1.000,罐装战马,罐装战马,,,,,2025-01-01,9999-12-31
249,11000205,战马/310ML/24/罐装/常规-LPL男版,已完成,启用,0.00840,CAR,,,,否,否,否,否,,,否,否,,,,,否,,,,1.000,罐装战马,罐装战马,,,,,2025-01-01,9999-12-31
250,11000204,战马/310ML/24/罐装/广深东扫码-LPL男版,已完成,启用,0.00840,CAR,,,,否,否,否,否,,,否,否,,,,,否,,,,1.000,罐装战马,罐装战马,,,,,2025-01-01,9999-12-31
251,11000203,战马/310ML/24/罐装/1元乐享2023-LPL男版,已完成,启用,0.00840,CAR,,,,否,否,否,否,,,否,否,,,,,否,,,,1.000,罐装战马,罐装战马,,,,,2025-01-01,9999-12-31
252,11000202,战马/310ML/24/罐装/常规-篮球,已完成,启用,0.00840,CAR,,,,否,否,否,否,,,否,否,,,,,否,,,,1.000,罐装战马,罐装战马,,,,,2025-01-01,9999-12-31
253,11000201,战马/310ML/24/罐装/广深东扫码-篮球,已完成,启用,0.00840,CAR,,,,否,否,否,否,,,否,否,,,,,否,,,,1.000,罐装战马,罐装战马,,,,,2025-01-01,9999-12-31
254,11000200,战马/310ML/24/罐装/1元乐享2023-篮球,已完成,启用,0.00840,CAR,,,,否,否,否,否,,,否,否,,,,,否,,,,1.000,罐装战马,罐装战马,,,,,2025-01-01,9999-12-31
255,11000178,战马/310ML/24/罐装/2022/常规-LPL男版,已完成,启用,0.00840,CAR,,,,否,否,否,否,,,否,否,,,,,否,,,,1.000,罐装战马,罐装战马,,,,,2025-01-01,9999-12-31
256,11000177,战马/310ML/24/罐装/2022/1元即享-LPL女版,已完成,启用,0.00840,CAR,,,,否,否,否,否,,,否,否,,,,,否,,,,1.000,罐装战马,罐装战马,,,,,2025-01-01,9999-12-31
257,11000176,战马/310ML/24/罐装/2022/1元即享-LPL男版,已完成,启用,0.00840,CAR,,,,否,否,否,否,,,否,否,,,,,否,,,,1.000,罐装战马,罐装战马,,,,,2025-01-01,9999-12-31
258,11000174,战马/310ML/24/罐装/2022/常规-LPL女版,已完成,启用,0.00840,CAR,,,,否,否,否,否,,,否,否,,,,,否,,,,1.000,罐装战马,罐装战马,,,,,2025-01-01,9999-12-31
259,11000173,战马/310ML/24/罐装/2022/常规-篮球,已完成,启用,0.00840,CAR,,,,否,否,否,否,,,否,否,,,,,否,,,,1.000,罐装战马,罐装战马,,,,,2025-01-01,9999-12-31
260,11000172,战马/310ML/24/罐装/2022/1元即享-街舞,已完成,启用,0.00840,CAR,,,,否,否,否,否,,,否,否,,,,,否,,,,1.000,罐装战马,罐装战马,,,,,2025-01-01,9999-12-31
261,11000171,战马/310ML/24/罐装/2022/1元即享-篮球,已完成,启用,0.00840,CAR,,,,否,否,否,否,,,否,否,,,,,否,,,,1.000,罐装战马,罐装战马,,,,,2025-01-01,9999-12-31
262,11000156,战马/310ML/24/罐装/2021/和平精英/扫码红包,已完成,启用,0.00840,CAR,,,,否,否,否,否,,,否,否,,,,,否,,,,1.000,罐装战马,罐装战马,,,,,2025-01-01,9999-12-31
263,11000155,战马/310ML/24/罐装/2021/和平精英/礼上有礼,已完成,启用,0.00840,CAR,,,,否,否,否,否,,,否,否,,,,,否,,,,1.000,罐装战马,罐装战马,,,,,2025-01-01,9999-12-31
264,11000153,战马/310ML/24/罐装/2021/扫码红包,已完成,启用,0.00840,CAR,,,,否,否,否,否,,,否,否,,,,,否,,,,1.000,罐装战马,罐装战马,,,,,2025-01-01,9999-12-31
265,11000152,战马/310ML/24/罐装/2021/礼上有礼,已完成,启用,0.00840,CAR,,,,否,否,否,否,,,否,否,,,,,否,,,,1.000,罐装战马,罐装战马,,,,,2025-01-01,9999-12-31
266,11000011,战马/310ML/24/罐装,已完成,启用,0.00840,CAR,,,,否,否,否,否,,,否,否,,,,,否,,,,1.000,罐装战马,罐装战马,,,,,2025-01-01,9999-12-31
267,11000080,战马/310ML/24/罐装/赠饮,已完成,启用,0.00840,CAR,,,,否,否,否,否,,,否,否,,,,,否,,,,1.000,罐装战马,罐装战马,,,,,2025-01-01,9999-12-31
268,11000140,战马/310ML/24/罐装/2020/箱内码,已完成,启用,0.00840,CAR,,,,否,否,否,否,,,否,否,,,,,否,,,,1.000,罐装战马,罐装战马,,,,,2025-01-01,9999-12-31
269,11000096,战马/310ML/24/罐装/2020/1元畅享,已完成,启用,0.00840,CAR,,,,否,否,否,否,,,否,否,,,,,否,,,,1.000,罐装战马,罐装战马,,,,,2025-01-01,9999-12-31
270,11000086,战马/310ML/24/罐装/2019/壹元乐享二阶段,已完成,启用,0.00840,CAR,,,,否,否,否,否,,,否,否,,,,,否,,,,1.000,罐装战马,罐装战马,,,,,2025-01-01,9999-12-31
271,11000131,战马/310ML/24/罐装/2020/扫码红包,已完成,启用,0.00840,CAR,,,,否,否,否,否,,,否,否,,,,,否,,,,1.000,罐装战马,罐装战马,,,,,2025-01-01,9999-12-31
272,11000130,战马/310ML/24/罐装/2020/1元轻松享,已完成,启用,0.00840,CAR,,,,否,否,否,否,,,否,否,,,,,否,,,,1.000,罐装战马,罐装战马,,,,,2025-01-01,9999-12-31
273,11000063,战马/310ML/24/罐装/2019壹元乐享,已完成,启用,0.00840,CAR,,,,否,否,否,否,,,否,否,,,,,否,,,,1.000,罐装战马,罐装战马,,,,,2025-01-01,9999-12-31
274,11000012,战马/310ML/24/罐装/2018壹元乐享,已完成,启用,0.00840,CAR,,,0.00,否,否,否,否,,,否,否,,,,,否,,,,1.000,罐装战马,罐装战马,,,,,2025-01-01,9999-12-31
275,11000143,战马/310ML/24/罐装/出口美国,已完成,启用,0.00840,CAR,,,,否,否,否,否,,,否,否,,,,,否,,,,1.000,罐装战马,罐装战马,,,,,2025-01-01,9999-12-31
276,11000092,战马/310ML/24/罐装/出口韩国,已完成,启用,0.00840,CAR,,,,否,否,否,否,,,否,否,,,,,否,,,,1.000,罐装战马,罐装战马,,,,,2025-01-01,9999-12-31
277,11000218,战马/500ML/24/含气,已完成,启用,0.01350,CAR,,,,否,否,否,否,,,否,否,,,,,否,,,,1.000,瓶装战马,瓶装战马含气,,,,,2025-01-01,9999-12-31
278,11000217,战马/500ML/24/原味,已完成,启用,0.01370,CAR,,,,否,否,否,否,,,否,否,,,,,否,,,,1.000,瓶装战马,瓶装战马不含气,,,,,2025-01-01,9999-12-31
279,11000213,战马/400ML/15/不含气/常规-LPL女版,已完成,启用,0.00730,CAR,,,,否,否,否,否,,,否,否,,,,,否,,,,1.000,瓶装战马,瓶装战马不含气,,,,,2025-01-01,9999-12-31
280,11000212,战马/400ML/15/不含气/常规-LPL男版,已完成,启用,0.00730,CAR,,,,否,否,否,否,,,否,否,,,,,否,,,,1.000,瓶装战马,瓶装战马不含气,,,,,2025-01-01,9999-12-31
281,11000211,战马/400ML/15/不含气/2023/1元乐享-LPL女版,已完成,启用,0.00730,CAR,,,,否,否,否,否,,,否,否,,,,,否,,,,1.000,瓶装战马,瓶装战马不含气,,,,,2025-01-01,9999-12-31
282,11000210,战马/400ML/15/不含气/2023/1元乐享-LPL男版,已完成,启用,0.00730,CAR,,,,否,否,否,否,,,否,否,,,,,否,,,,1.000,瓶装战马,瓶装战马不含气,,,,,2025-01-01,9999-12-31
283,11000184,战马/400ML/15/不含气/2022/1元即享-LPL女版,已完成,启用,0.00730,CAR,,,,否,否,否,否,,,否,否,,,,,否,,,,1.000,瓶装战马,瓶装战马不含气,,,,,2025-01-01,9999-12-31
284,11000183,战马/400ML/15/不含气/2022/1元即享-LPL男版,已完成,启用,0.00730,CAR,,,,否,否,否,否,,,否,否,,,,,否,,,,1.000,瓶装战马,瓶装战马不含气,,,,,2025-01-01,9999-12-31
285,11000094,战马/400ML/15/不含气/出口韩国,已完成,启用,0.00730,CAR,,,,否,否,否,否,,,否,否,,,,,否,,,,1.000,瓶装战马,瓶装战马不含气,,,,,2025-01-01,9999-12-31
286,11000151,战马/400ML/15/不含气/2021/扫码红包,已完成,启用,0.00730,CAR,,,,否,否,否,否,,,否,否,,,,,否,,,,1.000,瓶装战马,瓶装战马不含气,,,,,2025-01-01,9999-12-31
287,11000150,战马/400ML/15/不含气/2021/礼上有礼,已完成,启用,0.00730,CAR,,,,否,否,否,否,,,否,否,,,,,否,,,,1.000,瓶装战马,瓶装战马不含气,,,,,2025-01-01,9999-12-31
288,11000100,战马/400ML/15/不含气/2020/1元畅享,已完成,启用,0.00730,CAR,,,,否,否,否,否,,,否,否,,,,,否,,,,1.000,瓶装战马,瓶装战马不含气,,,,,2025-01-01,9999-12-31
289,11000083,战马/400ML/15/不含气/2019壹元乐享,已完成,启用,0.00730,CAR,,,,否,否,否,否,,,否,否,,,,,否,,,,1.000,瓶装战马,瓶装战马不含气,,,,,2025-01-01,9999-12-31
290,11000014,战马/400ML/15/不含气/2018壹元乐享,已完成,启用,0.00730,CAR,,,,否,否,否,否,,,否,否,,,,,否,,,,1.000,瓶装战马,瓶装战马不含气,,,,,2025-01-01,9999-12-31
291,11000084,战马/400ML/15/含气/2019壹元乐享,已完成,启用,0.00730,CAR,,,,否,否,否,否,,,否,否,,,,,否,,,,1.000,瓶装战马,瓶装战马含气,,,,,2025-01-01,9999-12-31
292,11000015,战马/400ML/15/含气/2018壹元乐享,已完成,启用,0.00730,CAR,,,,否,否,否,否,,,否,否,,,,,否,,,,1.000,瓶装战马,瓶装战马含气,,,,,2025-01-01,9999-12-31
293,11000046,战马/400ML/15/不含气/赠饮,已完成,启用,0.00730,CAR,,,,否,否,否,否,,,否,否,,,,,否,,,,1.000,瓶装战马,瓶装战马不含气,,,,,2025-01-01,9999-12-31
294,11000047,战马/400ML/15/含气/赠饮,已完成,启用,0.00730,CAR,,,,否,否,否,否,,,否,否,,,,,否,,,,1.000,瓶装战马,瓶装战马含气,,,,,2025-01-01,9999-12-31
295,11000088,战马/400ML/15/不含气/2019要疯产品,已完成,启用,0.00730,CAR,,,,否,否,否,否,,,否,否,,,,,否,,,,1.000,瓶装战马,瓶装战马不含气,,,,,2025-01-01,9999-12-31
296,11000040,战马/400ML/15/含气/战马要疯,已完成,启用,0.00730,CAR,,,,否,否,否,否,,,否,否,,,,,否,,,,1.000,瓶装战马,瓶装战马含气,,,,,2025-01-01,9999-12-31
297,11000112,战马/400ML/15/含气/2020/1元轻松享,已完成,启用,0.00730,CAR,,,,否,否,否,否,,,否,否,,,,,否,,,,1.000,瓶装战马,瓶装战马含气,,,,,2025-01-01,9999-12-31
298,11000114,战马/400ML/15/含气/2020/扫码红包,已完成,启用,0.00730,CAR,,,,否,否,否,否,,,否,否,,,,,否,,,,1.000,瓶装战马,瓶装战马含气,,,,,2025-01-01,9999-12-31
299,11000113,战马/400ML/15/不含气/2020/1元轻松享,已完成,启用,0.00730,CAR,,,,否,否,否,否,,,否,否,,,,,否,,,,1.000,瓶装战马,瓶装战马不含气,,,,,2025-01-01,9999-12-31
300,11000115,战马/400ML/15/不含气/2020/扫码红包,已完成,启用,0.00730,CAR,,,,否,否,否,否,,,否,否,,,,,否,,,,1.000,瓶装战马,瓶装战马不含气,,,,,2025-01-01,9999-12-31
301,11000002,战马/400ML/15/含气,已完成,启用,0.00730,CAR,,,,否,否,否,否,,,否,否,,,,,否,,,,1.000,瓶装战马,瓶装战马含气,,,,,2025-01-01,9999-12-31
302,11000001,战马/400ML/15/不含气,已完成,启用,0.00730,CAR,,,,否,否,否,否,,,否,否,,,,,否,,,,1.000,瓶装战马,瓶装战马不含气,,,,,2025-01-01,9999-12-31
303,,红牛强化型十二罐常规礼盒,已完成,启用,0.00370,CAR,,,,否,否,否,否,,,否,否,,,,,否,,,,0.500,红牛,十二罐礼盒,,,,,2025-01-01,9999-12-31
304,,红牛普通型十二罐常规礼盒,已完成,启用,0.00370,CAR,,,,否,否,否,否,,,否,否,,,,,否,,,,0.500,红牛,十二罐礼盒,,,,,2025-01-01,9999-12-31
305,10001044,红牛维生素功能饮料/普通型/250ML/24/29周年/广东箱内码一期/2024,已完成,启用,0.00740,CAR,,,,否,否,否,否,,,否,否,,,,,否,,,,1.000,红牛,红牛促销型,,,,,2025-01-01,9999-12-31
306,10001043,红牛维生素功能饮料/普通型/250ML/24/29周年/两元纸箱/台州专供一期,已完成,启用,0.00740,CAR,,,,否,否,否,否,,,否,否,,,,,否,,,,1.000,红牛,红牛促销型,,,,,2025-01-01,9999-12-31
307,10001035,红牛维生素功能饮料/牛磺酸强化型/250ml/24/29周年纪念装,已完成,启用,0.00740,CAR,,,,否,否,否,否,,,否,否,,,,,否,,,,1.000,红牛,红牛强化型,,,,,2025-01-01,9999-12-31
308,10001034,红牛维生素功能饮料/普通型/250ML/六罐装/29周年,已完成,启用,0.00185,包,,,,否,否,否,否,,,否,否,,,,,否,,,,0.250,红牛,红牛六联包,,,,,2025-01-01,9999-12-31
309,10001033,红牛维生素功能饮料/普通型/250ML/24/29周年纪念装,已完成,启用,0.00740,CAR,,,,否,否,否,否,,,否,否,,,,,否,,,,1.000,红牛,红牛普通型,,,,,2025-01-01,9999-12-31
310,10001029,红牛/250ML/24/28周年纪念装/广东促销二期/2023,已完成,启用,0.00740,CAR,,,,否,否,否,否,,,否,否,,,,,否,,,,1.000,红牛,红牛促销型,,,,,2025-01-01,9999-12-31
311,10001028,红牛/250ML/24/28周年纪念装/两元促销/台州专供三期,已完成,启用,0.00740,CAR,,,,否,否,否,否,,,否,否,,,,,否,,,,1.000,红牛,红牛促销型,,,,,2025-01-01,9999-12-31
312,10001025,红牛/普通型/250ML/24/2023普通装箱内码二期,已完成,启用,0.00740,CAR,,,,否,否,否,否,,,否,否,,,,,否,,,,1.000,红牛,红牛促销型,,,,,2025-01-01,9999-12-31
313,10001024,红牛/250ML/24/28周年纪念装/两元促销/台州专供二期,已完成,启用,0.00740,CAR,,,,否,否,否,否,,,否,否,,,,,否,,,,1.000,红牛,红牛促销型,,,,,2025-01-01,9999-12-31
314,10001017,红牛/250ML/24/28周年普通型-含箱内码/2023,已完成,启用,0.00740,CAR,,,,否,否,否,否,,,否,否,,,,,否,,,,1.000,红牛,红牛促销型,,,,,2025-01-01,9999-12-31
315,10001020,红牛/普通型/250ML/24/广东促销/2023,已完成,启用,0.00740,CAR,,,,否,否,否,否,,,否,否,,,,,否,,,,1.000,红牛,红牛促销型,,,,,2025-01-01,9999-12-31
316,10001016,红牛/普通型/250ML/24/扫码促销-含箱内码/2023,已完成,启用,0.00740,CAR,,,,否,否,否,否,,,否,否,,,,,否,,,,1.000,红牛,红牛促销型,,,,,2025-01-01,9999-12-31
317,10001015,红牛/250ML/扫码促销/六罐装/2023,已完成,启用,0.00185,CAR,,,,否,否,否,否,,,否,否,,,,,否,,,,0.250,红牛,红牛六联包,,,,,2025-01-01,9999-12-31
318,10001019,红牛/普通型/250ML/24/1元换购-藏区/2023,已完成,启用,0.00740,CAR,,,,否,否,否,否,,,否,否,,,,,否,,,,1.000,红牛,红牛促销型,,,,,2025-01-01,9999-12-31
319,10001018,红牛/普通型/250ML/24/1元换购/2023,已完成,启用,0.00740,CAR,,,,否,否,否,否,,,否,否,,,,,否,,,,1.000,红牛,红牛促销型,,,,,2025-01-01,9999-12-31
320,10001014,红牛/普通型/250ML/24/扫码促销/2023,已完成,启用,0.00740,CAR,,,,否,否,否,否,,,否,否,,,,,否,,,,1.000,红牛,红牛促销型,,,,,2025-01-01,9999-12-31
321,10001013,红牛/250ML/24/扫码促销/两元促销/台州专供,已完成,启用,0.00740,CAR,,,,否,否,否,否,,,否,否,,,,,否,,,,1.000,红牛,红牛促销型,,,,,2025-01-01,9999-12-31
322,10001003,红牛/强化型/250ml/蓝色/24/28周年,已完成,启用,0.00740,CAR,112.80,,,否,否,否,否,,,否,否,,,,,否,,,,1.000,红牛,红牛强化型,,,,,2025-01-01,9999-12-31
323,10001001,红牛/普通型/250ML/六罐装/28周年,已完成,启用,0.00185,CAR,,,,否,否,否,否,,,否,否,,,,,否,,,,0.250,红牛,红牛六联包,,,,,2025-01-01,9999-12-31
324,10001000,红牛/250ML/24/28周年纪念装,已完成,启用,0.00740,CAR,,,,否,否,否,否,,,否,否,,,,,否,,,,1.000,红牛,红牛普通型,,,,,2025-01-01,9999-12-31
325,10000998,红牛/250ML/24/28周年纪念装/两元促销/台州专供,已完成,启用,0.00740,CAR,,,,否,否,否,否,,,否,否,,,,,否,,,,1.000,红牛,红牛促销型,,,,,2025-01-01,9999-12-31
326,10000997,红牛/250ML/24/27周年版/两元促销/台州专供,已完成,启用,0.00740,CAR,,,,否,否,否,否,,,否,否,,,,,否,,,,1.000,红牛,红牛促销型,,,,,2025-01-01,9999-12-31
327,10001031,红牛维生素功能饮料/普通型/250ML/12/2024开门红加大礼盒,已完成,启用,0.00370,CAR,,,,否,否,否,否,,,否,否,,,,,否,,,,0.500,红牛,十二罐礼盒,,,,,2025-01-01,9999-12-31
328,10001030,红牛维生素功能饮料/普通型/250ML/12/2024开门红礼盒,已完成,启用,0.00370,CAR,,,,否,否,否,否,,,否,否,,,,,否,,,,0.500,红牛,十二罐礼盒,,,,,2025-01-01,9999-12-31
329,10000994,红牛/250ML/12/2023开门红加大礼盒,已完成,启用,0.00370,CAR,,,,否,否,否,否,,,否,否,,,,,否,,,,0.500,红牛,十二罐礼盒,,,,,2025-01-01,9999-12-31
330,10000993,红牛/250ML/12/2023开门红礼盒,已完成,启用,0.00370,CAR,,,,否,否,否,否,,,否,否,,,,,否,,,,0.500,红牛,十二罐礼盒,,,,,2025-01-01,9999-12-31
331,10000978,红牛/普通型/250ML/24/2022普通装箱内码2期,已完成,启用,0.00740,CAR,,,,否,否,否,否,,,否,否,,,,,否,,,,1.000,红牛,红牛促销型,,,,,2025-01-01,9999-12-31
332,10000962,红牛/普通型/250ML/24/1元乐享/2022,已完成,启用,0.00740,CAR,,,,否,否,否,否,,,否,否,,,,,否,,,,1.000,红牛,红牛促销型,,,,,2025-01-01,9999-12-31
333,10000961,红牛/普通型/250ML/24/广东促销/2022,已完成,启用,0.00740,CAR,,,,否,否,否,否,,,否,否,,,,,否,,,,1.000,红牛,红牛促销型,,,,,2025-01-01,9999-12-31
334,10000960,红牛/250ML/扫码促销/六罐装/缩膜装/2022,已完成,启用,0.00185,CAR,,,,否,否,否,否,,,否,否,,,,,否,,,,0.250,红牛,红牛六联包,,,,,2025-01-01,9999-12-31
335,10000959,红牛/普通型/250ML/24/2022普通装箱内码,已完成,启用,0.00740,CAR,,,,否,否,否,否,,,否,否,,,,,否,,,,1.000,红牛,红牛促销型,,,,,2025-01-01,9999-12-31
336,10000957,红牛/普通型/250ML/24/扫码促销-含箱内码/2022,已完成,启用,0.00740,CAR,,,,否,否,否,否,,,否,否,,,,,否,,,,1.000,红牛,红牛促销型,,,,,2025-01-01,9999-12-31
337,10000955,红牛/普通型/250ML/24/扫码促销/2022,已完成,启用,0.00740,CAR,,,,否,否,否,否,,,否,否,,,,,否,,,,1.000,红牛,红牛促销型,,,,,2025-01-01,9999-12-31
338,10000945,红牛/强化型/250ml/蓝色/24/27周年,已完成,启用,0.00740,CAR,,,,否,否,否,否,,,否,否,,,,,否,,,,1.000,红牛,红牛强化型,,,,,2025-01-01,9999-12-31
339,10000944,红牛/普通型/250ML/六罐装/27周年,已完成,启用,0.00185,CAR,,,,否,否,否,否,,,否,否,,,,,否,,,,0.250,红牛,红牛六联包,,,,,2025-01-01,9999-12-31
340,10000943,红牛/250ML/24/27周年纪念装,已完成,启用,0.00740,CAR,,,,否,否,否,否,,,否,否,,,,,否,,,,1.000,红牛,红牛普通型,,,,,2025-01-01,9999-12-31
341,10000938,红牛/250ML/12/2022开门红加大礼盒,已完成,启用,0.00370,CAR,,,,否,否,否,否,,,否,否,,,,,否,,,,0.500,红牛,十二罐礼盒,,,,,2025-01-01,9999-12-31
342,10000937,红牛/250ML/12/2022开门红礼盒,已完成,启用,0.00370,CAR,,,,否,否,否,否,,,否,否,,,,,否,,,,0.500,红牛,十二罐礼盒,,,,,2025-01-01,9999-12-31
343,10000932,红牛/普通型/250ML/24/普通箱内码促销/2021,已完成,启用,0.00740,CAR,,,,否,否,否,否,,,否,否,,,,,否,,,,1.000,红牛,红牛促销型,,,,,2025-01-01,9999-12-31
344,10000931,红牛/普通型/250ML/24/箱内码/电子标签/2021,已完成,启用,0.00740,CAR,,,,否,否,否,否,,,否,否,,,,,否,,,,1.000,红牛,红牛促销型,,,,,2025-01-01,9999-12-31
345,10000928,红牛/250ML/12/2021双节礼盒,已完成,启用,0.00370,CAR,,,,否,否,否,否,,,否,否,,,,,否,,,,0.500,红牛,十二罐礼盒,,,,,2025-01-01,9999-12-31
346,10000914,红牛/250ML/2021/扫码促销/六罐装/缩膜装,已完成,启用,0.00185,CAR,,,,否,否,否,否,,,否,否,,,,,否,,,,0.250,红牛,红牛六联包,,,,,2025-01-01,9999-12-31
347,10000919,红牛/普通型/250ML/24/1元享红牛/2021,已完成,启用,0.00740,CAR,,,,否,否,否,否,,,否,否,,,,,否,,,,1.000,红牛,红牛促销型,,,,,2025-01-01,9999-12-31
348,10000917,红牛/普通型/250ML/24/广东促销/2021,已完成,启用,0.00740,CAR,,,,否,否,否,否,,,否,否,,,,,否,,,,1.000,红牛,红牛促销型,,,,,2025-01-01,9999-12-31
349,10000916,红牛/普通型/250ML/24/广东促销-非电子标签/2021,已完成,启用,0.00740,CAR,,,,否,否,否,否,,,否,否,,,,,否,,,,1.000,红牛,红牛促销型,,,,,2025-01-01,9999-12-31
350,10000915,红牛/普通型/250ML/24/扫码促销-箱内码/2021,已完成,启用,0.00740,CAR,,,,否,否,否,否,,,否,否,,,,,否,,,,1.000,红牛,红牛促销型,,,,,2025-01-01,9999-12-31
351,10000913,红牛/普通型/250ML/24/扫码促销/2021,已完成,启用,0.00740,CAR,,,,否,否,否,否,,,否,否,,,,,否,,,,1.000,红牛,红牛促销型,,,,,2025-01-01,9999-12-31
352,10000845,红牛/250ML/2020/1元轻松享/六罐装/缩膜装,已完成,启用,0.00185,CAR,,,,否,否,否,否,,,否,否,,,,,否,,,,0.250,红牛,红牛六联包,,,,,2025-01-01,9999-12-31
353,10000843,红牛/250ML/2020/扫码促销/六罐装/缩膜装,已完成,启用,0.00185,CAR,,,,否,否,否,否,,,否,否,,,,,否,,,,0.250,红牛,红牛六联包,,,,,2025-01-01,9999-12-31
354,10000788,红牛/普通型/250ML/2019壹元再享/六罐装/缩膜装,已完成,启用,0.00185,CAR,,,,否,否,否,否,,,否,否,,,,,否,,,,0.250,红牛,红牛六联包,,,,,2025-01-01,9999-12-31
355,10000784,红牛/普通型/250ML/2019扫码促销/六罐装/缩膜装,已完成,启用,0.00185,CAR,,,,否,否,否,否,,,否,否,,,,,否,,,,0.250,红牛,红牛六联包,,,,,2025-01-01,9999-12-31
356,10000750,红牛/普通型/250ML/2018壹元乐享/六罐装/缩膜装,已完成,启用,0.00185,CAR,,,0.00,否,否,否,否,,,是,否,6×4,24,包,,否,18个月,马口铁,,0.250,红牛,红牛六联包,,,,,2025-01-01,9999-12-31
357,10000746,红牛/普通型/250ML/2018扫码促销/六罐装/缩膜装,0,禁用,0.00185,CAR,,,0.00,否,否,否,否,,,是,否,6×4,24,包,,否,18个月,马口铁,,0.250,红牛,红牛六联包,,,,,2025-01-01,9999-12-31
358,10000901,红牛/普通型/250ML/六罐装/26周年,已完成,启用,0.00185,CAR,,,,否,否,否,否,,,否,否,,,,,否,,,,0.250,红牛,红牛六联包,,,,,2025-01-01,9999-12-31
359,10000820,红牛/普通型/250ML/六罐装/25周年,已完成,启用,0.00185,CAR,,,,否,否,否,否,,,否,否,,,,,否,,,,0.250,红牛,红牛六联包,,,,,2025-01-01,9999-12-31
360,10000387,红牛/普通型/250ML/六罐装/缩膜装,已完成,启用,0.00185,CAR,,,,否,否,否,否,,,否,否,,,,,否,,,,0.250,红牛,红牛六联包,,,,,2025-01-01,9999-12-31
361,10000044,红牛维生素功能饮料/牛磺酸强化型/250ml/四罐装,已完成,启用,0.00123,CAR,,,,否,否,否,否,,,否,否,,,,,否,,,,0.167,红牛,强化四罐礼盒,,,,,2025-01-01,9999-12-31
362,10000001,红牛/强化型/250ml/蓝色/24,已完成,启用,0.00740,CAR,,,,否,否,否,否,,,否,否,,,,,否,,,,1.000,红牛,红牛强化型,,,,,2025-01-01,9999-12-31
363,10000177,红牛/强化型/250ml/蓝色/24/充氮,已完成,启用,0.00740,CAR,,,,否,否,否,否,,,否,否,,,,,否,,,,1.000,红牛,红牛强化型,,,,,2025-01-01,9999-12-31
364,10000902,红牛/强化型/250ml/蓝色/24/26周年,已完成,启用,0.00740,CAR,,,,否,否,否,否,,,否,否,,,,,否,,,,1.000,红牛,红牛强化型,,,,,2025-01-01,9999-12-31
365,10000822,红牛/强化型/250ml/蓝色/24/25周年,已完成,启用,0.00740,CAR,,,,否,否,否,否,,,否,否,,,,,否,,,,1.000,红牛,红牛强化型,,,,,2025-01-01,9999-12-31
366,10000844,红牛/普通型/250ML/24/1元轻松享/2020,已完成,启用,0.00740,CAR,,,,否,否,否,否,,,否,否,,,,,否,,,,1.000,红牛,红牛促销型,,,,,2025-01-01,9999-12-31
367,10000787,红牛/普通型/250ML/24/壹元再享/2019,已完成,启用,0.00740,CAR,,,,否,否,否,否,,,否,否,,,,,否,,,,1.000,红牛,红牛促销型,,,,,2025-01-01,9999-12-31
368,10000748,红牛/普通型/250ML/24/壹元乐享/2018,已完成,启用,0.00740,CAR,,,,否,否,否,否,,,否,否,,,,,否,,,,1.000,红牛,红牛促销型,,,,,2025-01-01,9999-12-31
369,10000832,红牛/普通型/250ML/24/华新扫码-3元箱码/2020,已完成,启用,0.00740,CAR,,,,否,否,否,否,,,否,否,,,,,否,,,,1.000,红牛,红牛促销型,,,,,2025-01-01,9999-12-31
370,10000831,红牛/普通型/250ML/24/扫码促销-3元箱码/2020,已完成,启用,0.00740,CAR,,,,否,否,否,否,,,否,否,,,,,否,,,,1.000,红牛,红牛促销型,,,,,2025-01-01,9999-12-31
371,10000830,红牛/普通型/250ML/24/扫码促销-2元箱码/2020,已完成,启用,0.00740,CAR,,,,否,否,否,否,,,否,否,,,,,否,,,,1.000,红牛,红牛促销型,,,,,2025-01-01,9999-12-31
372,10000794,红牛/普通型/250ML/24/扫码促销-3元纸箱/2019,已完成,启用,0.00740,CAR,,,,否,否,否,否,,,否,否,,,,,否,,,,1.000,红牛,红牛促销型,,,,,2025-01-01,9999-12-31
373,10000829,红牛/普通型/250ML/24/扫码促销/2020,已完成,启用,0.00740,CAR,,,,否,否,否,否,,,否,否,,,,,否,,,,1.000,红牛,红牛促销型,,,,,2025-01-01,9999-12-31
374,10000783,红牛/普通型/250ML/24/扫码促销/2019,已完成,启用,0.00740,CAR,,,,否,否,否,否,,,否,否,,,,,否,,,,1.000,红牛,红牛促销型,,,,,2025-01-01,9999-12-31
375,10000795,红牛/普通型/250ML/24/华新/扫码促销-3元纸箱/2019,已完成,启用,0.00740,CAR,,,,否,否,否,否,,,否,否,,,,,否,,,,1.000,红牛,红牛促销型,,,,,2025-01-01,9999-12-31
376,10000785,红牛/普通型/250ML/24/华新/扫码促销/2019,已完成,启用,0.00740,CAR,,,,否,否,否,否,,,否,否,,,,,否,,,,1.000,红牛,红牛促销型,,,,,2025-01-01,9999-12-31
377,10000745,红牛/普通型/250ML/24/2018扫码促销/华新专供,已完成,启用,0.00740,CAR,,,,否,否,否,否,,,否,否,,,,,否,,,,1.000,红牛,红牛促销型,,,,,2025-01-01,9999-12-31
378,10000744,红牛/普通型/250ML/24/扫码促销/2018,已完成,启用,0.00740,CAR,,,,否,否,否,否,,,否,否,,,,,否,,,,1.000,红牛,红牛促销型,,,,,2025-01-01,9999-12-31
379,10000819,红牛/普通型/250ML/24/华新/25周年,已完成,启用,0.00740,CAR,,,,否,否,否,否,,,否,否,,,,,否,,,,1.000,红牛,红牛普通型,,,,,2025-01-01,9999-12-31
380,10000163,红牛/普通型/250ml/24/华新/充氮,已完成,启用,0.00740,CAR,,,,否,否,否,否,,,否,否,,,,,否,,,,1.000,红牛,红牛普通型,,,,,2025-01-01,9999-12-31
381,10000876,红牛/普通型/250ML/24/华南1元轻松享/2020,已完成,启用,0.00740,CAR,,,,否,否,否,否,,,否,否,,,,,否,,,,1.000,红牛,红牛促销型,,,,,2025-01-01,9999-12-31
382,10000875,红牛/普通型/250ML/24/华南促销/2021,已完成,启用,0.00740,CAR,,,,否,否,否,否,,,否,否,,,,,否,,,,1.000,红牛,红牛促销型,,,,,2025-01-01,9999-12-31
383,10000869,红牛/普通型/250ML/24/箱内码促销/2020,待审核,启用,0.00740,CAR,,,0.00,是,否,否,是,,胶带,是,否,12×2,24,,,否,18个月,马口铁,,1.000,红牛,红牛促销型,,,,,2025-01-01,9999-12-31
384,10000766,红牛/普通型/250ML/24/华新2元回收/2018,已完成,启用,0.00740,CAR,,,,否,否,否,否,,,否,否,,,,,否,,,,1.000,红牛,红牛促销型,,,,,2025-01-01,9999-12-31
385,10000765,红牛/普通型/250ML/24/南区2元回收/2018,已完成,启用,0.00740,CAR,,,,否,否,否,否,,,否,否,,,,,否,,,,1.000,红牛,红牛促销型,,,,,2025-01-01,9999-12-31
386,10000896,红牛/250ML/12/2021开门红专项礼盒,已完成,启用,0.00370,CAR,,,,否,否,否,否,,,否,否,,,,,否,,,,0.500,红牛,十二罐礼盒,,,,,2025-01-01,9999-12-31
387,10000895,红牛/250ML/12/2021开门红礼盒,已完成,启用,0.00370,CAR,,,,否,否,否,否,,,否,否,,,,,否,,,,0.500,红牛,十二罐礼盒,,,,,2025-01-01,9999-12-31
388,10000864,红牛/250ML/24/专供型,已完成,启用,0.00740,CAR,,,,否,否,否,否,,,否,否,,,,,否,,,,1.000,红牛,红牛普通型,,,,,2025-01-01,9999-12-31
389,10000900,红牛/250ML/24/26周年纪念装,已完成,启用,0.00740,CAR,,,,否,否,否,否,,,否,否,,,,,否,,,,1.000,红牛,红牛普通型,,,,,2025-01-01,9999-12-31
390,10000818,红牛/250ML/24/25周年纪念装,已完成,启用,0.00740,CAR,,,0.00,否,否,否,否,,,否,否,,12,,,否,,,,1.000,红牛,红牛普通型,,,,,2025-01-01,9999-12-31
391,10000002,红牛/普通型/250ml/24/非卖品,已完成,启用,0.00740,CAR,,,,否,否,否,否,,,否,否,,,,,否,,,,1.000,红牛,红牛普通型,,,,,2025-01-01,9999-12-31
392,10000813,红牛/普通型/250ml/24,已完成,启用,0.00740,CAR,,,0.00,否,否,否,否,,,否,否,,24,,,否,,,,1.000,红牛,红牛普通型,,,,,2025-01-01,9999-12-31
