序号,物料大类,条码/物料编码,物料名称/描述,规格型号,分类/物料组,计量单位,品牌,自定义类别,保质期(天),保质期预警(天),保留小数,状态,供应链可用状态,标箱折扣系数,货期(天),默认价格,是否标识管理,是否费用化资产,税率(%),物料来源,ABC分类,创建时间
1,综合物资,30001345,磷酸二氢钾/含量≥99% 25KG/包,,辅料,KG,,,,,4,已启用,启用,,,,否,否,13,自制,B,2026-01-28 10:00:53
2,综合物资,30001344,尿素/含氮≥46.4% 50KG/包,,辅料,KG,,,,,4,已启用,启用,,,,否,否,13,自制,B,2026-01-28 10:00:53
3,综合物资,8000012469,辅助耗材/储运部,,劳保用品,PC,,,,,0,已启用,启用,,,,否,否,13,自制,,2025-10-13 15:50:32
4,综合物资,55000461,BG-得力 T1680 胶套本(墨色轻染) 16K 80张,,办公用品,本,,LVC低值易耗品,,,0,已启用,启用,,,,否,否,13,自制,,2025-09-28 16:08:04
5,综合物资,55000386,BG-得力 7689 螺旋本螺旋本笔记本 80页 A4,,办公用品,本,,LVC低值易耗品,,,0,已启用,启用,,,,否,否,13,自制,,2025-09-28 16:08:04
6,综合物资,55000385,BG-渡边 SA7803/SA7806 竖翻螺旋本 A7 80页 混色,,办公用品,本,,LVC低值易耗品,,,0,已启用,启用,,,,否,否,13,自制,,2025-09-28 16:08:04
7,综合物资,55000339,BG-得力 3472 费用报销审批单 210*105mm 75张/本 白色,,办公用品,本,,LVC低值易耗品,,,0,已启用,启用,,,,否,否,13,自制,,2025-09-28 16:08:04
8,综合物资,55000337,BG-西玛 SS030107 差旅费用报销单 240*140,,办公用品,本,,LVC低值易耗品,,,0,已启用,启用,,,,否,否,13,自制,,2025-09-28 16:08:04
9,综合物资,55000336,BG-西玛 SS030308 费用报销单（210-114） 210*114,,办公用品,本,,LVC低值易耗品,,,0,已启用,启用,,,,否,否,13,自制,,2025-09-28 16:08:04
10,综合物资,55000335,BG-立信 费用报销单121-30 30K,,办公用品,本,,LVC低值易耗品,,,0,已启用,启用,,,,否,否,13,自制,,2025-09-28 16:08:04
11,综合物资,55000334,BG-立信 121-48 费用报销单 48K,,办公用品,本,,LVC低值易耗品,,,0,已启用,启用,,,,否,否,13,自制,,2025-09-28 16:08:04
12,综合物资,55000332,BG-浩立信 支付证明单01020044（35-623),,办公用品,本,,LVC低值易耗品,,,0,已启用,启用,,,,否,否,13,自制,,2025-09-28 16:08:04
13,综合物资,55000330,BG-得力 6424 学生横线百事贴大 102*152mm 原木色 40页/本,,办公用品,本,,LVC低值易耗品,,,0,已启用,启用,,,,否,否,13,自制,,2025-09-28 16:08:04
14,综合物资,55000329,BG-得力 6416 自粘性标贴 14*25mm 白色,,办公用品,本,,LVC低值易耗品,,,0,已启用,启用,,,,否,否,13,自制,,2025-09-28 16:08:04
15,综合物资,55000324,BG-N次贴 34046 N次贴 28X45MM 30张/本,,办公用品,本,,LVC低值易耗品,,,0,已启用,启用,,,,否,否,13,自制,,2025-09-28 16:08:04
16,综合物资,55000323,BG-得力 6418 自粘性标贴 35*50mm 白色,,办公用品,本,,LVC低值易耗品,,,0,已启用,启用,,,,否,否,13,自制,,2025-09-28 16:08:04
17,综合物资,55000321,BG-N次贴 34044 可再贴纸质条书写分类索引片 28x25mmx 48张/,,办公用品,本,,LVC低值易耗品,,,0,已启用,启用,,,,否,否,13,自制,,2025-09-28 16:08:04
18,综合物资,55000320,BG-得力 7182 自粘性标贴 25*53MM 600袋/箱 白色 红框,,办公用品,本,,LVC低值易耗品,,,0,已启用,启用,,,,否,否,13,自制,,2025-09-28 16:08:04
19,综合物资,55000279,笔记本/2025,,办公用品,本,,LVC低值易耗品,,,0,已启用,启用,,,,否,否,13,自制,,2025-09-28 16:08:04
20,综合物资,55000236,"BG-史泰博 百事贴 76mm x 76mm,100张/本 黄色",,办公用品,本,,LVC低值易耗品,,,0,已启用,启用,,,,否,否,13,自制,,2025-09-28 16:08:04
21,综合物资,55000234,BG-得力 三联入库单据(黄)87*175mm  35K,,办公用品,本,,LVC低值易耗品,,,0,已启用,启用,,,,否,否,13,自制,,2025-09-28 16:08:04
22,综合物资,55000233,BG-得力 三联出库单据 175*87mm 黄色,,办公用品,本,,LVC低值易耗品,,,0,已启用,启用,,,,否,否,13,自制,,2025-09-28 16:08:04
23,综合物资,55000230,BG-得力 凭证包角 195*145mm 25张/本 棕黄色,,办公用品,本,,LVC低值易耗品,,,0,已启用,启用,,,,否,否,13,自制,,2025-09-28 16:08:04
24,综合物资,55000075,BG-晨光 优事贴 76*127mm 100页 黄色/2024,,办公用品,本,,LVC低值易耗品,,,0,已启用,启用,,,,否,否,13,自制,,2025-09-28 16:08:04
25,综合物资,55000073,BG-晨光 自粘便条纸 76*127mm 100页/2024,,办公用品,本,,LVC低值易耗品,,,0,已启用,启用,,,,否,否,13,自制,,2025-09-28 16:08:04
26,综合物资,55000072,BG-得力 百事贴 76*126mm 黄色 100页/2024,,办公用品,本,,LVC低值易耗品,,,0,已启用,启用,,,,否,否,13,自制,,2025-09-28 16:08:04
27,综合物资,55000071,BG-得力 百事贴 76*76mm 黄色/2024,,办公用品,本,,LVC低值易耗品,,,0,已启用,启用,,,,否,否,13,自制,,2025-09-28 16:08:04
28,综合物资,55000070,BG-史泰博 百事贴 76mm x 76mm 黄色 100张/2024,,办公用品,本,,LVC低值易耗品,,,0,已启用,启用,,,,否,否,13,自制,,2025-09-28 16:08:04
29,综合物资,50012539,经销商认购协议书/重点客户/2025,,渠道促销品宣传常规,本,,RCX红牛促销品,,,0,已启用,启用,,,,否,否,13,自制,,2025-09-28 16:08:04
30,综合物资,50012538,经销商合作公约/重点客户/2025,,渠道促销品宣传常规,本,,RCX红牛促销品,,,0,已启用,启用,,,,否,否,13,自制,,2025-09-28 16:08:04
31,综合物资,50012537,经销商认购协议书/传统渠道/2025,,渠道促销品宣传常规,本,,RCX红牛促销品,,,0,已启用,启用,,,,否,否,13,自制,,2025-09-28 16:08:04
32,综合物资,50012536,经销商合作公约/传统渠道/2025,,渠道促销品宣传常规,本,,RCX红牛促销品,,,0,已启用,启用,,,,否,否,13,自制,,2025-09-28 16:08:04
33,综合物资,50012245,台历/普通款JD/2025,,渠道促销品宣传常规,本,,RCX红牛促销品,,,0,已启用,启用,,,,否,否,13,自制,,2025-09-28 16:08:04
34,综合物资,50012244,台历/普通款HM/2025,,渠道促销品宣传常规,本,,RCX红牛促销品,,,0,已启用,启用,,,,否,否,13,自制,,2025-09-28 16:08:04
35,综合物资,50009173,笔记本/2023,,渠道促销品宣传常规,本,,RCX红牛促销品,,,0,已启用,启用,,,,否,否,13,自制,,2025-09-28 16:08:04
36,综合物资,50009172,台历/升级款/2023,,渠道促销品宣传常规,本,,RCX红牛促销品,,,0,已启用,启用,,,,否,否,13,自制,,2025-09-28 16:08:04
37,综合物资,50009171,台历/普通款/2023,,渠道促销品宣传常规,本,,RCX红牛促销品,,,0,已启用,启用,,,,否,否,13,自制,,2025-09-28 16:08:04
38,综合物资,50008029,笔记本/2022,,渠道促销品宣传常规,本,,RCX红牛促销品,,,0,已启用,启用,,,,否,否,13,自制,,2025-09-28 16:08:04
39,综合物资,55000466,BG-公牛 GN-UUTQ12 魔方插座 插线板 插排 拖线板 1.5米,,办公用品,个,,LVC低值易耗品,,,0,已启用,启用,,,,否,否,13,自制,,2025-09-28 16:06:55
40,综合物资,55000465,BG-公牛 GNV-M103W 魔方插座 一转三 3位 白色 无线,,办公用品,个,,LVC低值易耗品,,,0,已启用,启用,,,,否,否,13,自制,,2025-09-28 16:06:55
41,综合物资,55000464,BG-雷达 无味 杀虫气雾剂 600ml,,办公用品,瓶,,LVC低值易耗品,,,0,已启用,启用,,,,否,否,13,自制,,2025-09-28 16:06:55
42,综合物资,55000463,BG-得力 6906 中性笔芯 0.5mm 黑色,,办公用品,只,,LVC低值易耗品,,,0,已启用,启用,,,,否,否,13,自制,,2025-09-28 16:06:55
43,综合物资,55000462,BG-得力 6796 台式中性笔 0.5mm 灰色,,办公用品,只,,LVC低值易耗品,,,0,已启用,启用,,,,否,否,13,自制,,2025-09-28 16:06:55
44,综合物资,55000460,BG-悦山 商务职员椅网椅 600*660*1020mm,,办公用品,个,,LVC低值易耗品,,,0,已启用,启用,,,,否,否,13,自制,,2025-09-28 16:06:55
45,综合物资,55000459,BG-得力 9911 碎纸机 德标4级（单次8张 16L 持续10分钟 可碎卡碎,,办公用品,台,,LVC低值易耗品,,,0,已启用,启用,,,,否,否,13,自制,,2025-09-28 16:06:55
46,综合物资,55000458,BG-闪迪 DDC3高速酷柔手机U盘 256GB Type-C USB3.1 黑,,办公用品,个,,LVC低值易耗品,,,0,已启用,启用,,,,否,否,13,自制,,2025-09-28 16:06:55
47,综合物资,55000457,BG-闪迪 SDCZ48-256G Z46 至尊高速 U盘 USB3.0 256,,办公用品,片,,LVC低值易耗品,,,0,已启用,启用,,,,否,否,13,自制,,2025-09-28 16:06:55
48,综合物资,55000456,BG-金士顿 DTSE9G3 U盘 DTSE9G3 512G,,办公用品,个,,LVC低值易耗品,,,0,已启用,启用,,,,否,否,13,自制,,2025-09-28 16:06:55
49,综合物资,55000455,BG-金士顿 DTMAX/512G U盘 USB3.2 银黑色,,办公用品,条,,LVC低值易耗品,,,0,已启用,启用,,,,否,否,13,自制,,2025-09-28 16:06:55
50,综合物资,55000454,BG-西部数据 WDBUZG0010BBK Element 移动硬盘 1T US,,办公用品,片,,LVC低值易耗品,,,0,已启用,启用,,,,否,否,13,自制,,2025-09-28 16:06:55
51,综合物资,55000453,BG-茶花 07061T 吉虹衣架 挑色需线下沟通 41.8*21.3*0.84,,办公用品,组,,LVC低值易耗品,,,0,已启用,启用,,,,否,否,13,自制,,2025-09-28 16:06:55
52,综合物资,55000452,BG-维达 V0036C 超韧4层8张手帕纸 210*210mm 36包/条,,办公用品,条,,LVC低值易耗品,,,0,已启用,启用,,,,否,否,13,自制,,2025-09-28 16:06:55
53,综合物资,55000451,BG-维达 VW1009 去菌湿巾 温和无香 单片独立装 10片/包,,办公用品,包,,LVC低值易耗品,,,0,已启用,启用,,,,否,否,13,自制,,2025-09-28 16:06:55
54,综合物资,55000450,BG-公牛 GN-212 (新）单控三联插座 1.8米,,办公用品,个,,LVC低值易耗品,,,0,已启用,启用,,,,否,否,13,自制,,2025-09-28 16:06:55
55,综合物资,55000408,BG-传美 复印纸 140*210mm 80g 500张/包 10包/箱,,办公用品,箱,,LVC低值易耗品,,,0,已启用,启用,,,,否,否,13,自制,,2025-09-28 16:06:55
56,综合物资,55000407,史泰博 80G 常规装复印纸 A5 白色,,办公用品,箱,,LVC低值易耗品,,,0,已启用,启用,,,,否,否,13,自制,,2025-09-28 16:06:55
57,综合物资,55000406,BG-史泰博 241四联二等分压线 电脑打印纸 色序-白蓝红黄 彩色 1000页,,办公用品,箱,,LVC低值易耗品,,,0,已启用,启用,,,,否,否,13,自制,,2025-09-28 16:06:55
58,综合物资,55000404,BG-史泰博 SX48-1 小号金属色美工刀 9mm,,办公用品,把,,LVC低值易耗品,,,0,已启用,启用,,,,否,否,13,自制,,2025-09-28 16:06:55
59,综合物资,55000403,BG-得力 9070 手工白胶 40ml 混色,,办公用品,只,,LVC低值易耗品,,,0,已启用,启用,,,,否,否,13,自制,,2025-09-28 16:06:55
60,综合物资,55000402,BG-得力 30325 封箱胶带 60mm*100y*50um 透明色,,办公用品,卷,,LVC低值易耗品,,,0,已启用,启用,,,,否,否,13,自制,,2025-09-28 16:06:55
61,综合物资,55000401,BG-得力 30320 封箱胶带 60mm*30y*50um 透明色,,办公用品,卷,,LVC低值易耗品,,,0,已启用,启用,,,,否,否,13,自制,,2025-09-28 16:06:55
62,综合物资,55000400,BG-西玛 SZ600171 A5凭证装订封面 212*150mm 25套/包,,办公用品,包,,LVC低值易耗品,,,0,已启用,启用,,,,否,否,13,自制,,2025-09-28 16:06:55
63,综合物资,55000399,BG-优玛仕 6mm*50mm 空心钻刀 1支/盒 金属银色,,办公用品,只,,LVC低值易耗品,,,0,已启用,启用,,,,否,否,13,自制,,2025-09-28 16:06:55
64,综合物资,55000398,BG-得力 5302 双强力夹 A4 蓝色,,办公用品,个,,LVC低值易耗品,,,0,已启用,启用,,,,否,否,13,自制,,2025-09-28 16:06:55
65,综合物资,55000397,BG-得力 5302 双强力夹 A4 黑色,,办公用品,个,,LVC低值易耗品,,,0,已启用,启用,,,,否,否,13,自制,,2025-09-28 16:06:55
66,综合物资,55000396,BG-得力 0236 重型起钉器 黑色,,办公用品,个,,LVC低值易耗品,,,0,已启用,启用,,,,否,否,13,自制,,2025-09-28 16:06:55
67,综合物资,55000395,BG-得力 9256 书写板夹 A4,,办公用品,个,,LVC低值易耗品,,,0,已启用,启用,,,,否,否,13,自制,,2025-09-28 16:06:55
68,综合物资,55000394,BG-得力 5308 单长压夹 A4 蓝色,,办公用品,个,,LVC低值易耗品,,,0,已启用,启用,,,,否,否,13,自制,,2025-09-28 16:06:55
69,综合物资,55000393,BG-得力 30CM钢直尺8463,,办公用品,把,,LVC低值易耗品,,,0,已启用,启用,,,,否,否,13,自制,,2025-09-28 16:06:55
70,综合物资,55000392,BG-得力 8462 钢直尺 20cm,,办公用品,把,,LVC低值易耗品,,,0,已启用,启用,,,,否,否,13,自制,,2025-09-28 16:06:55
71,综合物资,55000391,BG-得力 8461 钢直尺 15cm,,办公用品,把,,LVC低值易耗品,,,0,已启用,启用,,,,否,否,13,自制,,2025-09-28 16:06:55
72,综合物资,55000390,BG-得力 6055 特氟龙剪刀,,办公用品,把,,LVC低值易耗品,,,0,已启用,启用,,,,否,否,13,自制,,2025-09-28 16:06:55
73,综合物资,55000389,BG-得力 6010 剪刀 210mm 黑色,,办公用品,把,,LVC低值易耗品,,,0,已启用,启用,,,,否,否,13,自制,,2025-09-28 16:06:55
74,综合物资,55000388,BG-得力 7093 固体胶 36g 112*30mm,,办公用品,只,,LVC低值易耗品,,,0,已启用,启用,,,,否,否,13,自制,,2025-09-28 16:06:55
75,综合物资,55000387,BG-得力 7382 修正液 12ml,,办公用品,只,,LVC低值易耗品,,,0,已启用,启用,,,,否,否,13,自制,,2025-09-28 16:06:55
76,综合物资,55000384,BG-晨光 MF5301 米菲插盖式荧光笔 粉色,,办公用品,只,,LVC低值易耗品,,,0,已启用,启用,,,,否,否,13,自制,,2025-09-28 16:06:55
77,综合物资,55000383,BG-晨光 MF5301 米菲插盖式荧光笔 黄色,,办公用品,只,,LVC低值易耗品,,,0,已启用,启用,,,,否,否,13,自制,,2025-09-28 16:06:55
78,综合物资,55000382,BG-晨光 MF5301 米菲插盖式荧光笔 绿色,,办公用品,只,,LVC低值易耗品,,,0,已启用,启用,,,,否,否,13,自制,,2025-09-28 16:06:55
79,综合物资,55000381,BG-晨光 MF5301 米菲插盖式荧光笔 紫色,,办公用品,只,,LVC低值易耗品,,,0,已启用,启用,,,,否,否,13,自制,,2025-09-28 16:06:55
80,综合物资,55000380,BG-晨光 MF5301 插盖式荧光笔 橙色,,办公用品,只,,LVC低值易耗品,,,0,已启用,启用,,,,否,否,13,自制,,2025-09-28 16:06:55
81,综合物资,55000379,BG-得力 6824 记号笔 思达小双头 红色,,办公用品,只,,LVC低值易耗品,,,0,已启用,启用,,,,否,否,13,自制,,2025-09-28 16:06:55
82,综合物资,55000378,BG-得力 6824 记号笔 思达小双头 蓝色,,办公用品,只,,LVC低值易耗品,,,0,已启用,启用,,,,否,否,13,自制,,2025-09-28 16:06:55
83,综合物资,55000377,BG-得力 6824 小双头油性记号笔 黑色,,办公用品,只,,LVC低值易耗品,,,0,已启用,启用,,,,否,否,13,自制,,2025-09-28 16:06:55
84,综合物资,55000376,BG-得力 S01 中性笔 0.5mm 红色,,办公用品,只,,LVC低值易耗品,,,0,已启用,启用,,,,否,否,13,自制,,2025-09-28 16:06:55
85,综合物资,55000375,BG-得力 S01 中性笔 0.5mm 黑色,,办公用品,只,,LVC低值易耗品,,,0,已启用,启用,,,,否,否,13,自制,,2025-09-28 16:06:55
86,综合物资,55000374,BG-得力 6916 中性笔芯 0.5mm 红色,,办公用品,只,,LVC低值易耗品,,,0,已启用,启用,,,,否,否,13,自制,,2025-09-28 16:06:55
87,综合物资,55000373,BG-得力 6916 中性笔芯 0.5mm 黑色,,办公用品,只,,LVC低值易耗品,,,0,已启用,启用,,,,否,否,13,自制,,2025-09-28 16:06:55
88,综合物资,55000372,BG-得力 5004 经济型资料册A4 40页 蓝色,,办公用品,个,,LVC低值易耗品,,,0,已启用,启用,,,,否,否,13,自制,,2025-09-28 16:06:55
89,综合物资,55000371,BG-得力 5005 经济型资料册A4 60页 蓝色,,办公用品,个,,LVC低值易耗品,,,0,已启用,启用,,,,否,否,13,自制,,2025-09-28 16:06:55
90,综合物资,55000370,BG-得力 5006 经济型资料册A4 80页 蓝色,,办公用品,个,,LVC低值易耗品,,,0,已启用,启用,,,,否,否,13,自制,,2025-09-28 16:06:55
91,综合物资,55000361,BG-晨光 MG6100 笔芯 0.38mm 黑色,,办公用品,只,,LVC低值易耗品,,,0,已启用,启用,,,,否,否,13,自制,,2025-09-28 16:06:55
92,综合物资,55000360,BG-晨光 K37 插盖式中性笔 0.38 黑色,,办公用品,只,,LVC低值易耗品,,,0,已启用,启用,,,,否,否,13,自制,,2025-09-28 16:06:55
93,综合物资,55000359,BG-得力 8597 推夹器 (1推夹器+8补充夹)透明白,,办公用品,个,,LVC低值易耗品,,,0,已启用,启用,,,,否,否,13,自制,,2025-09-28 16:06:55
94,综合物资,55000358,BG-得力 824 金属封箱器 6cm 红色,,办公用品,个,,LVC低值易耗品,,,0,已启用,启用,,,,否,否,13,自制,,2025-09-28 16:06:55
95,综合物资,55000357,BG-凯丰  30kg电子秤,,办公用品,个,,LVC低值易耗品,,,0,已启用,启用,,,,否,否,13,自制,,2025-09-28 16:06:55
96,综合物资,55000356,BG-冰禹 不锈钢台秤 高精度电子秤 150公斤,,办公用品,个,,LVC低值易耗品,,,0,已启用,启用,,,,否,否,13,自制,,2025-09-28 16:06:55
97,综合物资,55000355,BG-东洋 SA-101 油漆笔 2.8mm 白色,,办公用品,只,,LVC低值易耗品,,,0,已启用,启用,,,,否,否,13,自制,,2025-09-28 16:06:55
98,综合物资,55000354,BG-金万年 G-09401 秀丽笔 大楷,,办公用品,只,,LVC低值易耗品,,,0,已启用,启用,,,,否,否,13,自制,,2025-09-28 16:06:55
99,综合物资,55000353,BG-得力 33625 纳米双面胶带 15mm*3m*1mm (2卷/盒),,办公用品,盒,,LVC低值易耗品,,,0,已启用,启用,,,,否,否,13,自制,,2025-09-28 16:06:55
100,综合物资,55000352,BG-得力 JL521 强力纳米胶带无痕双面胶 30mm*2m*2mm,,办公用品,卷,,LVC低值易耗品,,,0,已启用,启用,,,,否,否,13,自制,,2025-09-28 16:06:55
101,综合物资,55000351,BG-得力 33607 纳米双面胶带 28mm*28mm*1mm（20片/包）,,办公用品,包,,LVC低值易耗品,,,0,已启用,启用,,,,否,否,13,自制,,2025-09-28 16:06:55
102,综合物资,55000350,BG-得力 7834 白板擦 125*50*25mm,,办公用品,个,,LVC低值易耗品,,,0,已启用,启用,,,,否,否,13,自制,,2025-09-28 16:06:55
103,综合物资,55000349,BG-得力 7090 高粘性固体胶 15G 白色,,办公用品,只,,LVC低值易耗品,,,0,已启用,启用,,,,否,否,13,自制,,2025-09-28 16:06:55
104,综合物资,55000348,BG-得力 2031 小号美工刀 9mm 灰白色,,办公用品,把,,LVC低值易耗品,,,0,已启用,启用,,,,否,否,13,自制,,2025-09-28 16:06:55
105,综合物资,55000347,BG-得力 0578 卷笔刀 迷你 随机色,,办公用品,个,,LVC低值易耗品,,,0,已启用,启用,,,,否,否,13,自制,,2025-09-28 16:06:55
106,综合物资,55000346,BG-真彩 009T 台笔 0.5MM 黑色,,办公用品,只,,LVC低值易耗品,,,0,已启用,启用,,,,否,否,13,自制,,2025-09-28 16:06:55
107,综合物资,55000345,BG-史泰博 彩色 分类纸 数字1-5，5色 A4,,办公用品,包,,LVC低值易耗品,,,0,已启用,启用,,,,否,否,13,自制,,2025-09-28 16:06:55
108,综合物资,55000344,BG-富得快 fd1000a 纸质分页纸 10色10级,,办公用品,包,,LVC低值易耗品,,,0,已启用,启用,,,,否,否,13,自制,,2025-09-28 16:06:55
109,综合物资,55000343,BG-得力 9868 快干印台 1个 红色,,办公用品,个,,LVC低值易耗品,,,0,已启用,启用,,,,否,否,13,自制,,2025-09-28 16:06:55
110,综合物资,55000342,BG-司泰博 平板车 黑色可折叠90*60cm 承载300KG,,办公用品,个,,LVC低值易耗品,,,0,已启用,启用,,,,否,否,13,自制,,2025-09-28 16:06:55
111,综合物资,55000341,BG-得力 2011 大号美工刀片(10片/盒),,办公用品,盒,,LVC低值易耗品,,,0,已启用,启用,,,,否,否,13,自制,,2025-09-28 16:06:55
112,综合物资,55000340,BG-得力 2001 大号美工刀 18mm 黄色,,办公用品,把,,LVC低值易耗品,,,0,已启用,启用,,,,否,否,13,自制,,2025-09-28 16:06:55
113,综合物资,55000338,BG-西玛 3015 优选费用报销单 210*110 50页/本 10本/包,,办公用品,包,,LVC低值易耗品,,,0,已启用,启用,,,,否,否,13,自制,,2025-09-28 16:06:55
114,综合物资,55000333,BG-浩立信 9211 深汕牌 费用报销单 24*12cm 白色,,办公用品,包,,LVC低值易耗品,,,0,已启用,启用,,,,否,否,13,自制,,2025-09-28 16:06:55
115,综合物资,55000331,BG-得力 78987 金属网状文件框带笔筒 三联 黑色,,办公用品,个,,LVC低值易耗品,,,0,已启用,启用,,,,否,否,13,自制,,2025-09-28 16:06:55
116,综合物资,55000328,BG-得力 9175 组合办公盒笔筒 196*98*99mm 黑色,,办公用品,个,,LVC低值易耗品,,,0,已启用,启用,,,,否,否,13,自制,,2025-09-28 16:06:55
117,综合物资,55000327,BG-晨光 ADM94754 金属文件盘 三层,,办公用品,个,,LVC低值易耗品,,,0,已启用,启用,,,,否,否,13,自制,,2025-09-28 16:06:55
118,综合物资,55000326,BG-得力 9847 三联文件框 黑色,,办公用品,个,,LVC低值易耗品,,,0,已启用,启用,,,,否,否,13,自制,,2025-09-28 16:06:55
119,综合物资,55000325,BG-得力 5654 拉链袋 A4 随机色,,办公用品,个,,LVC低值易耗品,,,0,已启用,启用,,,,否,否,13,自制,,2025-09-28 16:06:55
120,综合物资,55000322,BG-得力 9081 记事贴 76*51mm 100张/包 混色,,办公用品,包,,LVC低值易耗品,,,0,已启用,启用,,,,否,否,13,自制,,2025-09-28 16:06:55
121,综合物资,55000319,BG-史泰博 381一联一等分无压线 电脑打印纸 1000页/箱 白色,,办公用品,箱,,LVC低值易耗品,,,0,已启用,启用,,,,否,否,13,自制,,2025-09-28 16:06:55
122,综合物资,55000318,BG-史泰博 381一联二等分无压线 电脑打印纸 1000页/箱 白色,,办公用品,箱,,LVC低值易耗品,,,0,已启用,启用,,,,否,否,13,自制,,2025-09-28 16:06:55
123,综合物资,55000317,BG-清风 BR38A6/BR38A61 原木纯品双层150抽面巾纸 10包,,办公用品,组,,LVC低值易耗品,,,0,已启用,启用,,,,否,否,13,自制,,2025-09-28 16:06:55
124,综合物资,55000316,BG-史泰博 彩色压线 电脑打印纸 二联一等分 1000页/盒,,办公用品,盒,,LVC低值易耗品,,,0,已启用,启用,,,,否,否,13,自制,,2025-09-28 16:06:55
125,综合物资,55000315,BG-海氏海诺 免水 洗手消毒凝胶 500ml,,办公用品,瓶,,LVC低值易耗品,,,0,已启用,启用,,,,否,否,13,自制,,2025-09-28 16:06:55
126,综合物资,55000314,BG-维德 一次性医用外科口罩 灭菌型 白色 10只/袋,,办公用品,包,,LVC低值易耗品,,,0,已启用,启用,,,,否,否,13,自制,,2025-09-28 16:06:55
127,综合物资,55000313,BG-得力 837ES 计算器 12位,,办公用品,个,,LVC低值易耗品,,,0,已启用,启用,,,,否,否,13,自制,,2025-09-28 16:06:55
128,综合物资,55000312,BG-得力 0021 工字钉 23mm 彩色 35个/盒,,办公用品,盒,,LVC低值易耗品,,,0,已启用,启用,,,,否,否,13,自制,,2025-09-28 16:06:55
129,综合物资,55000311,"BG-史泰博 有孔 白板纸 56*90cm,80G 白色 50张/卷",,办公用品,卷,,LVC低值易耗品,,,0,已启用,启用,,,,否,否,13,自制,,2025-09-28 16:06:55
130,综合物资,55000310,BG-海亚森 TK-2014 扫把簸箕套装组合,,办公用品,套,,LVC低值易耗品,,,0,已启用,启用,,,,否,否,13,自制,,2025-09-28 16:06:55
131,综合物资,55000309,BG-敏胤 SD-2322 免手洗干湿平板拖单盒独立装,,办公用品,包,,LVC低值易耗品,,,0,已启用,启用,,,,否,否,13,自制,,2025-09-28 16:06:55
132,综合物资,55000308,BG-海亚森 TK-1003 超细纤维抹布加厚加大型,,办公用品,包,,LVC低值易耗品,,,0,已启用,启用,,,,否,否,13,自制,,2025-09-28 16:06:55
133,综合物资,55000307,BG-绿联 50737 USB-C转RJ45网口转换器网线转接头,,办公用品,个,,LVC低值易耗品,,,0,已启用,启用,,,,否,否,13,自制,,2025-09-28 16:06:55
134,综合物资,55000306,BG-惠普 CF513A 硒鼓 204A 品红色 900页,,办公用品,只,,LVC低值易耗品,,,0,已启用,启用,,,,否,否,13,自制,,2025-09-28 16:06:55
135,综合物资,55000305,BG-惠普 CF512A 硒鼓 204A 黄色 900页,,办公用品,只,,LVC低值易耗品,,,0,已启用,启用,,,,否,否,13,自制,,2025-09-28 16:06:55
136,综合物资,55000304,BG-惠普 CF511A 硒鼓 204A 青色 900页,,办公用品,只,,LVC低值易耗品,,,0,已启用,启用,,,,否,否,13,自制,,2025-09-28 16:06:55
137,综合物资,55000303,BG-得力 30064 文具胶带 18MM*20Y 透明色,,办公用品,卷,,LVC低值易耗品,,,0,已启用,启用,,,,否,否,13,自制,,2025-09-28 16:06:55
138,综合物资,55000302,BG-齐心 B2060 文件盘 三层 黑色,,办公用品,个,,LVC低值易耗品,,,0,已启用,启用,,,,否,否,13,自制,,2025-09-28 16:06:55
139,综合物资,55000301,BG-钊盛 ZS-813 三档文件栏 三格 黑色,,办公用品,个,,LVC低值易耗品,,,0,已启用,启用,,,,否,否,13,自制,,2025-09-28 16:06:55
140,综合物资,55000300,BG-英雄 883 小双头记号笔 黑色,,办公用品,只,,LVC低值易耗品,,,0,已启用,启用,,,,否,否,13,自制,,2025-09-28 16:06:55
141,综合物资,55000299,BG-得力 72495 资料册 A4 60页,,办公用品,个,,LVC低值易耗品,,,0,已启用,启用,,,,否,否,13,自制,,2025-09-28 16:06:55
142,综合物资,55000298,BG-科思特 K 2108b（CT350999）（鼓粉一体） 6000页 黑色,,办公用品,只,,LVC低值易耗品,,,0,已启用,启用,,,,否,否,13,自制,,2025-09-28 16:06:55
143,综合物资,55000297,BG-史泰博 70G 常规装复印纸 A3 白色 2500张,,办公用品,箱,,LVC低值易耗品,,,0,已启用,启用,,,,否,否,13,自制,,2025-09-28 16:06:55
144,综合物资,55000296,BG-史泰博 80G 超值装复印纸 A4 白色 2500张,,办公用品,箱,,LVC低值易耗品,,,0,已启用,启用,,,,否,否,13,自制,,2025-09-28 16:06:55
145,综合物资,55000295,BG-得印文具 18位钥匙盘+20个标记牌7423,,办公用品,个,,LVC低值易耗品,,,0,已启用,启用,,,,否,否,13,自制,,2025-09-28 16:06:55
146,综合物资,55000294,BG-安居先森1.4丝30*45cm背心款手提塑料袋透明100只/包,,办公用品,包,,LVC低值易耗品,,,0,已启用,启用,,,,否,否,13,自制,,2025-09-28 16:06:55
147,综合物资,55000293,BG-玉蜻蜓 -25度玻璃水 2桶/组,,办公用品,组,,LVC低值易耗品,,,0,已启用,启用,,,,否,否,13,自制,,2025-09-28 16:06:55
148,综合物资,55000292,BG-玉蜻蜓 0度玻璃水 2桶/组,,办公用品,组,,LVC低值易耗品,,,0,已启用,启用,,,,否,否,13,自制,,2025-09-28 16:06:55
149,综合物资,55000291,BG-得力 5511 透明缠绳档案袋 A4 透明白色,,办公用品,包,,LVC低值易耗品,,,0,已启用,启用,,,,否,否,13,自制,,2025-09-28 16:06:55
150,综合物资,55000290,BG-超霸 2025 超霸 2025纽扣电池 5粒/盒,,办公用品,盒,,LVC低值易耗品,,,0,已启用,启用,,,,否,否,13,自制,,2025-09-28 16:06:55
151,综合物资,55000289,BG-格之格 CF353A 红色碳粉盒,,办公用品,个,,LVC低值易耗品,,,0,已启用,启用,,,,否,否,13,自制,,2025-09-28 16:06:55
152,综合物资,55000288,BG-格之格 CF352A 黄色碳粉盒,,办公用品,个,,LVC低值易耗品,,,0,已启用,启用,,,,否,否,13,自制,,2025-09-28 16:06:55
153,综合物资,55000287,BG-格之格 CF351A 蓝色碳粉盒,,办公用品,个,,LVC低值易耗品,,,0,已启用,启用,,,,否,否,13,自制,,2025-09-28 16:06:55
154,综合物资,55000286,BG-格之格 CF350A 黑色碳粉盒,,办公用品,个,,LVC低值易耗品,,,0,已启用,启用,,,,否,否,13,自制,,2025-09-28 16:06:55
155,综合物资,55000285,BG-得力 7146 502胶水 3g,,办公用品,只,,LVC低值易耗品,,,0,已启用,启用,,,,否,否,13,自制,,2025-09-28 16:06:55
156,综合物资,55000284,BG-得力 7144 502强力胶 8G 透明色,,办公用品,只,,LVC低值易耗品,,,0,已启用,启用,,,,否,否,13,自制,,2025-09-28 16:06:55
157,综合物资,55000283,BG-传美 2000型 复印纸 B5 5000张,,办公用品,箱,,LVC低值易耗品,,,0,已启用,启用,,,,否,否,13,自制,,2025-09-28 16:06:55
158,综合物资,55000282,深蓝心 马桶垫纸1层250张/包（20包）/JD,,办公用品,箱,,LVC低值易耗品,,,0,已启用,启用,,,,否,否,13,自制,,2025-09-28 16:06:55
159,综合物资,55000281,清风 马桶垫纸1层250张/包（20包）/JD,,办公用品,箱,,LVC低值易耗品,,,0,已启用,启用,,,,否,否,13,自制,,2025-09-28 16:06:55
160,综合物资,55000280,心相印 擦手纸 225mm*215*1层*200抽/包（21包）/JD,,办公用品,箱,,LVC低值易耗品,,,0,已启用,启用,,,,否,否,13,自制,,2025-09-28 16:06:55
161,综合物资,55000278,BG-兄弟DCP-7180DN原装粉盒,,办公用品,只,,LVC低值易耗品,,,0,已启用,启用,,,,否,否,13,自制,,2025-09-28 16:06:55
162,综合物资,55000277,BG-兄弟DCP-7180DN国产粉盒,,办公用品,只,,LVC低值易耗品,,,0,已启用,启用,,,,否,否,13,自制,,2025-09-28 16:06:55
163,综合物资,55000276,BG-史泰博 70G 超值装复印纸A4 白色 500张/包 5包/箱,,办公用品,箱,,LVC低值易耗品,,,0,已启用,启用,,,,否,否,13,自制,,2025-09-28 16:06:55
164,综合物资,55000275,BG-格之格TN2325粉盒,,办公用品,只,,LVC低值易耗品,,,0,已启用,启用,,,,否,否,13,自制,,2025-09-28 16:06:55
165,综合物资,55000274,BG-格之格DR2350硒鼓,,办公用品,只,,LVC低值易耗品,,,0,已启用,启用,,,,否,否,13,自制,,2025-09-28 16:06:55
166,综合物资,55000273,BG-得印 TN2325 粉盒 2600页 黑色 易加粉,,办公用品,个,,LVC低值易耗品,,,0,已启用,启用,,,,否,否,13,自制,,2025-09-28 16:06:55
167,综合物资,55000272,BG-史泰博 80G 常规装复印纸 A5 白色 10包/箱,,办公用品,箱,,LVC低值易耗品,,,0,已启用,启用,,,,否,否,13,自制,,2025-09-28 16:06:55
168,综合物资,55000271,BG-彩格 CF218A PLUS版 粉盒 2000页 黑色,,办公用品,只,,LVC低值易耗品,,,0,已启用,启用,,,,否,否,13,自制,,2025-09-28 16:06:55
169,综合物资,55000270,BG-彩格 CF219A PLUS版 鼓架 12000页 黑色,,办公用品,只,,LVC低值易耗品,,,0,已启用,启用,,,,否,否,13,自制,,2025-09-28 16:06:55
170,综合物资,55000269,BG-得力 DEH-388AXL2 激光碳粉盒套装 3500页*2 黑色,,办公用品,套,,LVC低值易耗品,,,0,已启用,启用,,,,否,否,13,自制,,2025-09-28 16:06:55
171,综合物资,55000268,BG-得力 DBH-2612AT 硒鼓 易加粉 2000页 黑色,,办公用品,只,,LVC低值易耗品,,,0,已启用,启用,,,,否,否,13,自制,,2025-09-28 16:06:55
172,综合物资,55000267,BG-得力 DBH-388AT 激光碳粉盒  黑色,,办公用品,个,,LVC低值易耗品,,,0,已启用,启用,,,,否,否,13,自制,,2025-09-28 16:06:55
173,综合物资,55000266,BG-得力 DBH-2612AX 激光碳粉盒 3000页 黑色,,办公用品,只,,LVC低值易耗品,,,0,已启用,启用,,,,否,否,13,自制,,2025-09-28 16:06:55
174,综合物资,55000265,BG-得力 DBH-388AX 硒鼓 2000页 黑色,,办公用品,只,,LVC低值易耗品,,,0,已启用,启用,,,,否,否,13,自制,,2025-09-28 16:06:55
175,综合物资,55000264,BG-得力 Z7502 木尚复印纸 A4 70G 500张/包 5包/箱,,办公用品,箱,,LVC低值易耗品,,,0,已启用,启用,,,,否,否,13,自制,,2025-09-28 16:06:55
176,综合物资,55000263,BG-得力 7419莱茵河复印纸 A4 80g 500张/包 5包/箱,,办公用品,箱,,LVC低值易耗品,,,0,已启用,启用,,,,否,否,13,自制,,2025-09-28 16:06:55
177,综合物资,55000262,BG-联想 DVD-R 光盘/刻录盘 16速4.7GB 办公系列 桶装50片,,办公用品,桶,,LVC低值易耗品,,,0,已启用,启用,,,,否,否,13,自制,,2025-09-28 16:06:55
178,综合物资,55000261,BG-绿联 10107 HDMI线 2m 4K数字高清线 黑色,,办公用品,根,,LVC低值易耗品,,,0,已启用,启用,,,,否,否,13,自制,,2025-09-28 16:06:55
179,综合物资,55000260,BG-惠普 CC388A 硒鼓 88A 黑色 1支 1500页,,办公用品,只,,LVC低值易耗品,,,0,已启用,启用,,,,否,否,13,自制,,2025-09-28 16:06:55
180,综合物资,55000259,BG-佳能 CL-831 墨盒 9ml 彩色,,办公用品,盒,,LVC低值易耗品,,,0,已启用,启用,,,,否,否,13,自制,,2025-09-28 16:06:55
181,综合物资,55000258,BG-佳能 PG-830 墨盒 11ml 黑色,,办公用品,盒,,LVC低值易耗品,,,0,已启用,启用,,,,否,否,13,自制,,2025-09-28 16:06:55
182,综合物资,55000257,BG-得力 7757 彩色复印纸 A4 80G 浅红色 100张/包,,办公用品,包,,LVC低值易耗品,,,0,已启用,启用,,,,否,否,13,自制,,2025-09-28 16:06:55
183,综合物资,55000256,BG-得力 7757 彩色复印纸 A4 80G 浅黄色 100张/包,,办公用品,包,,LVC低值易耗品,,,0,已启用,启用,,,,否,否,13,自制,,2025-09-28 16:06:55
184,综合物资,55000255,BG-立信 2987 装订线 68m 白色,,办公用品,个,,LVC低值易耗品,,,0,已启用,启用,,,,否,否,13,自制,,2025-09-28 16:06:55
185,综合物资,55000254,BG-得力 9869 秒干印台 红色 直径85mm,,办公用品,个,,LVC低值易耗品,,,0,已启用,启用,,,,否,否,13,自制,,2025-09-28 16:06:55
186,综合物资,55000253,BG-立信 192-30 凭证封面 30K,,办公用品,袋,,LVC低值易耗品,,,0,已启用,启用,,,,否,否,13,自制,,2025-09-28 16:06:55
187,综合物资,55000252,BG-立信 192-20 增值税专用发票抵扣联凭证封面 20K 25套/袋,,办公用品,袋,,LVC低值易耗品,,,0,已启用,启用,,,,否,否,13,自制,,2025-09-28 16:06:55
188,综合物资,55000251,BG-立信 195-36 凭证包角 36K 195*145mm 25张/袋,,办公用品,袋,,LVC低值易耗品,,,0,已启用,启用,,,,否,否,13,自制,,2025-09-28 16:06:55
189,综合物资,55000250,BG-得力 8308 按扣文件袋  透明白色  全透明 10个/包,,办公用品,包,,LVC低值易耗品,,,0,已启用,启用,,,,否,否,13,自制,,2025-09-28 16:06:55
190,综合物资,55000249,BG-晨光 MF6001 涂改液 12ML 混色,,办公用品,只,,LVC低值易耗品,,,0,已启用,启用,,,,否,否,13,自制,,2025-09-28 16:06:55
191,综合物资,55000248,BG-瑾康秀安 JKXA1319 笑脸打包袋 45*70cm  50只,,办公用品,袋,,LVC低值易耗品,,,0,已启用,启用,,,,否,否,13,自制,,2025-09-28 16:06:55
192,综合物资,55000247,BG-优玛仕 4.8MM 装订铆管,,办公用品,个,,LVC低值易耗品,,,0,已启用,启用,,,,否,否,13,自制,,2025-09-28 16:06:55
193,综合物资,55000246,BG-优玛仕 5*50mm 空心钻刀 1支/盒 金属银色,,办公用品,盒,,LVC低值易耗品,,,0,已启用,启用,,,,否,否,13,自制,,2025-09-28 16:06:55
194,综合物资,55000245,"BG-史泰博  牛皮纸档案盒 4CM,A4(5个/封) 牛皮纸色",,办公用品,袋,,LVC低值易耗品,,,0,已启用,启用,,,,否,否,13,自制,,2025-09-28 16:06:55
195,综合物资,55000244,BG-西玛 SZ600123 发票版凭证装订封面 245*145mm,,办公用品,包,,LVC低值易耗品,,,0,已启用,启用,,,,否,否,13,自制,,2025-09-28 16:06:55
196,综合物资,55000243,BG-欣富凯 XFK206A 适用HP惠普M283fdw硒鼓,,办公用品,套,,LVC低值易耗品,,,0,已启用,启用,,,,否,否,13,自制,,2025-09-28 16:06:55
197,综合物资,55000242,BG-南孚 LR14 2号 碱性电池 2粒/盒,,办公用品,盒,,LVC低值易耗品,,,0,已启用,启用,,,,否,否,13,自制,,2025-09-28 16:06:55
198,综合物资,55000241,BG-南孚 LR20 1号 碱性电池 2粒/盒,,办公用品,盒,,LVC低值易耗品,,,0,已启用,启用,,,,否,否,13,自制,,2025-09-28 16:06:55
199,综合物资,55000240,BG-联想1T移动硬盘,,办公用品,个,,LVC低值易耗品,,,0,已启用,启用,,,,否,否,13,自制,,2025-09-28 16:06:55
200,综合物资,55000239,BG-联想512G移动硬盘,,办公用品,个,,LVC低值易耗品,,,0,已启用,启用,,,,否,否,13,自制,,2025-09-28 16:06:55
201,综合物资,55000238,BG-联想256G移动硬盘,,办公用品,个,,LVC低值易耗品,,,0,已启用,启用,,,,否,否,13,自制,,2025-09-28 16:06:55
202,综合物资,55000237,BG-史泰博 透明板夹 A4 蓝色 线型带刻度 塑料,,办公用品,个,,LVC低值易耗品,,,0,已启用,启用,,,,否,否,13,自制,,2025-09-28 16:06:55
203,综合物资,55000235,BG-得力 DBH-2612AX 激光碳粉盒 3000页 黑色,,办公用品,只,,LVC低值易耗品,,,0,已启用,启用,,,,否,否,13,自制,,2025-09-28 16:06:55
204,综合物资,55000232,BG-妙洁 MOJ(L) 巨易吸胶拖 35cm*133cm,,办公用品,把,,LVC低值易耗品,,,0,已启用,启用,,,,否,否,13,自制,,2025-09-28 16:06:55
205,综合物资,55000231,BG-立信 装订线 68m/卷 白色,,办公用品,卷,,LVC低值易耗品,,,0,已启用,启用,,,,否,否,13,自制,,2025-09-28 16:06:55
206,综合物资,55000229,BG-得力工具 DL9075Y 钢卷尺 7.5m/25ftx25mm,,办公用品,把,,LVC低值易耗品,,,0,已启用,启用,,,,否,否,13,自制,,2025-09-28 16:06:55
207,综合物资,55000228,BG-得力工具 DL9005Y 钢卷尺 5m/16ftx19mm,,办公用品,把,,LVC低值易耗品,,,0,已启用,启用,,,,否,否,13,自制,,2025-09-28 16:06:55
208,综合物资,55000227,BG-得力工具 DL9003Y 钢卷尺 3m/10ftx16mm,,办公用品,把,,LVC低值易耗品,,,0,已启用,启用,,,,否,否,13,自制,,2025-09-28 16:06:55
209,综合物资,55000226,BG-得力 7730 百事贴 76*19mm 400张/本 混色,,办公用品,包,,LVC低值易耗品,,,0,已启用,启用,,,,否,否,13,自制,,2025-09-28 16:06:55
210,综合物资,55000225,BG-3M 680-SH2 指示标签 25.4*43.2mm,,办公用品,包,,LVC低值易耗品,,,0,已启用,启用,,,,否,否,13,自制,,2025-09-28 16:06:55
211,综合物资,55000224,BG-真彩 白板笔蓝色,,办公用品,只,,LVC低值易耗品,,,0,已启用,启用,,,,否,否,13,自制,,2025-09-28 16:06:55
212,综合物资,55000223,BG-真彩 白板笔红色,,办公用品,只,,LVC低值易耗品,,,0,已启用,启用,,,,否,否,13,自制,,2025-09-28 16:06:55
213,综合物资,55000222,BG-真彩 白板笔黑色,,办公用品,只,,LVC低值易耗品,,,0,已启用,启用,,,,否,否,13,自制,,2025-09-28 16:06:55
214,综合物资,55000221,BG-真彩 A47 按动中性笔 0.5MM 红色,,办公用品,只,,LVC低值易耗品,,,0,已启用,启用,,,,否,否,13,自制,,2025-09-28 16:06:55
215,综合物资,55000220,BG-真彩 A47 按动中性笔 0.5MM 蓝色,,办公用品,只,,LVC低值易耗品,,,0,已启用,启用,,,,否,否,13,自制,,2025-09-28 16:06:55
216,综合物资,55000219,BG-真彩 A47 按动中性笔 0.5MM 黑色,,办公用品,只,,LVC低值易耗品,,,0,已启用,启用,,,,否,否,13,自制,,2025-09-28 16:06:55
217,综合物资,55000218,BG-晶华双面胶带（0.9cm*12码）32卷/组,,办公用品,组,,LVC低值易耗品,,,0,已启用,启用,,,,否,否,13,自制,,2025-09-28 16:06:55
218,综合物资,55000217,BG-晶华透明小胶带（12mm*15Y）12卷/组,,办公用品,组,,LVC低值易耗品,,,0,已启用,启用,,,,否,否,13,自制,,2025-09-28 16:06:55
219,综合物资,55000216,BG-晶华封箱胶(4.8*100m)  4卷/组,,办公用品,组,,LVC低值易耗品,,,0,已启用,启用,,,,否,否,13,自制,,2025-09-28 16:06:55
220,综合物资,55000215,BG-得力 小号美工刀片 9mm,,办公用品,盒,,LVC低值易耗品,,,0,已启用,启用,,,,否,否,13,自制,,2025-09-28 16:06:55
221,综合物资,55000214,BG-联想 无线键鼠 套装,,办公用品,套,,LVC低值易耗品,,,0,已启用,启用,,,,否,否,13,自制,,2025-09-28 16:06:55
222,综合物资,55000213,BG-联想 无线光学鼠标 蓝牙 黑色,,办公用品,个,,LVC低值易耗品,,,0,已启用,启用,,,,否,否,13,自制,,2025-09-28 16:06:55
223,综合物资,55000212,BG-罗技 无线键鼠套装 黑色 键鼠套装,,办公用品,套,,LVC低值易耗品,,,0,已启用,启用,,,,否,否,13,自制,,2025-09-28 16:06:55
224,综合物资,55000211,BG-罗技 无线键盘  黑色,,办公用品,个,,LVC低值易耗品,,,0,已启用,启用,,,,否,否,13,自制,,2025-09-28 16:06:55
225,综合物资,55000210,BG-罗技 鼠标 无线 灰色 便携可靠 时尚无线,,办公用品,个,,LVC低值易耗品,,,0,已启用,启用,,,,否,否,13,自制,,2025-09-28 16:06:55
226,综合物资,55000209,BG-惠普 无线键鼠套装 黑色,,办公用品,套,,LVC低值易耗品,,,0,已启用,启用,,,,否,否,13,自制,,2025-09-28 16:06:55
227,综合物资,55000208,BG-惠普 无线键盘 高效办公游戏键盘C10,,办公用品,个,,LVC低值易耗品,,,0,已启用,启用,,,,否,否,13,自制,,2025-09-28 16:06:55
228,综合物资,55000207,BG-惠普 无线鼠标 三档CPI可调 黑色,,办公用品,个,,LVC低值易耗品,,,0,已启用,启用,,,,否,否,13,自制,,2025-09-28 16:06:55
229,综合物资,55000206,BG-得力 简装黑色长尾票夹（12个/盒） 50MM 黑色,,办公用品,盒,,LVC低值易耗品,,,0,已启用,启用,,,,否,否,13,自制,,2025-09-28 16:06:55
230,综合物资,55000205,BG-得力 简装黑色长尾票夹 41mm 黑色,,办公用品,盒,,LVC低值易耗品,,,0,已启用,启用,,,,否,否,13,自制,,2025-09-28 16:06:55
231,综合物资,55000204,BG-得力 简装黑色长尾票夹 32MM 黑色 12个/盒,,办公用品,盒,,LVC低值易耗品,,,0,已启用,启用,,,,否,否,13,自制,,2025-09-28 16:06:55
232,综合物资,55000203,BG-得力 长尾票夹 25MM 12个/盒 黑色,,办公用品,盒,,LVC低值易耗品,,,0,已启用,启用,,,,否,否,13,自制,,2025-09-28 16:06:55
233,综合物资,55000202,BG-得力 简装黑色长尾票夹 19mm 黑色,,办公用品,盒,,LVC低值易耗品,,,0,已启用,启用,,,,否,否,13,自制,,2025-09-28 16:06:55
234,综合物资,55000201,BG-得力 简装黑色长尾票夹 15MM 12只/盒 黑色,,办公用品,盒,,LVC低值易耗品,,,0,已启用,启用,,,,否,否,13,自制,,2025-09-28 16:06:55
235,综合物资,55000200,BG-史泰博 按压式中性笔 12支/盒 0.5 红色,,办公用品,只,,LVC低值易耗品,,,0,已启用,启用,,,,否,否,13,自制,,2025-09-28 16:06:55
236,综合物资,55000199,BG-史泰博 按压式中性笔 12支/盒 0.5 蓝色,,办公用品,只,,LVC低值易耗品,,,0,已启用,启用,,,,否,否,13,自制,,2025-09-28 16:06:55
237,综合物资,55000198,BG-瑞沃 擦手纸盒 壁挂式 275mm*100mm*207mm 白色,,办公用品,个,,LVC低值易耗品,,,0,已启用,启用,,,,否,否,13,自制,,2025-09-28 16:06:55
238,综合物资,55000197,BG-赛拓 1284 重型打孔钳,,办公用品,把,,LVC低值易耗品,,,0,已启用,启用,,,,否,否,13,自制,,2025-09-28 16:06:55
239,综合物资,55000196,BG-益而高 837 打孔器 二孔 20页 随机色,,办公用品,个,,LVC低值易耗品,,,0,已启用,启用,,,,否,否,13,自制,,2025-09-28 16:06:55
240,综合物资,55000195,BG-得力 50864 T型抽拉亚克力桌牌 A4 竖式,,办公用品,个,,LVC低值易耗品,,,0,已启用,启用,,,,否,否,13,自制,,2025-09-28 16:06:55
241,综合物资,55000194,BG-史泰博 150克 牛皮纸档案袋 A4 牛皮纸色 50个/袋,,办公用品,袋,,LVC低值易耗品,,,0,已启用,启用,,,,否,否,13,自制,,2025-09-28 16:06:55
242,综合物资,55000193,BG-酷比客 LCLN5ESBGY-2M 超五类纯铜扁平网线 2M 灰色,,办公用品,根,,LVC低值易耗品,,,0,已启用,启用,,,,否,否,13,自制,,2025-09-28 16:06:55
243,综合物资,55000192,BG-得力工具 除胶剂 450ml,,办公用品,瓶,,LVC低值易耗品,,,0,已启用,启用,,,,否,否,13,自制,,2025-09-28 16:06:55
244,综合物资,55000191,BG-得力 3691 鼠标垫 270*220mm 黑色,,办公用品,个,,LVC低值易耗品,,,0,已启用,启用,,,,否,否,13,自制,,2025-09-28 16:06:55
245,综合物资,55000190,BG-国产 中国地图挂图 1.6米*1.2米 混色,,办公用品,张,,LVC低值易耗品,,,0,已启用,启用,,,,否,否,13,自制,,2025-09-28 16:06:55
246,综合物资,55000189,BG-松下 CR2032 /5BC 3V纽扣电池 5粒/盒,,办公用品,盒,,LVC低值易耗品,,,0,已启用,启用,,,,否,否,13,自制,,2025-09-28 16:06:55
247,综合物资,55000188,BG-史泰博 按扣公文袋 A4 透明色 10个/包 透明色,,办公用品,包,,LVC低值易耗品,,,0,已启用,启用,,,,否,否,13,自制,,2025-09-28 16:06:55
248,综合物资,55000181,妙洁 一次性纸杯 100个,,办公用品,包,,LVC低值易耗品,,,0,已启用,启用,,,,否,否,13,自制,,2025-09-28 16:06:55
249,综合物资,55000180,史泰博 几何图案冷热两用一次性纸杯子 100个,,办公用品,包,,LVC低值易耗品,,,0,已启用,启用,,,,否,否,13,自制,,2025-09-28 16:06:55
250,综合物资,55000179,滴露 滋润倍护健康抑菌洗手液 500g,,办公用品,瓶,,LVC低值易耗品,,,0,已启用,启用,,,,否,否,13,自制,,2025-09-28 16:06:55
251,综合物资,55000178,蓝月亮 瓶装芦荟抑菌洗手液 500g,,办公用品,瓶,,LVC低值易耗品,,,0,已启用,启用,,,,否,否,13,自制,,2025-09-28 16:06:55
252,综合物资,55000177,史泰博 hb铅芯 0.5mm 12支,,办公用品,瓶,,LVC低值易耗品,,,0,已启用,启用,,,,否,否,13,自制,,2025-09-28 16:06:55
253,综合物资,55000176,得力 订书机 尾部附起钉器,,办公用品,个,,LVC低值易耗品,,,0,已启用,启用,,,,否,否,13,自制,,2025-09-28 16:06:55
254,综合物资,55000175,史泰博 迷你订书机 蓝色,,办公用品,个,,LVC低值易耗品,,,0,已启用,启用,,,,否,否,13,自制,,2025-09-28 16:06:55
255,综合物资,55000174,得力 8561 筒装黑色长尾票夹 50MM 黑色 12只,,办公用品,盒,,LVC低值易耗品,,,0,已启用,启用,,,,否,否,13,自制,,2025-09-28 16:06:55
256,综合物资,55000173,史泰博  筒装长尾夹 51mm 黑色 12个,,办公用品,盒,,LVC低值易耗品,,,0,已启用,启用,,,,否,否,13,自制,,2025-09-28 16:06:55
257,综合物资,55000172,得力 透明抽杆文件夹 A4 10个,,办公用品,包,,LVC低值易耗品,,,0,已启用,启用,,,,否,否,13,自制,,2025-09-28 16:06:55
258,综合物资,55000171,史泰博 混色加宽抽杆夹 10个,,办公用品,包,,LVC低值易耗品,,,0,已启用,启用,,,,否,否,13,自制,,2025-09-28 16:06:55
259,综合物资,55000170,得力 活动铅笔 0.5mm,,办公用品,只,,LVC低值易耗品,,,0,已启用,启用,,,,否,否,13,自制,,2025-09-28 16:06:55
260,综合物资,55000169,史泰博 自动铅笔 0.5mm 蓝色,,办公用品,只,,LVC低值易耗品,,,0,已启用,启用,,,,否,否,13,自制,,2025-09-28 16:06:55
261,综合物资,55000168,得力 起钉器,,办公用品,个,,LVC低值易耗品,,,0,已启用,启用,,,,否,否,13,自制,,2025-09-28 16:06:55
262,综合物资,55000167,史泰博 起钉器 黑,,办公用品,个,,LVC低值易耗品,,,0,已启用,启用,,,,否,否,13,自制,,2025-09-28 16:06:55
263,综合物资,55000166,得力 系列档案盒 A4 75mm 蓝色,,办公用品,个,,LVC低值易耗品,,,0,已启用,启用,,,,否,否,13,自制,,2025-09-28 16:06:55
264,综合物资,55000165,史泰博 档案盒 A4 75mm 蓝色,,办公用品,个,,LVC低值易耗品,,,0,已启用,启用,,,,否,否,13,自制,,2025-09-28 16:06:55
265,综合物资,55000164,得力 系列档案盒 A4 55mm 蓝色,,办公用品,个,,LVC低值易耗品,,,0,已启用,启用,,,,否,否,13,自制,,2025-09-28 16:06:55
266,综合物资,55000163,史泰博 档案盒 A4 55mm 蓝色,,办公用品,个,,LVC低值易耗品,,,0,已启用,启用,,,,否,否,13,自制,,2025-09-28 16:06:55
267,综合物资,55000162,鸣固 美纹纸胶带 5cm*15m 10卷,,办公用品,套,,LVC低值易耗品,,,0,已启用,启用,,,,否,否,13,自制,,2025-09-28 16:06:55
268,综合物资,55000161,荃玟 条纹美纹纸 5cm*20m 6卷,,办公用品,套,,LVC低值易耗品,,,0,已启用,启用,,,,否,否,13,自制,,2025-09-28 16:06:55
269,综合物资,55000160,得力 抽杆夹 A4  单色随机  5个,,办公用品,包,,LVC低值易耗品,,,0,已启用,启用,,,,否,否,13,自制,,2025-09-28 16:06:55
270,综合物资,55000159,史泰博 五色抽杆夹 A4 混色 5个,,办公用品,包,,LVC低值易耗品,,,0,已启用,启用,,,,否,否,13,自制,,2025-09-28 16:06:55
271,综合物资,55000158,金隆兴 印章盒财务印章箱公章收纳盒中号,,办公用品,个,,LVC低值易耗品,,,0,已启用,启用,,,,否,否,13,自制,,2025-09-28 16:06:55
272,综合物资,55000157,金隆兴 带锁铝合金财务印章箱  银色,,办公用品,个,,LVC低值易耗品,,,0,已启用,启用,,,,否,否,13,自制,,2025-09-28 16:06:55
273,综合物资,55000156,绿联 Type-C扩展坞 转HDMI/VGA转换器拓展坞 9合1,,办公用品,个,,LVC低值易耗品,,,0,已启用,启用,,,,否,否,13,自制,,2025-09-28 16:06:55
274,综合物资,55000155,绿联 Type-C扩展坞 USB-C转双HDM 9合1,,办公用品,个,,LVC低值易耗品,,,0,已启用,启用,,,,否,否,13,自制,,2025-09-28 16:06:55
275,综合物资,55000154,品胜 数据线三合一 1.5m,,办公用品,根,,LVC低值易耗品,,,0,已启用,启用,,,,否,否,13,自制,,2025-09-28 16:06:55
276,综合物资,55000153,品胜 三合一数据线 66w/40W 白色,,办公用品,根,,LVC低值易耗品,,,0,已启用,启用,,,,否,否,13,自制,,2025-09-28 16:06:55
277,综合物资,55000152,得力 荧光膜指示标签 44*12mm 混色 100张,,办公用品,包,,LVC低值易耗品,,,0,已启用,启用,,,,否,否,13,自制,,2025-09-28 16:06:55
278,综合物资,55000151,得力 荧光指示标签 5色 44*12mm,,办公用品,袋,,LVC低值易耗品,,,0,已启用,启用,,,,否,否,13,自制,,2025-09-28 16:06:55
279,综合物资,55000150,史泰博 圆形中号金属网状垃圾桶 25*27.5cm,,办公用品,个,,LVC低值易耗品,,,0,已启用,启用,,,,否,否,13,自制,,2025-09-28 16:06:55
280,综合物资,55000149,史泰博 圆形大号金属网状垃圾桶,,办公用品,个,,LVC低值易耗品,,,0,已启用,启用,,,,否,否,13,自制,,2025-09-28 16:06:55
281,综合物资,55000148,白猫 柠檬红茶洗洁精 500g,,办公用品,瓶,,LVC低值易耗品,,,0,已启用,启用,,,,否,否,13,自制,,2025-09-28 16:06:55
282,综合物资,55000147,新金桔洗洁精 1.29KG,,办公用品,瓶,,LVC低值易耗品,,,0,已启用,启用,,,,否,否,13,自制,,2025-09-28 16:06:55
283,综合物资,55000146,敏胤 加厚型垃圾袋 70*90cm 20个,,办公用品,包,,LVC低值易耗品,,,0,已启用,启用,,,,否,否,13,自制,,2025-09-28 16:06:55
284,综合物资,55000145,瑾康秀安 垃圾袋 45*55cm 30只,,办公用品,包,,LVC低值易耗品,,,0,已启用,启用,,,,否,否,13,自制,,2025-09-28 16:06:55
285,综合物资,55000144,仪博 垃圾袋 45*55cm 30只,,办公用品,包,,LVC低值易耗品,,,0,已启用,启用,,,,否,否,13,自制,,2025-09-28 16:06:55
286,综合物资,55000143,海亚森 喷壶 500ml 200个/箱 （整箱起订）,,办公用品,个,,LVC低值易耗品,,,0,已启用,启用,,,,否,否,13,自制,,2025-09-28 16:06:55
287,综合物资,55000142,妙洁 妙洁海绵百洁布 3片,,办公用品,包,,LVC低值易耗品,,,0,已启用,启用,,,,否,否,13,自制,,2025-09-28 16:06:55
288,综合物资,55000141,海绵百洁布 8片,,办公用品,包,,LVC低值易耗品,,,0,已启用,启用,,,,否,否,13,自制,,2025-09-28 16:06:55
289,综合物资,55000140,扇牌洗衣皂 150g,,办公用品,块,,LVC低值易耗品,,,0,已启用,启用,,,,否,否,13,自制,,2025-09-28 16:06:55
290,综合物资,55000139,汰渍 洗衣粉(柠檬清新型)508g,,办公用品,包,,LVC低值易耗品,,,0,已启用,启用,,,,否,否,13,自制,,2025-09-28 16:06:55
291,综合物资,55000138,雕牌 洗衣粉 560g,,办公用品,包,,LVC低值易耗品,,,0,已启用,启用,,,,否,否,13,自制,,2025-09-28 16:06:55
292,综合物资,55000137,妙洁 橡胶手套 大号 绿色,,办公用品,双,,LVC低值易耗品,,,0,已启用,启用,,,,否,否,13,自制,,2025-09-28 16:06:55
293,综合物资,55000136,84消毒液 468ML,,办公用品,瓶,,LVC低值易耗品,,,0,已启用,启用,,,,否,否,13,自制,,2025-09-28 16:06:55
294,综合物资,55000135,得力 白板笔 红色 10支,,办公用品,盒,,LVC低值易耗品,,,0,已启用,启用,,,,否,否,13,自制,,2025-09-28 16:06:55
295,综合物资,55000134,得力 白板笔 蓝色 10支,,办公用品,盒,,LVC低值易耗品,,,0,已启用,启用,,,,否,否,13,自制,,2025-09-28 16:06:55
296,综合物资,55000133,得力 白板笔 黑色 10支,,办公用品,盒,,LVC低值易耗品,,,0,已启用,启用,,,,否,否,13,自制,,2025-09-28 16:06:55
297,综合物资,55000132,得力 白板檫 110*50*22mm 随机色,,办公用品,个,,LVC低值易耗品,,,0,已启用,启用,,,,否,否,13,自制,,2025-09-28 16:06:55
298,综合物资,55000131,史泰博 中性笔替芯 0.5蓝色 30支,,办公用品,盒,,LVC低值易耗品,,,0,已启用,启用,,,,否,否,13,自制,,2025-09-28 16:06:55
299,综合物资,55000130,史泰博 中性笔替芯 0.5红色 20支,,办公用品,盒,,LVC低值易耗品,,,0,已启用,启用,,,,否,否,13,自制,,2025-09-28 16:06:55
300,综合物资,55000129,史泰博 中性笔替芯 0.5黑色 20支,,办公用品,盒,,LVC低值易耗品,,,0,已启用,启用,,,,否,否,13,自制,,2025-09-28 16:06:55
301,综合物资,55000128,得力 中性笔芯 0.5mm 蓝色,,办公用品,盒,,LVC低值易耗品,,,0,已启用,启用,,,,否,否,13,自制,,2025-09-28 16:06:55
302,综合物资,55000127,得力 中性笔芯 0.5mm 红色,,办公用品,盒,,LVC低值易耗品,,,0,已启用,启用,,,,否,否,13,自制,,2025-09-28 16:06:55
303,综合物资,55000126,得力 中性笔芯 0.5mm 黑色,,办公用品,盒,,LVC低值易耗品,,,0,已启用,启用,,,,否,否,13,自制,,2025-09-28 16:06:55
304,综合物资,55000125,得力 光敏印油 10ml 红色,,办公用品,个,,LVC低值易耗品,,,0,已启用,启用,,,,否,否,13,自制,,2025-09-28 16:06:55
305,综合物资,55000124,得力 原子印油 10ml 蓝色,,办公用品,个,,LVC低值易耗品,,,0,已启用,启用,,,,否,否,13,自制,,2025-09-28 16:06:55
306,综合物资,55000123,得力 原子印油 10ml 红色,,办公用品,个,,LVC低值易耗品,,,0,已启用,启用,,,,否,否,13,自制,,2025-09-28 16:06:55
307,综合物资,55000122,得力 秒干印油 50ml 红色,,办公用品,个,,LVC低值易耗品,,,0,已启用,启用,,,,否,否,13,自制,,2025-09-28 16:06:55
308,综合物资,55000121,史泰博 70G常规装复印纸 B5 白色 2500张,,办公用品,箱,,LVC低值易耗品,,,0,已启用,启用,,,,否,否,13,自制,,2025-09-28 16:06:55
309,综合物资,55000120,史泰博 70G常规装复印纸 A5 白色 2500张,,办公用品,箱,,LVC低值易耗品,,,0,已启用,启用,,,,否,否,13,自制,,2025-09-28 16:06:55
310,综合物资,55000102,BG-thinkplus 鼠标垫 封边 80*30cm 黑色/2024,,办公用品,个,,LVC低值易耗品,,,0,已启用,启用,,,,否,否,13,自制,,2025-09-28 16:06:55
311,综合物资,55000101,BG-双飞燕 鼠标 黑色 按个销售/2024,,办公用品,个,,LVC低值易耗品,,,0,已启用,启用,,,,否,否,13,自制,,2025-09-28 16:06:55
312,综合物资,55000100,BG-双飞燕 有线键盘 USB 黑色/2024,,办公用品,个,,LVC低值易耗品,,,0,已启用,启用,,,,否,否,13,自制,,2025-09-28 16:06:55
313,综合物资,55000099,BG-戴尔 光电鼠标/2024,,办公用品,个,,LVC低值易耗品,,,0,已启用,启用,,,,否,否,13,自制,,2025-09-28 16:06:55
314,综合物资,55000098,BG-戴尔DELL 有线键盘 全尺寸/2024,,办公用品,个,,LVC低值易耗品,,,0,已启用,启用,,,,否,否,13,自制,,2025-09-28 16:06:55
315,综合物资,55000097,BG-兄弟 TN-2325 粉盒 2600页 黑色/2024,,办公用品,只,,LVC低值易耗品,,,0,已启用,启用,,,,否,否,13,自制,,2025-09-28 16:06:55
316,综合物资,55000096,BG-科思特 精品粉 专业版墨粉/2024,,办公用品,只,,LVC低值易耗品,,,0,已启用,启用,,,,否,否,13,自制,,2025-09-28 16:06:55
317,综合物资,55000095,BG-科思特 专业版粉盒/2024,,办公用品,只,,LVC低值易耗品,,,0,已启用,启用,,,,否,否,13,自制,,2025-09-28 16:06:55
318,综合物资,55000094,BG-史泰博 STBH-510 硒鼓/2024,,办公用品,只,,LVC低值易耗品,,,0,已启用,启用,,,,否,否,13,自制,,2025-09-28 16:06:55
319,综合物资,55000093,BG-史泰博 STBH-500 硒鼓 黑色/2024,,办公用品,只,,LVC低值易耗品,,,0,已启用,启用,,,,否,否,13,自制,,2025-09-28 16:06:55
320,综合物资,55000092,BG-惠普 CF510A 硒鼓 204A黑色/2024,,办公用品,只,,LVC低值易耗品,,,0,已启用,启用,,,,否,否,13,自制,,2025-09-28 16:06:55
321,综合物资,55000091,BG-惠普 CF500A 硒鼓 202A黑色/2024,,办公用品,只,,LVC低值易耗品,,,0,已启用,启用,,,,否,否,13,自制,,2025-09-28 16:06:55
322,综合物资,55000090,BG-惠普 CF350A 硒鼓 130A黑色/2024,,办公用品,只,,LVC低值易耗品,,,0,已启用,启用,,,,否,否,13,自制,,2025-09-28 16:06:55
323,综合物资,55000089,BG-惠普 CF280A 硒鼓 80A黑色/2024,,办公用品,只,,LVC低值易耗品,,,0,已启用,启用,,,,否,否,13,自制,,2025-09-28 16:06:55
324,综合物资,55000088,BG-好顺 玻璃清洁剂(-15℃) 2L12瓶每箱/2024,,办公用品,箱,,LVC低值易耗品,,,0,已启用,启用,,,,否,否,13,自制,,2025-09-28 16:06:55
325,综合物资,55000087,BG-车之物语 玻璃水强力去污0℃ 1.8L/2024,,办公用品,瓶,,LVC低值易耗品,,,0,已启用,启用,,,,否,否,13,自制,,2025-09-28 16:06:55
326,综合物资,55000086,BG-维达 三层卷筒卫生纸 10卷每提 6提每箱/2024,,办公用品,箱,,LVC低值易耗品,,,0,已启用,启用,,,,否,否,13,自制,,2025-09-28 16:06:55
327,综合物资,55000085,BG-清风 双层220米大卷纸 12卷/2024,,办公用品,箱,,LVC低值易耗品,,,0,已启用,启用,,,,否,否,13,自制,,2025-09-28 16:06:55
328,综合物资,55000084,BG-清风 原木金装4层纸140克10卷/2024,,办公用品,套,,LVC低值易耗品,,,0,已启用,启用,,,,否,否,13,自制,,2025-09-28 16:06:55
329,综合物资,55000083,BG-清风 擦手纸 225mm*230mm 4000张/2024,,办公用品,箱,,LVC低值易耗品,,,0,已启用,启用,,,,否,否,13,自制,,2025-09-28 16:06:55
330,综合物资,55000082,BG-豪仕发 双层240米大卷纸 12卷每箱/2024,,办公用品,箱,,LVC低值易耗品,,,0,已启用,启用,,,,否,否,13,自制,,2025-09-28 16:06:55
331,综合物资,55000081,BG-豪仕发 三折擦手纸 4000张/2024,,办公用品,箱,,LVC低值易耗品,,,0,已启用,启用,,,,否,否,13,自制,,2025-09-28 16:06:55
332,综合物资,55000080,BG-洁云 一次性马桶座垫纸/2024,,办公用品,箱,,LVC低值易耗品,,,0,已启用,启用,,,,否,否,13,自制,,2025-09-28 16:06:55
333,综合物资,55000079,BG-史泰博 70G 复印纸 A4 白 2500张/2024,,办公用品,箱,,LVC低值易耗品,,,0,已启用,启用,,,,否,否,13,自制,,2025-09-28 16:06:55
334,综合物资,55000078,BG-史泰博 80G 复印纸 A3 白 2500张/2024,,办公用品,箱,,LVC低值易耗品,,,0,已启用,启用,,,,否,否,13,自制,,2025-09-28 16:06:55
335,综合物资,55000077,BG-佳印 A4 80g 复印纸 白 2500张/2024,,办公用品,箱,,LVC低值易耗品,,,0,已启用,启用,,,,否,否,13,自制,,2025-09-28 16:06:55
336,综合物资,55000076,BG-佳印 A4 70g 复印纸 白 2500张/2024,,办公用品,箱,,LVC低值易耗品,,,0,已启用,启用,,,,否,否,13,自制,,2025-09-28 16:06:55
337,综合物资,55000074,BG-晨光 自粘性标签 24*55mm/2024,,办公用品,包,,LVC低值易耗品,,,0,已启用,启用,,,,否,否,13,自制,,2025-09-28 16:06:55
338,综合物资,55000069,BG-3M 标签 9.444mm 20页 6色/2024,,办公用品,包,,LVC低值易耗品,,,0,已启用,启用,,,,否,否,13,自制,,2025-09-28 16:06:55
339,综合物资,55000068,BG-得力 新国标8位组合孔插座总控开关 2米/2024,,办公用品,个,,LVC低值易耗品,,,0,已启用,启用,,,,否,否,13,自制,,2025-09-28 16:06:55
340,综合物资,55000067,BG-得力 莹白系列延长线插座3组1.8米PE袋装/2024,,办公用品,个,,LVC低值易耗品,,,0,已启用,启用,,,,否,否,13,自制,,2025-09-28 16:06:55
341,综合物资,55000066,BG-公牛 GN-606单控三联插座 1.8米/2024,,办公用品,个,,LVC低值易耗品,,,0,已启用,启用,,,,否,否,13,自制,,2025-09-28 16:06:55
342,综合物资,55000065,BG-公牛 GN-403单控八联插座 1.8米/2024,,办公用品,个,,LVC低值易耗品,,,0,已启用,启用,,,,否,否,13,自制,,2025-09-28 16:06:55
343,综合物资,55000064,BG-南孚LR6 碱性电池 7号 12粒/2024,,办公用品,盒,,LVC低值易耗品,,,0,已启用,启用,,,,否,否,13,自制,,2025-09-28 16:06:55
344,综合物资,55000063,BG-南孚LR6 碱性电池 5号 12粒/2024,,办公用品,盒,,LVC低值易耗品,,,0,已启用,启用,,,,否,否,13,自制,,2025-09-28 16:06:55
345,综合物资,55000062,BG-史泰博 长尾票夹 40mm 黑色 12个/2024,,办公用品,盒,,LVC低值易耗品,,,0,已启用,启用,,,,否,否,13,自制,,2025-09-28 16:06:55
346,综合物资,55000061,BG-史泰博 筒装长尾夹 32mm 黑色 24个/2024,,办公用品,盒,,LVC低值易耗品,,,0,已启用,启用,,,,否,否,13,自制,,2025-09-28 16:06:55
347,综合物资,55000060,BG-史泰博 筒装长尾夹 25mm 黑色 48个/2024,,办公用品,盒,,LVC低值易耗品,,,0,已启用,启用,,,,否,否,13,自制,,2025-09-28 16:06:55
348,综合物资,55000059,BG-史泰博 筒装长尾夹 19mm 黑色 40个/2024,,办公用品,盒,,LVC低值易耗品,,,0,已启用,启用,,,,否,否,13,自制,,2025-09-28 16:06:55
349,综合物资,55000058,BG-史泰博 筒装长尾夹 15mm 黑色 60个/2024,,办公用品,盒,,LVC低值易耗品,,,0,已启用,启用,,,,否,否,13,自制,,2025-09-28 16:06:55
350,综合物资,55000057,BG-得力 简装黑色长尾票夹 41mm/2024,,办公用品,盒,,LVC低值易耗品,,,0,已启用,启用,,,,否,否,13,自制,,2025-09-28 16:06:55
351,综合物资,55000056,BG-得力 筒装黑色长尾票夹 32mm/2024,,办公用品,盒,,LVC低值易耗品,,,0,已启用,启用,,,,否,否,13,自制,,2025-09-28 16:06:55
352,综合物资,55000055,BG-得力 筒装黑色长尾票夹 25mm/2024,,办公用品,盒,,LVC低值易耗品,,,0,已启用,启用,,,,否,否,13,自制,,2025-09-28 16:06:55
353,综合物资,55000054,BG-得力 筒装黑色长尾票夹 19mm/2024,,办公用品,盒,,LVC低值易耗品,,,0,已启用,启用,,,,否,否,13,自制,,2025-09-28 16:06:55
354,综合物资,55000053,BG-得力 筒装黑色长尾票夹 15mm /2024,,办公用品,盒,,LVC低值易耗品,,,0,已启用,启用,,,,否,否,13,自制,,2025-09-28 16:06:55
355,综合物资,55000052,BG-红苹果 自封袋 340mm*240mm/2024,,办公用品,包,,LVC低值易耗品,,,0,已启用,启用,,,,否,否,13,自制,,2025-09-28 16:06:55
356,综合物资,55000051,BG-红苹果 自封袋 280mm*200mm/2024,,办公用品,包,,LVC低值易耗品,,,0,已启用,启用,,,,否,否,13,自制,,2025-09-28 16:06:55
357,综合物资,55000050,BG-红苹果 自封袋 170mm*240mm/2024,,办公用品,包,,LVC低值易耗品,,,0,已启用,启用,,,,否,否,13,自制,,2025-09-28 16:06:55
358,综合物资,55000049,BG-史泰博 金属网状笔筒/2024,,办公用品,个,,LVC低值易耗品,,,0,已启用,启用,,,,否,否,13,自制,,2025-09-28 16:06:55
359,综合物资,55000048,BG-史泰博 透明文件套 A4 透明色 20个/2024,,办公用品,包,,LVC低值易耗品,,,0,已启用,启用,,,,否,否,13,自制,,2025-09-28 16:06:55
360,综合物资,55000047,BG-史泰博 A4网格拉链袋 330*242mm/2024,,办公用品,个,,LVC低值易耗品,,,0,已启用,启用,,,,否,否,13,自制,,2025-09-28 16:06:55
361,综合物资,55000046,BG-史泰博 11孔资料袋 A4 20个/2024,,办公用品,包,,LVC低值易耗品,,,0,已启用,启用,,,,否,否,13,自制,,2025-09-28 16:06:55
362,综合物资,55000045,BG-史泰博 资料册 40页 A4/2024,,办公用品,个,,LVC低值易耗品,,,0,已启用,启用,,,,否,否,13,自制,,2025-09-28 16:06:55
363,综合物资,55000044,BG-得力 四联文件框/2024,,办公用品,个,,LVC低值易耗品,,,0,已启用,启用,,,,否,否,13,自制,,2025-09-28 16:06:55
364,综合物资,55000043,BG-得力 经济型资料册 A4 40页 蓝色/2024,,办公用品,个,,LVC低值易耗品,,,0,已启用,启用,,,,否,否,13,自制,,2025-09-28 16:06:55
365,综合物资,55000042,BG-得力 文件套 100只每包/2024,,办公用品,包,,LVC低值易耗品,,,0,已启用,启用,,,,否,否,13,自制,,2025-09-28 16:06:55
366,综合物资,55000041,BG-得力 中号网状圆笔筒 91*98mm/2024,,办公用品,个,,LVC低值易耗品,,,0,已启用,启用,,,,否,否,13,自制,,2025-09-28 16:06:55
367,综合物资,55000040,BG-SPACEXPERT 箱子x3 63.5*43.5*33cm/2024,,办公用品,套,,LVC低值易耗品,,,0,已启用,启用,,,,否,否,13,自制,,2025-09-28 16:06:55
368,综合物资,55000039,BG-得力 语音计算器/2024,,办公用品,台,,LVC低值易耗品,,,0,已启用,启用,,,,否,否,13,自制,,2025-09-28 16:06:55
369,综合物资,55000038,BG-万能通 计算器/2024,,办公用品,台,,LVC低值易耗品,,,0,已启用,启用,,,,否,否,13,自制,,2025-09-28 16:06:55
370,综合物资,55000037,BG-得力 快干方型印台 137*88mm/2024,,办公用品,个,,LVC低值易耗品,,,0,已启用,启用,,,,否,否,13,自制,,2025-09-28 16:06:55
371,综合物资,55000036,BG-得力 直尺 30CM/2024,,办公用品,把,,LVC低值易耗品,,,0,已启用,启用,,,,否,否,13,自制,,2025-09-28 16:06:55
372,综合物资,55000035,BG-得力 直尺 20cm/2024,,办公用品,把,,LVC低值易耗品,,,0,已启用,启用,,,,否,否,13,自制,,2025-09-28 16:06:55
373,综合物资,55000034,BG-得力 修正带套装 5mmx35m 6个/2024,,办公用品,套,,LVC低值易耗品,,,0,已启用,启用,,,,否,否,13,自制,,2025-09-28 16:06:55
374,综合物资,55000033,BG-得力 窄透明文具胶带 12mm*30y/2024,,办公用品,卷,,LVC低值易耗品,,,0,已启用,启用,,,,否,否,13,自制,,2025-09-28 16:06:55
375,综合物资,55000032,BG-得力 棉纸双面胶带 24mm*10y*80um/2024,,办公用品,卷,,LVC低值易耗品,,,0,已启用,启用,,,,否,否,13,自制,,2025-09-28 16:06:55
376,综合物资,55000031,BG-得力 橡胶圈 50g 本色/2024,,办公用品,盒,,LVC低值易耗品,,,0,已启用,启用,,,,否,否,13,自制,,2025-09-28 16:06:55
377,综合物资,55000030,BG-得力 封箱胶带 60mm*100y*50um/2024,,办公用品,组,,LVC低值易耗品,,,0,已启用,启用,,,,否,否,13,自制,,2025-09-28 16:06:55
378,综合物资,55000029,BG-得力 封箱胶带 48mm50y50um/2024,,办公用品,卷,,LVC低值易耗品,,,0,已启用,启用,,,,否,否,13,自制,,2025-09-28 16:06:55
379,综合物资,55000028,BG-得力 胶用胶纸座 120*60*50um/2024,,办公用品,个,,LVC低值易耗品,,,0,已启用,启用,,,,否,否,13,自制,,2025-09-28 16:06:55
380,综合物资,55000027,BG-易旺贴 透明封箱带 48mm40y 透明色/2024,,办公用品,卷,,LVC低值易耗品,,,0,已启用,启用,,,,否,否,13,自制,,2025-09-28 16:06:55
381,综合物资,55000026,BG-得力 液体胶水 125ml/2024,,办公用品,只,,LVC低值易耗品,,,0,已启用,启用,,,,否,否,13,自制,,2025-09-28 16:06:55
382,综合物资,55000025,BG-得力 PVA固体胶 21g/2024,,办公用品,只,,LVC低值易耗品,,,0,已启用,启用,,,,否,否,13,自制,,2025-09-28 16:06:55
383,综合物资,55000024,BG-得力 美工刀 9mm/2024,,办公用品,把,,LVC低值易耗品,,,0,已启用,启用,,,,否,否,13,自制,,2025-09-28 16:06:55
384,综合物资,55000023,BG-得力 剪刀 170mm/2024,,办公用品,把,,LVC低值易耗品,,,0,已启用,启用,,,,否,否,13,自制,,2025-09-28 16:06:55
385,综合物资,55000022,BG-史泰博 办公剪刀 170mm/2024,,办公用品,把,,LVC低值易耗品,,,0,已启用,启用,,,,否,否,13,自制,,2025-09-28 16:06:55
386,综合物资,55000021,BG-得力 全金属卷笔刀 单孔/2024,,办公用品,个,,LVC低值易耗品,,,0,已启用,启用,,,,否,否,13,自制,,2025-09-28 16:06:55
387,综合物资,55000020,BG-得力 0594 卷笔刀/2024,,办公用品,个,,LVC低值易耗品,,,0,已启用,启用,,,,否,否,13,自制,,2025-09-28 16:06:55
388,综合物资,55000019,BG-史泰博 透明直尺 30cm/2024,,办公用品,把,,LVC低值易耗品,,,0,已启用,启用,,,,否,否,13,自制,,2025-09-28 16:06:55
389,综合物资,55000018,BG-史泰博 透明直尺 20cm/2024,,办公用品,把,,LVC低值易耗品,,,0,已启用,启用,,,,否,否,13,自制,,2025-09-28 16:06:55
390,综合物资,55000017,BG-得力 金属回形针 29mm/2024,,办公用品,盒,,LVC低值易耗品,,,0,已启用,启用,,,,否,否,13,自制,,2025-09-28 16:06:55
391,综合物资,55000016,BG-得力 厚层订书钉/2024,,办公用品,盒,,LVC低值易耗品,,,0,已启用,启用,,,,否,否,13,自制,,2025-09-28 16:06:55
392,综合物资,55000015,BG-得力 0012订书钉/2024,,办公用品,盒,,LVC低值易耗品,,,0,已启用,启用,,,,否,否,13,自制,,2025-09-28 16:06:55
393,综合物资,55000014,BG-得力 24/8 订书钉/2024,,办公用品,盒,,LVC低值易耗品,,,0,已启用,启用,,,,否,否,13,自制,,2025-09-28 16:06:55
394,综合物资,55000013,BG-得力 订书机 50页/2024,,办公用品,个,,LVC低值易耗品,,,0,已启用,启用,,,,否,否,13,自制,,2025-09-28 16:06:55
395,综合物资,55000012,BG-史泰博 10#订书钉1000枚/2024,,办公用品,盒,,LVC低值易耗品,,,0,已启用,启用,,,,否,否,13,自制,,2025-09-28 16:06:55
396,综合物资,55000011,BG-史泰博 迷你订书机 /2024,,办公用品,个,,LVC低值易耗品,,,0,已启用,启用,,,,否,否,13,自制,,2025-09-28 16:06:55
397,综合物资,55000010,BG-史泰博 磁性 回形针筒/2024,,办公用品,个,,LVC低值易耗品,,,0,已启用,启用,,,,否,否,13,自制,,2025-09-28 16:06:55
398,综合物资,55000009,BG-史泰博 镀镍回形针 28mm 100枚/2024,,办公用品,盒,,LVC低值易耗品,,,0,已启用,启用,,,,否,否,13,自制,,2025-09-28 16:06:55
399,综合物资,55000008,BG-中华 绘图铅笔2B 12支每盒/2024,,办公用品,盒,,LVC低值易耗品,,,0,已启用,启用,,,,否,否,13,自制,,2025-09-28 16:06:55
400,综合物资,55000007,BG-得力 绘图铅笔 2B 12支/2024,,办公用品,盒,,LVC低值易耗品,,,0,已启用,启用,,,,否,否,13,自制,,2025-09-28 16:06:55
401,综合物资,55000006,BG-得力 美术4B橡皮擦 黄色/2024,,办公用品,块,,LVC低值易耗品,,,0,已启用,启用,,,,否,否,13,自制,,2025-09-28 16:06:55
402,综合物资,55000005,BG-得力 荧光笔套装(混) 6色/2024,,办公用品,盒,,LVC低值易耗品,,,0,已启用,启用,,,,否,否,13,自制,,2025-09-28 16:06:55
403,综合物资,55000004,BG-得力 细荧光笔套装(混) 6色/2024,,办公用品,盒,,LVC低值易耗品,,,0,已启用,启用,,,,否,否,13,自制,,2025-09-28 16:06:55
404,综合物资,55000003,BG-得力 单头油性记号笔 黑色/2024,,办公用品,只,,LVC低值易耗品,,,0,已启用,启用,,,,否,否,13,自制,,2025-09-28 16:06:55
405,综合物资,55000002,BG-得力 中性笔 0.5mm 黑色/2024,,办公用品,只,,LVC低值易耗品,,,0,已启用,启用,,,,否,否,13,自制,,2025-09-28 16:06:55
406,综合物资,55000001,BG-史泰博 按压式中性笔 0.5mm/2024,,办公用品,只,,LVC低值易耗品,,,0,已启用,启用,,,,否,否,13,自制,,2025-09-28 16:06:55
407,综合物资,55000000,BG-史泰博 记号笔 圆头 黑色/2024,,办公用品,只,,LVC低值易耗品,,,0,已启用,启用,,,,否,否,13,自制,,2025-09-28 16:06:55
408,综合物资,53002833,WH-盒装抽纸/2025,,渠道促销品宣传常规,盒,,RCX7战马促销品,,,0,已启用,启用,,,,否,否,13,自制,,2025-09-28 16:06:55
409,综合物资,53002832,WH-桶装抽纸/2025,,渠道促销品宣传常规,桶,,RCX6战马促销品,,,0,已启用,启用,,,,否,否,13,自制,,2025-09-28 16:06:55
410,综合物资,53002831,WH-软装抽纸/2025,,渠道促销品宣传常规,包,,RCX5战马促销品,,,0,已启用,启用,,,,否,否,13,自制,,2025-09-28 16:06:55
411,综合物资,53002830,WH-湿纸巾/2025,,渠道促销品宣传常规,包,,RCX4战马促销品,,,0,已启用,启用,,,,否,否,13,自制,,2025-09-28 16:06:55
412,综合物资,53002819,WH-纸巾包/2025,,渠道促销品宣传常规,包,,RCX3战马促销品,,,0,已启用,启用,,,,否,否,13,自制,,2025-09-28 16:06:55
413,综合物资,50013570,RB-陈列托盘/24孔,,渠道促销品宣传常规,个,,RCX红牛促销品,,,0,已启用,启用,,,,否,否,13,自制,,2025-09-28 16:06:55
414,综合物资,50013548,RB-无纺布手提袋/新疆/DW/2025,,渠道促销品宣传常规,个,,RCX红牛促销品,,,0,已启用,启用,,,,否,否,13,自制,,2025-09-28 16:06:55
415,综合物资,50013431,RB-四角帐篷篷布/2025,,渠道促销品宣传常规,顶,,RCX红牛促销品,,,0,已启用,启用,,,,否,否,13,自制,,2025-09-28 16:06:55
416,综合物资,50013327,经销商会议金属奖牌/2025,,渠道促销品宣传常规,块,,RCX红牛促销品,,,0,已启用,启用,,,,否,否,13,自制,,2025-09-28 16:06:55
417,综合物资,50012832,员工T恤/2025,,渠道促销品宣传常规,件,,RCX红牛促销品,,,0,已启用,启用,,,,否,否,13,自制,,2025-09-28 16:06:55
418,综合物资,50012704,RB-西裤（女款）/办公室人员/加厚/2025,,渠道促销品宣传常规,条,,RCX红牛促销品,,,0,已启用,启用,,,,否,否,13,自制,,2025-09-28 16:06:55
419,综合物资,50012703,RB-西裤（女款）/办公室人员/2025,,渠道促销品宣传常规,条,,RCX红牛促销品,,,0,已启用,启用,,,,否,否,13,自制,,2025-09-28 16:06:55
420,综合物资,50012702,RB-西裤（男款）/办公室人员/加厚/2025,,渠道促销品宣传常规,条,,RCX红牛促销品,,,0,已启用,启用,,,,否,否,13,自制,,2025-09-28 16:06:55
421,综合物资,50012701,RB-西裤（男款）/办公室人员/2025,,渠道促销品宣传常规,条,,RCX红牛促销品,,,0,已启用,启用,,,,否,否,13,自制,,2025-09-28 16:06:55
422,综合物资,50012700,RB-短袖衬衫（女款）/办公室人员/2025,,渠道促销品宣传常规,件,,RCX红牛促销品,,,0,已启用,启用,,,,否,否,13,自制,,2025-09-28 16:06:55
423,综合物资,50012699,RB-短袖衬衫（男款）/办公室人员/2025,,渠道促销品宣传常规,件,,RCX红牛促销品,,,0,已启用,启用,,,,否,否,13,自制,,2025-09-28 16:06:55
424,综合物资,50012698,RB-长袖衬衫（女款）/办公室人员/2025,,渠道促销品宣传常规,件,,RCX红牛促销品,,,0,已启用,启用,,,,否,否,13,自制,,2025-09-28 16:06:55
425,综合物资,50012697,RB-长袖衬衫（男款）/办公室人员/2025,,渠道促销品宣传常规,件,,RCX红牛促销品,,,0,已启用,启用,,,,否,否,13,自制,,2025-09-28 16:06:55
426,综合物资,50012696,RB-冬季长裤/办公室人员/2025,,渠道促销品宣传常规,条,,RCX红牛促销品,,,0,已启用,启用,,,,否,否,13,自制,,2025-09-28 16:06:55
427,综合物资,50012695,RB-冬季冲锋衣内胆/办公室人员/2025,,渠道促销品宣传常规,件,,RCX红牛促销品,,,0,已启用,启用,,,,否,否,13,自制,,2025-09-28 16:06:55
428,综合物资,50012694,RB-冬季冲锋衣/办公室人员/2025,,渠道促销品宣传常规,件,,RCX红牛促销品,,,0,已启用,启用,,,,否,否,13,自制,,2025-09-28 16:06:55
429,综合物资,50012693,RB-夏季长裤/办公室人员/2025,,渠道促销品宣传常规,条,,RCX红牛促销品,,,0,已启用,启用,,,,否,否,13,自制,,2025-09-28 16:06:55
430,综合物资,50012692,RB-夏季短袖T恤/办公室人员/2025,,渠道促销品宣传常规,件,,RCX红牛促销品,,,0,已启用,启用,,,,否,否,13,自制,,2025-09-28 16:06:55
431,综合物资,50012691,RB-春秋长裤/办公室人员/2025,,渠道促销品宣传常规,条,,RCX红牛促销品,,,0,已启用,启用,,,,否,否,13,自制,,2025-09-28 16:06:55
432,综合物资,50012690,RB-春秋长袖上衣/办公室人员/2025,,渠道促销品宣传常规,件,,RCX红牛促销品,,,0,已启用,启用,,,,否,否,13,自制,,2025-09-28 16:06:55
433,综合物资,50012689,RB-棉马甲/全员通用/2025,,渠道促销品宣传常规,件,,RCX红牛促销品,,,0,已启用,启用,,,,否,否,13,自制,,2025-09-28 16:06:55
434,综合物资,50012688,RB-反光背心/2025,,渠道促销品宣传常规,件,,RCX红牛促销品,,,0,已启用,启用,,,,否,否,13,自制,,2025-09-28 16:06:55
435,综合物资,50012687,RB-白大褂长袖/实验室人员/2025,,渠道促销品宣传常规,件,,RCX红牛促销品,,,0,已启用,启用,,,,否,否,13,自制,,2025-09-28 16:06:55
436,综合物资,50012686,RB-白大褂短袖/实验室人员/2025,,渠道促销品宣传常规,件,,RCX红牛促销品,,,0,已启用,启用,,,,否,否,13,自制,,2025-09-28 16:06:55
437,综合物资,50012685,RB-仓管服/2025,,渠道促销品宣传常规,件,,RCX红牛促销品,,,0,已启用,启用,,,,否,否,13,自制,,2025-09-28 16:06:55
438,综合物资,50012684,RB-连体净化服/升级款/2025,,渠道促销品宣传常规,件,,RCX红牛促销品,,,0,已启用,启用,,,,否,否,13,自制,,2025-09-28 16:06:55
439,综合物资,50012683,RB-连体净化服/普通款/2025,,渠道促销品宣传常规,件,,RCX红牛促销品,,,0,已启用,启用,,,,否,否,13,自制,,2025-09-28 16:06:55
440,综合物资,50012682,RB-分体净化服/2025,,渠道促销品宣传常规,件,,RCX红牛促销品,,,0,已启用,启用,,,,否,否,13,自制,,2025-09-28 16:06:55
441,综合物资,50012681,RB-冬季棉裤/叉车司机/2025,,渠道促销品宣传常规,条,,RCX红牛促销品,,,0,已启用,启用,,,,否,否,13,自制,,2025-09-28 16:06:55
442,综合物资,50012680,RB-冬季棉大衣长款/叉车司机/2025,,渠道促销品宣传常规,件,,RCX红牛促销品,,,0,已启用,启用,,,,否,否,13,自制,,2025-09-28 16:06:55
443,综合物资,50012679,RB-冬季棉大衣短款/叉车司机/2025,,渠道促销品宣传常规,件,,RCX红牛促销品,,,0,已启用,启用,,,,否,否,13,自制,,2025-09-28 16:06:55
444,综合物资,50012678,RB-夏季短袖/食堂人员/2025,,渠道促销品宣传常规,件,,RCX红牛促销品,,,0,已启用,启用,,,,否,否,13,自制,,2025-09-28 16:06:55
445,综合物资,50012677,RB-春秋长袖/食堂人员/2025,,渠道促销品宣传常规,件,,RCX红牛促销品,,,0,已启用,启用,,,,否,否,13,自制,,2025-09-28 16:06:55
446,综合物资,50012676,RB-冬季长裤/车间人员/2025,,渠道促销品宣传常规,条,,RCX红牛促销品,,,0,已启用,启用,,,,否,否,13,自制,,2025-09-28 16:06:55
447,综合物资,50012675,RB-冬季冲锋衣内胆/车间人员/2025,,渠道促销品宣传常规,件,,RCX红牛促销品,,,0,已启用,启用,,,,否,否,13,自制,,2025-09-28 16:06:55
448,综合物资,50012674,RB-冬季冲锋衣/车间人员/2025,,渠道促销品宣传常规,件,,RCX红牛促销品,,,0,已启用,启用,,,,否,否,13,自制,,2025-09-28 16:06:55
449,综合物资,50012673,RB-夏季长裤/车间人员/2025,,渠道促销品宣传常规,条,,RCX红牛促销品,,,0,已启用,启用,,,,否,否,13,自制,,2025-09-28 16:06:55
450,综合物资,50012672,RB-夏季短袖T恤/车间人员/2025,,渠道促销品宣传常规,件,,RCX红牛促销品,,,0,已启用,启用,,,,否,否,13,自制,,2025-09-28 16:06:55
451,综合物资,50012671,RB-春秋长裤/车间人员/2025,,渠道促销品宣传常规,条,,RCX红牛促销品,,,0,已启用,启用,,,,否,否,13,自制,,2025-09-28 16:06:55
452,综合物资,50012670,RB-春秋长袖上衣/车间人员/2025,,渠道促销品宣传常规,件,,RCX红牛促销品,,,0,已启用,启用,,,,否,否,13,自制,,2025-09-28 16:06:55
453,综合物资,50012669,RB-冬季长裤/设备人员/2025,,渠道促销品宣传常规,条,,RCX红牛促销品,,,0,已启用,启用,,,,否,否,13,自制,,2025-09-28 16:06:55
454,综合物资,50012668,RB-冬季冲锋衣内胆/设备人员/2025,,渠道促销品宣传常规,件,,RCX红牛促销品,,,0,已启用,启用,,,,否,否,13,自制,,2025-09-28 16:06:55
455,综合物资,50012667,RB-冬季冲锋衣/设备人员/2025,,渠道促销品宣传常规,件,,RCX红牛促销品,,,0,已启用,启用,,,,否,否,13,自制,,2025-09-28 16:06:55
456,综合物资,50012666,RB-夏季长裤/设备人员/2025,,渠道促销品宣传常规,条,,RCX红牛促销品,,,0,已启用,启用,,,,否,否,13,自制,,2025-09-28 16:06:55
457,综合物资,50012665,RB-夏季短袖T恤/设备人员/2025,,渠道促销品宣传常规,件,,RCX红牛促销品,,,0,已启用,启用,,,,否,否,13,自制,,2025-09-28 16:06:55
458,综合物资,50012664,RB-春秋长裤/设备人员/2025,,渠道促销品宣传常规,条,,RCX红牛促销品,,,0,已启用,启用,,,,否,否,13,自制,,2025-09-28 16:06:55
459,综合物资,50012663,RB-春秋长袖上衣/设备人员/2025,,渠道促销品宣传常规,件,,RCX红牛促销品,,,0,已启用,启用,,,,否,否,13,自制,,2025-09-28 16:06:55
460,综合物资,50012535,经销商会议木质奖牌/2025,,渠道促销品宣传常规,块,,RCX红牛促销品,,,0,已启用,启用,,,,否,否,13,自制,,2025-09-28 16:06:55
461,综合物资,50012246,户外软壳衣/2024,,渠道促销品宣传常规,件,,RCX红牛促销品,,,0,已启用,启用,,,,否,否,13,自制,,2025-09-28 16:06:55
462,综合物资,50011199,员工防晒服/2024-1,,渠道促销品宣传常规,件,,RCX红牛促销品,,,0,已启用,启用,,,,否,否,13,自制,,2025-09-28 16:06:55
463,综合物资,50011186,员工T恤/2024-1,,渠道促销品宣传常规,件,,RCX红牛促销品,,,0,已启用,启用,,,,否,否,13,自制,,2025-09-28 16:06:55
464,综合物资,50011073,员工防晒服/2024,,渠道促销品宣传常规,件,,RCX红牛促销品,,,0,已启用,启用,,,,否,否,13,自制,,2025-09-28 16:06:55
465,综合物资,50011072,员工T恤/2024,,渠道促销品宣传常规,件,,RCX红牛促销品,,,0,已启用,启用,,,,否,否,13,自制,,2025-09-28 16:06:55
466,综合物资,50010831,RB-西裤（女款）/办公室人员/2024,,渠道促销品宣传常规,件,,RCX红牛促销品,,,0,已启用,启用,,,,否,否,13,自制,,2025-09-28 16:06:55
467,综合物资,50010830,RB-短袖衬衫（女款）/办公室人员/2024,,渠道促销品宣传常规,件,,RCX红牛促销品,,,0,已启用,启用,,,,否,否,13,自制,,2025-09-28 16:06:55
468,综合物资,50010829,RB-长袖衬衫（女款）/办公室人员/2024,,渠道促销品宣传常规,件,,RCX红牛促销品,,,0,已启用,启用,,,,否,否,13,自制,,2025-09-28 16:06:55
469,综合物资,50010750,RB-冬季棉大衣长款/叉车司机/2024,,渠道促销品宣传常规,件,,RCX红牛促销品,,,0,已启用,启用,,,,否,否,13,自制,,2025-09-28 16:06:55
470,综合物资,50010731,RB-西裤（男款）/办公室人员/2024,,渠道促销品宣传常规,件,,RCX红牛促销品,,,0,已启用,启用,,,,否,否,13,自制,,2025-09-28 16:06:55
471,综合物资,50010730,RB-短袖衬衫（男款）/办公室人员/2024,,渠道促销品宣传常规,件,,RCX红牛促销品,,,0,已启用,启用,,,,否,否,13,自制,,2025-09-28 16:06:55
472,综合物资,50010729,RB-长袖衬衫（男款）/办公室人员/2024,,渠道促销品宣传常规,件,,RCX红牛促销品,,,0,已启用,启用,,,,否,否,13,自制,,2025-09-28 16:06:55
473,综合物资,50010728,RB-冬季长裤/办公室人员/2024,,渠道促销品宣传常规,件,,RCX红牛促销品,,,0,已启用,启用,,,,否,否,13,自制,,2025-09-28 16:06:55
474,综合物资,50010727,RB-冬季冲锋衣内胆/办公室人员/2024,,渠道促销品宣传常规,件,,RCX红牛促销品,,,0,已启用,启用,,,,否,否,13,自制,,2025-09-28 16:06:55
475,综合物资,50010726,RB-冬季冲锋衣/办公室人员/2024,,渠道促销品宣传常规,件,,RCX红牛促销品,,,0,已启用,启用,,,,否,否,13,自制,,2025-09-28 16:06:55
476,综合物资,50010725,RB-夏季长裤/办公室人员/2024,,渠道促销品宣传常规,件,,RCX红牛促销品,,,0,已启用,启用,,,,否,否,13,自制,,2025-09-28 16:06:55
477,综合物资,50010724,RB-夏季短袖T恤/办公室人员/2024,,渠道促销品宣传常规,件,,RCX红牛促销品,,,0,已启用,启用,,,,否,否,13,自制,,2025-09-28 16:06:55
478,综合物资,50010723,RB-春秋长裤/办公室人员/2024,,渠道促销品宣传常规,件,,RCX红牛促销品,,,0,已启用,启用,,,,否,否,13,自制,,2025-09-28 16:06:55
479,综合物资,50010722,RB-春秋长袖上衣/办公室人员/2024,,渠道促销品宣传常规,件,,RCX红牛促销品,,,0,已启用,启用,,,,否,否,13,自制,,2025-09-28 16:06:55
480,综合物资,50010721,RB-棉马甲/全员通用/2024,,渠道促销品宣传常规,件,,RCX红牛促销品,,,0,已启用,启用,,,,否,否,13,自制,,2025-09-28 16:06:55
481,综合物资,50010720,RB-反光背心/全员通用/2024,,渠道促销品宣传常规,件,,RCX红牛促销品,,,0,已启用,启用,,,,否,否,13,自制,,2025-09-28 16:06:55
482,综合物资,50010719,RB-白大褂长袖/实验室人员/2024,,渠道促销品宣传常规,件,,RCX红牛促销品,,,0,已启用,启用,,,,否,否,13,自制,,2025-09-28 16:06:55
483,综合物资,50010718,RB-白大褂短袖/实验室人员/2024,,渠道促销品宣传常规,件,,RCX红牛促销品,,,0,已启用,启用,,,,否,否,13,自制,,2025-09-28 16:06:55
484,综合物资,50010717,RB-连体净化服/2024,,渠道促销品宣传常规,件,,RCX红牛促销品,,,0,已启用,启用,,,,否,否,13,自制,,2025-09-28 16:06:55
485,综合物资,50010716,RB-分体净化服/2024,,渠道促销品宣传常规,件,,RCX红牛促销品,,,0,已启用,启用,,,,否,否,13,自制,,2025-09-28 16:06:55
486,综合物资,50010715,RB-冬季棉大衣短款/叉车司机/2024,,渠道促销品宣传常规,件,,RCX红牛促销品,,,0,已启用,启用,,,,否,否,13,自制,,2025-09-28 16:06:55
487,综合物资,50010714,RB-夏季短袖/食堂人员/2024,,渠道促销品宣传常规,件,,RCX红牛促销品,,,0,已启用,启用,,,,否,否,13,自制,,2025-09-28 16:06:55
488,综合物资,50010713,RB-春秋长袖/食堂人员/2024,,渠道促销品宣传常规,件,,RCX红牛促销品,,,0,已启用,启用,,,,否,否,13,自制,,2025-09-28 16:06:55
489,综合物资,50010712,RB-冬季长裤/车间人员/2024,,渠道促销品宣传常规,件,,RCX红牛促销品,,,0,已启用,启用,,,,否,否,13,自制,,2025-09-28 16:06:55
490,综合物资,50010711,RB-冬季冲锋衣内胆/车间人员/2024,,渠道促销品宣传常规,件,,RCX红牛促销品,,,0,已启用,启用,,,,否,否,13,自制,,2025-09-28 16:06:55
491,综合物资,50010710,RB-冬季冲锋衣/车间人员/2024,,渠道促销品宣传常规,件,,RCX红牛促销品,,,0,已启用,启用,,,,否,否,13,自制,,2025-09-28 16:06:55
492,综合物资,50010709,RB-夏季长裤/车间人员/2024,,渠道促销品宣传常规,件,,RCX红牛促销品,,,0,已启用,启用,,,,否,否,13,自制,,2025-09-28 16:06:55
493,综合物资,50010708,RB-夏季短袖T恤/车间人员/2024,,渠道促销品宣传常规,件,,RCX红牛促销品,,,0,已启用,启用,,,,否,否,13,自制,,2025-09-28 16:06:55
494,综合物资,50010707,RB-春秋长裤/车间人员/2024,,渠道促销品宣传常规,件,,RCX红牛促销品,,,0,已启用,启用,,,,否,否,13,自制,,2025-09-28 16:06:55
495,综合物资,50010706,RB-春秋长袖上衣/车间人员/2024,,渠道促销品宣传常规,件,,RCX红牛促销品,,,0,已启用,启用,,,,否,否,13,自制,,2025-09-28 16:06:55
496,综合物资,50010705,RB-冬季长裤/设备人员/2024,,渠道促销品宣传常规,件,,RCX红牛促销品,,,0,已启用,启用,,,,否,否,13,自制,,2025-09-28 16:06:55
497,综合物资,50010704,RB-冬季冲锋衣内胆/设备人员/2024,,渠道促销品宣传常规,件,,RCX红牛促销品,,,0,已启用,启用,,,,否,否,13,自制,,2025-09-28 16:06:55
498,综合物资,50010703,RB-冬季冲锋衣/设备人员/2024,,渠道促销品宣传常规,件,,RCX红牛促销品,,,0,已启用,启用,,,,否,否,13,自制,,2025-09-28 16:06:55
499,综合物资,50010702,RB-夏季长裤/设备人员/2024,,渠道促销品宣传常规,件,,RCX红牛促销品,,,0,已启用,启用,,,,否,否,13,自制,,2025-09-28 16:06:55
500,综合物资,50010701,RB-夏季短袖T恤/设备人员/2024,,渠道促销品宣传常规,件,,RCX红牛促销品,,,0,已启用,启用,,,,否,否,13,自制,,2025-09-28 16:06:55
501,综合物资,50010700,RB-春秋长裤/设备人员/2024,,渠道促销品宣传常规,件,,RCX红牛促销品,,,0,已启用,启用,,,,否,否,13,自制,,2025-09-28 16:06:55
502,综合物资,50010699,RB-春秋长袖上衣/设备人员/2024,,渠道促销品宣传常规,件,,RCX红牛促销品,,,0,已启用,启用,,,,否,否,13,自制,,2025-09-28 16:06:55
503,综合物资,50009616,员工T恤/2023,,渠道促销品宣传常规,件,,RCX红牛促销品,,,0,已启用,启用,,,,否,否,13,自制,,2025-09-28 16:06:55
504,综合物资,50009174,秋冬促销服/2023,,渠道促销品宣传常规,件,,RCX红牛促销品,,,0,已启用,启用,,,,否,否,13,自制,,2025-09-28 16:06:55
505,综合物资,50008028,台历/2022,,渠道促销品宣传常规,个,,RCX红牛促销品,,,0,已启用,启用,,,,否,否,13,自制,,2025-09-28 16:06:55
506,综合物资,8000011856,办公电子耗材/行政部,,劳保用品,PC,,,,,0,已启用,启用,,,,否,否,3,自制,,2025-09-25 22:08:17
507,综合物资,8000011855,日常劳保药品/行政部,,劳保用品,PC,,,,,0,已启用,启用,,,,否,否,,自制,,2025-09-25 22:08:17
508,综合物资,8000011854,辅助耗材/安全管理部,,劳保用品,PC,,,,,0,已启用,启用,,,,否,否,13,自制,,2025-09-25 22:08:17
509,综合物资,8000011853,辅助耗材/食堂,,劳保用品,PC,,,,,0,已启用,启用,,,,否,否,13,自制,,2025-09-25 22:08:17
510,综合物资,8000011852,辅助耗材/行政部 ,,劳保用品,PC,,,,,0,已启用,启用,0.000,,,否,否,13,自制,,2025-09-25 22:08:16
511,综合物资,8000011851,辅助耗材/三期化验室,,劳保用品,PC,,,,,0,已启用,启用,,,,否,否,13,自制,,2025-09-25 22:06:18
512,综合物资,8000011850,辅助耗材/二期化验室,,劳保用品,PC,,,,,0,已启用,启用,,,,否,否,13,自制,,2025-09-25 22:06:18
513,综合物资,8000011849,辅助耗材/一期化验室,,劳保用品,PC,,,,,0,已启用,启用,,,,否,否,13,自制,,2025-09-25 22:06:18
514,综合物资,8000011848,辅助耗材/三期储运仓库,,劳保用品,PC,,,,,0,已启用,启用,,,,否,否,13,自制,,2025-09-25 22:06:17
515,综合物资,8000011847,辅助耗材/二期储运仓库,,劳保用品,PC,,,,,0,已启用,启用,,,,否,否,13,自制,,2025-09-25 22:06:17
516,综合物资,8000011846,辅助耗材/一期储运仓库,,劳保用品,PC,,,,,0,已启用,启用,,,,否,否,13,自制,,2025-09-25 13:31:20
517,综合物资,8000011845,辅助耗材/锅炉车间,,劳保用品,PC,,,,,0,已启用,启用,,,,否,否,13,自制,,2025-09-25 13:31:20
518,综合物资,8000011844,辅助耗材/污水车间,,劳保用品,PC,,,,,0,已启用,启用,,,,否,否,13,自制,,2025-09-25 13:31:20
519,综合物资,8000011843,辅助耗材/制水车间,,劳保用品,PC,,,,,0,已启用,启用,,,,否,否,13,自制,,2025-09-25 13:31:20
520,综合物资,8000011842,辅助耗材/三车间,,劳保用品,PC,,,,,0,已启用,启用,,,,否,否,13,自制,,2025-09-25 13:31:20
521,综合物资,8000011841,辅助耗材/二车间,,劳保用品,PC,,,,,0,已启用,启用,,,,否,否,13,自制,,2025-09-25 13:31:20
522,综合物资,8000011840,辅助耗材/一车间,,劳保用品,PC,,,,,0,已启用,启用,,,,否,否,13,自制,,2025-09-25 13:31:20
523,综合物资,8000011839,清洁用品/食堂,,劳保用品,PC,,,,,0,已启用,启用,0.000,,,否,否,13,自制,,2025-09-25 13:31:20
524,综合物资,8000011838,清洁用品/行政部 ,,劳保用品,PC,,,,,0,已启用,启用,0.000,,,否,否,13,自制,,2025-09-25 13:31:20
525,综合物资,8000011837,清洁用品/三期化验室,,劳保用品,PC,,,,,0,已启用,启用,,,,否,否,13,自制,,2025-09-25 13:31:20
526,综合物资,8000011836,清洁用品/二期化验室,,劳保用品,PC,,,,,0,已启用,启用,,,,否,否,13,自制,,2025-09-25 13:31:20
527,综合物资,8000011835,清洁用品/一期化验室,,劳保用品,PC,,,,,0,已启用,启用,,,,否,否,13,自制,,2025-09-25 13:31:20
528,综合物资,8000011834,清洁用品/三期仓库,,劳保用品,PC,,,,,0,已启用,启用,,,,否,否,13,自制,,2025-09-25 13:31:20
529,综合物资,8000011833,清洁用品/二期仓库,,劳保用品,PC,,,,,0,已启用,启用,,,,否,否,13,自制,,2025-09-25 13:31:20
530,综合物资,8000011832,清洁用品/一期仓库,,劳保用品,PC,,,,,0,已启用,启用,,,,否,否,13,自制,,2025-09-25 13:31:20
531,综合物资,8000011831,清洁用品/三车间,,劳保用品,PC,,,,,0,已启用,启用,,,,否,否,13,自制,,2025-09-25 13:31:20
532,综合物资,8000011830,清洁用品/二车间,,劳保用品,PC,,,,,0,已启用,启用,,,,否,否,13,自制,,2025-09-25 13:31:20
533,综合物资,8000011829,清洁用品/一车间,,劳保用品,PC,,,,,0,已启用,启用,,,,否,否,13,自制,,2025-09-25 13:31:20
534,综合物资,8000011828,劳保用品/安全管理部,,劳保用品,PC,,,,,0,已启用,启用,,,,否,否,13,自制,,2025-09-25 13:31:20
535,综合物资,8000011827,劳保用品/食堂,,劳保用品,PC,,,,,0,已启用,启用,,,,否,否,13,自制,,2025-09-25 13:31:20
536,综合物资,8000011825,劳保用品/三期化验室,,劳保用品,PC,,,,,0,已启用,启用,,,,否,否,13,自制,,2025-09-25 11:48:22
537,综合物资,8000011824,劳保用品/二期化验室,,劳保用品,PC,,,,,0,已启用,启用,,,,否,否,13,自制,,2025-09-25 11:48:22
538,综合物资,8000011823,劳保用品/一期化验室,,劳保用品,PC,,,,,0,已启用,启用,,,,否,否,13,自制,,2025-09-25 11:48:22
539,综合物资,8000011822,劳保用品/三期仓库,,劳保用品,PC,,,,,0,已启用,启用,,,,否,否,13,自制,,2025-09-25 11:48:22
540,综合物资,8000011821,劳保用品/二期仓库,,劳保用品,PC,,,,,0,已启用,启用,,,,否,否,13,自制,,2025-09-25 11:48:22
541,综合物资,8000011820,劳保用品/一期仓库,,劳保用品,PC,,,,,0,已启用,启用,,,,否,否,13,自制,,2025-09-25 11:48:22
542,综合物资,8000011819,劳保用品/三车间,,劳保用品,PC,,,,,0,已启用,启用,,,,否,否,13,自制,,2025-09-25 11:48:22
543,综合物资,8000011818,劳保用品/二车间,,劳保用品,PC,,,,,0,已启用,启用,,,,否,否,13,自制,,2025-09-25 11:48:22
544,综合物资,8000011817,劳保用品/一车间,,劳保用品,PC,,,,,0,已启用,启用,,,,否,否,13,自制,,2025-09-25 11:48:22
545,综合物资,8000011816,办公用品/安全管理部 ,,办公用品,PC,,,,,0,已启用,启用,,,,否,否,13,自制,,2025-09-25 11:48:22
546,综合物资,8000011815,办公用品/财务部,,办公用品,PC,,,,,0,已启用,启用,,,,否,否,13,自制,,2025-09-25 11:48:22
547,综合物资,8000011814,办公用品/行政部,,办公用品,PC,,,,,0,已启用,启用,,,,否,否,13,自制,,2025-09-25 11:48:22
548,综合物资,8000011813,办公用品/品管部,,办公用品,PC,,,,,0,已启用,启用,,,,否,否,13,自制,,2025-09-25 11:48:21
549,综合物资,8000011812,办公用品/储运采购部,,办公用品,PC,,,,,0,已启用,启用,,,,否,否,13,自制,,2025-09-25 11:48:21
550,综合物资,8000011811,办公用品/生产部,,办公用品,PC,,,,,0,已启用,启用,,,,否,否,13,自制,,2025-09-25 11:48:21
551,综合物资,30001203,TTO树脂基碳色带/RMK472 55*450m 外碳,,辅料,卷,,,,,0,已启用,启用,,,,否,否,13,自制,,2025-09-10 16:36:29
552,综合物资,30001201,TTO树脂基碳色带/RMK472 55*600m 外碳,,辅料,卷,,,,,0,已启用,启用,,,,否,否,13,自制,,2025-09-10 16:36:29
553,综合物资,30001149,8900/稀释液/LINX 1512/1L,,辅料,瓶,,,,,0,已启用,启用,,,,否,否,13,自制,,2025-09-10 16:36:29
554,综合物资,30001148,8900方瓶墨水/LINX 1240/0.5L/8900方瓶,,辅料,瓶,,,,,0,已启用,启用,,,,否,否,13,自制,,2025-09-10 16:36:29
555,综合物资,30001076,凝胶强酸阳离子交换树脂/001X7,,辅料,升,,,,,0,已启用,启用,,,,否,否,13,自制,,2025-09-10 16:36:29
556,综合物资,30001068,磷酸三钠/25KG,,辅料,KG,,,,,0,已启用,启用,,,,否,否,13,自制,,2025-09-10 16:36:29
557,综合物资,30001067,聚丙烯酰胺絮凝剂/阳离子PAM,,辅料,KG,,,,,0,已启用,启用,,,,否,否,13,自制,,2025-09-10 16:36:29
558,综合物资,30000719,复合委铵盐消毒液/60-951 25KG/桶,,辅料,KG,,,,,0,已启用,启用,,,,否,否,13,自制,,2025-09-10 16:36:29
559,综合物资,30000718,过氧乙酸消毒液/F403,,辅料,KG,,,,,3,已启用,启用,,,,否,否,13,自制,,2025-09-10 16:36:29
560,综合物资,30000717,高泡碱性清洁剂/F101,,辅料,KG,,,,,0,已启用,启用,,,,否,否,13,自制,,2025-09-10 16:36:29
561,综合物资,30000613,"复合菌种/标准型（BIO-01),有效活菌数≥2亿cfu/g",,辅料,KG,,,,,0,已启用,启用,0.000,,,否,否,13,自制,,2025-09-10 16:36:29
562,综合物资,30000597,亚硫酸氢钠（食品级）,,辅料,KG,,,,,0,已启用,启用,,,,否,否,13,自制,,2025-09-10 16:36:29
563,综合物资,30000387,棉被/保温/1m×2m×2kg,,辅料,条,,,,,0,已启用,启用,0.000,,,否,否,13,自制,,2025-09-10 16:36:29
564,综合物资,30000347,轻柴油/0#,,辅料,KG,,,,,0,已启用,启用,,,,否,否,13,自制,,2025-09-10 16:36:29
565,综合物资,30000266,生物控制剂/F405 25KG/桶,,辅料,KG,,,,,0,已启用,启用,,,,否,否,13,自制,,2025-09-10 16:36:29
566,综合物资,30000249,二氧化氯/10%,,辅料,KG,,,,,0,已启用,启用,,,,否,否,13,自制,,2025-09-10 16:36:29
567,综合物资,30000207,液态氮,,辅料,KG,,,,,2,已启用,启用,,,,否,否,13,自制,,2025-09-10 16:36:29
568,综合物资,30000198,溶剂/SP16-8205Q,,辅料,瓶,,,,,0,已启用,启用,,,,否,否,13,自制,,2025-09-10 16:36:29
569,综合物资,30000197,插拔墨盒/JS12（M) 1.6US 8.6V,,辅料,瓶,,,,,0,已启用,启用,,,,否,否,13,自制,,2025-09-10 16:36:29
570,综合物资,30000168,氢氧化钠/30%/液碱,,辅料,KG,,,,,0,已启用,启用,,,,否,否,13,自制,,2025-09-10 16:36:29
571,综合物资,30000128,液态氮,,辅料,升,,,,,0,已启用,启用,,,,否,否,13,自制,,2025-09-10 16:36:29
572,综合物资,30000099,硫酸银,,辅料,瓶,,,,,0,已启用,启用,,,,否,否,13,自制,,2025-09-10 16:36:29
573,综合物资,30000098,椰壳活性炭,,辅料,立方米,,,,,0,已启用,启用,,,,否,否,13,自制,,2025-09-10 16:36:29
574,综合物资,30000089,重铬酸钾,,辅料,瓶,,,,,0,已启用,启用,,,,否,否,13,自制,,2025-09-10 16:36:29
575,综合物资,30000085,合成齿轮油/ANDEROL/6100,,辅料,桶,,,,,0,已启用,启用,,,,否,否,13,自制,,2025-09-10 16:36:29
576,综合物资,30000080,机油/18L,,辅料,桶,,,,,0,已启用,启用,,,,否,否,13,自制,,2025-09-10 16:36:29
577,综合物资,30000061,十二烷基苯磺酸钠/分析纯,,辅料,瓶,,,,,0,已启用,启用,,,,否,否,13,自制,,2025-09-10 16:36:29
578,综合物资,30000060,乙二胺四乙酸四钠/分析纯,,辅料,瓶,,,,,0,已启用,启用,,,,否,否,13,自制,,2025-09-10 16:36:29
579,综合物资,30000059,NaOH片碱/分析纯,,辅料,瓶,,,,,0,已启用,启用,,,,否,否,13,自制,,2025-09-10 16:36:29
580,综合物资,30000058,盐酸/36%/分析纯,,辅料,瓶,,,,,0,已启用,启用,,,,否,否,13,自制,,2025-09-10 16:36:29
581,综合物资,30000054,氯化钾/AR500g,,辅料,瓶,,,,,0,已启用,启用,,,,否,否,13,自制,,2025-09-10 16:36:29
582,综合物资,30000049,黄袍清洗剂/25KG/桶,,辅料,KG,,,,,0,已启用,启用,,,,否,否,13,自制,,2025-09-10 16:36:29
583,综合物资,30000048,液压油/美孚/FM32,,辅料,升,,,,,0,已启用,启用,,,,否,否,13,自制,,2025-09-10 16:36:29
584,综合物资,30000047,合成齿轮油/美孚/SH629,,辅料,升,,,,,0,已启用,启用,,,,否,否,13,自制,,2025-09-10 16:36:29
585,综合物资,30000046,滑脂/克虏伯/GTE-703,,辅料,KG,,,,,0,已启用,启用,,,,否,否,13,自制,,2025-09-10 16:36:29
586,综合物资,30000045,除油清洗剂/L12 25KG/桶,,辅料,KG,,,,,0,已启用,启用,,,,否,否,13,自制,,2025-09-10 16:36:29
587,综合物资,30000044,6800/清洗液/LINX 0030/1L,,辅料,瓶,,,,,0,已启用,启用,,,,否,否,13,自制,,2025-09-10 16:36:29
588,综合物资,30000043,6800/稀释液/LINX 1512/0.5L,,辅料,瓶,,,,,0,已启用,启用,,,,否,否,13,自制,,2025-09-10 16:36:29
589,综合物资,30000042,6800/墨水/LINX 1240/0.5L,,辅料,瓶,,,,,0,已启用,启用,,,,否,否,13,自制,,2025-09-10 16:36:29
590,综合物资,30000041,阻垢剂,,辅料,KG,,,,,0,已启用,启用,,,,否,否,13,自制,,2025-09-10 16:36:29
591,综合物资,30000040,次氯酸钠消毒液/F401 25kg/桶,,辅料,KG,,,,,0,已启用,启用,,,,否,否,13,自制,,2025-09-10 16:36:29
592,综合物资,30000039,聚丙烯酰铵/粉末状/阴离子,,辅料,KG,,,,,0,已启用,启用,,,,否,否,13,自制,,2025-09-10 16:36:29
593,综合物资,30000038,还原剂/WD7012/25 公斤/桶,,辅料,KG,,,,,0,已启用,启用,,,,否,否,13,自制,,2025-09-10 16:36:29
594,综合物资,30000037,碱/化学纯/NaOH/99%,,辅料,KG,,,,,0,已启用,启用,,,,否,否,13,自制,,2025-09-10 16:36:29
595,综合物资,30000020,合成齿轮油/美孚/SHC630,,辅料,升,,,,,0,已启用,启用,,,,否,否,13,自制,,2025-09-10 16:36:29
596,综合物资,30000005,二氧化氯/2%,,辅料,KG,,,,,0,已启用,启用,,,,否,否,13,自制,,2025-09-10 16:36:29
597,综合物资,30000002,片碱/96%,,辅料,KG,,,,,0,已启用,启用,,,,否,否,13,自制,,2025-09-10 16:36:29
598,综合物资,30000100,硫酸汞,,辅料,瓶,,,,,0,已启用,启用,,,,否,否,13,自制,,2025-09-10 16:23:38
599,综合物资,30000088,防锈底漆,,辅料,桶,,,,,0,已启用,启用,,,,否,否,13,自制,,2025-09-10 16:23:38
600,综合物资,30000087,白色磁漆,,辅料,桶,,,,,0,已启用,启用,,,,否,否,13,自制,,2025-09-10 16:23:38
601,综合物资,30000084,液压油/壳牌/46#,,辅料,桶,,,,,0,已启用,启用,,,,否,否,13,自制,,2025-09-10 16:23:38
602,综合物资,30000083,浓缩防冻液,,辅料,桶,,,,,0,已启用,启用,,,,否,否,13,自制,,2025-09-10 16:23:38
603,综合物资,30000082,长城刹车油,,辅料,瓶,,,,,0,已启用,启用,,,,否,否,13,自制,,2025-09-10 16:23:38
604,综合物资,30000081,电瓶液,,辅料,瓶,,,,,0,已启用,启用,,,,否,否,13,自制,,2025-09-10 16:23:38
605,综合物资,30000057,苯酚红,,辅料,瓶,,,,,0,已启用,启用,,,,否,否,13,自制,,2025-09-10 16:23:38
606,综合物资,30000056,无水硫酸铜/AR500g,,辅料,瓶,,,,,0,已启用,启用,,,,否,否,13,自制,,2025-09-10 16:23:38
607,综合物资,30000055,氯化钠/AR500g,,辅料,瓶,,,,,0,已启用,启用,,,,否,否,13,自制,,2025-09-10 16:23:38
608,综合物资,30000053,凡士林/AR500g,,辅料,瓶,,,,,0,已启用,启用,,,,否,否,13,自制,,2025-09-10 16:23:38
609,综合物资,30000051,浓硫酸/98.8%,,辅料,瓶,,,,,0,已启用,启用,,,,否,否,13,自制,,2025-09-10 16:23:38
610,综合物资,30000050,浓硫酸/95%,,辅料,瓶,,,,,0,已启用,启用,,,,否,否,13,自制,,2025-09-10 16:23:38
611,综合物资,30000026,棉被/保温/1.5m×2.3m×2.5kg,,辅料,TIA,,,,,0,已启用,启用,,,,否,否,13,自制,,2025-09-10 16:23:38
