序号,库存名称,库位编码,所属库存工厂编码,备注信息
1,B26,B26,8501,
2,A7,A7,6795,
3,A15,A15,6795,
4,A2,A2,6795,
5,A14,A14,6795,
6,成品空托盘,成品空托盘,6795,
7,34大棚-2（靠墙第二排）,34大棚-2,8501,
8,34大棚-3,34大棚-3,8501,
9,34大棚-4,34大棚-4,8501,
10,34大棚-5,34大棚-5,8501,
11,34大棚-6,34大棚-6,8501,
12,34大棚-7,34大棚-7,8501,
13,12大棚-1（靠墙第一排）,12大棚-1,8501,
14,12大棚-2（离墙第二排）,12大棚-2,8501,
15,12大棚-3,12大棚-3,8501,
16,12大棚-4,12大棚-4,8501,
17,12大棚-5,12大棚-5,8501,
18,12大棚-6,12大棚-6,8501,
19,12大棚-7,12大棚-7,8501,
20,34大棚-1（靠墙第一排）,34大棚-1,8501,
21,A27,A27,0095,
22,10A,10A,8501,
23,10A,10A,6795,
24,D9,D9,8511,
25,A31,A31,8511,
26,D8,D8,8511,
27,B31,B31,8511,
28,18B,18B,6795,
29,原79,原79,8511,
30,原78,原78,8511,
31,原77,原77,8511,
32,原料51,原料51,0095,
33,D17,D17,0095,
34,原料85,原料85,0095,
35,原料84,原料84,0095,
36,原料83,原料83,0095,
37,原料82,原料82,0095,
38,原料81,原料81,0095,
39,原料80,原料80,0095,
40,原料79,原料79,0095,
41,原料78,原料78,0095,
42,原料77,原料77,0095,
43,原料76,原料76,0095,
44,原料75,原料75,0095,
45,原料59,原料59,0095,
46,原料58,原料58,0095,
47,原料57,原料57,0095,
48,原料56,原料56,0095,
49,原料55,原料55,0095,
50,原料60,原料60,0095,
51,原料61,原料61,0095,
52,原料62,原料62,0095,
53,原料63,原料63,0095,
54,原料64,原料64,0095,
55,原料65,原料65,0095,
56,原料66,原料66,0095,
57,原料67,原料67,0095,
58,原料68,原料68,0095,
59,原料69,原料69,0095,
60,原料70,原料70,0095,
61,原料71,原料71,0095,
62,原料72,原料72,0095,
63,原料73,原料73,0095,
64,原料74,原料74,0095,
65,原材料32,原材料32,6795,
66,24A,24A,6795,
67,10B,10B,6795,
68,11A,11A,6795,
69,24B后,24B后,6795,
70,26A,26A,6795,
71,6A,6A,6795,
72,3A,3A,6795,
73,2A,2A,6795,
74,1A,1A,6795,
75,原材料34,原材料34,6795,
76,23A,23A,6795,
77,9B,9B,6795,
78,8B,8B,6795,
79,D6,D6,8511,
80,32库,32库,8511,
81,D7,D7,8511,
82,D4,D4,8511,
83,D3,D3,8511,
84,A5,A5,8521,
85,A6,A6,8521,
86,A7,A7,8521,
87,A8,A8,8521,
88,A9,A9,8521,
89,A10,A10,8521,
90,A11,A11,8521,
91,A12,A12,8521,
92,A13,A13,8521,
93,A14,A14,8521,
94,A15,A15,8521,
95,A16,A16,8521,
96,A17,A17,8521,
97,A18,A18,8521,
98,A19,A19,8521,
99,A20,A20,8521,
100,A21,A21,8521,
101,A22,A22,8521,
102,A23,A23,8521,
103,A24,A24,8521,
104,A25,A25,8521,
105,A26,A26,8521,
106,A27,A27,8521,
107,A28,A28,8521,
108,A29,A29,8521,
109,A30,A30,8521,
110,A1,A1,8521,
111,A2,A2,8521,
112,A3,A3,8521,
113,A4,A4,8521,
114,B1,B1,8521,
115,B2,B2,8521,
116,B3,B3,8521,
117,B4,B4,8521,
118,B5,B5,8521,
119,B6,B6,8521,
120,B7,B7,8521,
121,B8,B8,8521,
122,B9,B9,8521,
123,B10,B10,8521,
124,B11,B11,8521,
125,B12,B12,8521,
126,B13,B13,8521,
127,B14,B14,8521,
128,B15,B15,8521,
129,B16,B16,8521,
130,B17,B17,8521,
131,B18,B18,8521,
132,B19,B19,8521,
133,B20,B20,8521,
134,B21,B21,8521,
135,B22,B22,8521,
136,B23,B23,8521,
137,B24,B24,8521,
138,B25,B25,8521,
139,B26,B26,8521,
140,B27,B27,8521,
141,B28,B28,8521,
142,B29,B29,8521,
143,B30,B30,8521,
144,31B,31B,8511,
145,B1,B1,8511,
146,B2,B2,8511,
147,B3,B3,8511,
148,B4,B4,8511,
149,B5,B5,8511,
150,B6,B6,8511,
151,B7,B7,8511,
152,B8,B8,8511,
153,B9,B9,8511,
154,B10,B10,8511,
155,B11,B11,8511,
156,B12,B12,8511,
157,B13,B13,8511,
158,B14,B14,8511,
159,B15,B15,8511,
160,B16,B16,8511,
161,B17,B17,8511,
162,B18,B18,8511,
163,B19,B19,8511,
164,B20,B20,8511,
165,B21,B21,8511,
166,B22,B22,8511,
167,B23,B23,8511,
168,B24,B24,8511,
169,B25,B25,8511,
170,B26,B26,8511,
171,B27,B27,8511,
172,B28,B28,8511,
173,B29,B29,8511,
174,B30,B30,8511,
175,31A,31A,8511,
176,A1,A1,8511,
177,A2,A2,8511,
178,A3,A3,8511,
179,A4,A4,8511,
180,A5,A5,8511,
181,A6,A6,8511,
182,A7,A7,8511,
183,A8,A8,8511,
184,A9,A9,8511,
185,A10,A10,8511,
186,A11,A11,8511,
187,A12,A12,8511,
188,A13,A13,8511,
189,A14,A14,8511,
190,A15,A15,8511,
191,A16,A16,8511,
192,A17,A17,8511,
193,A18,A18,8511,
194,A19,A19,8511,
195,A20,A20,8511,
196,A21,A21,8511,
197,A22,A22,8511,
198,A23,A23,8511,
199,A24,A24,8511,
200,A25,A25,8511,
201,A26,A26,8511,
202,A27,A27,8511,
203,A28,A28,8511,
204,A29,A29,8511,
205,A30,A30,8511,
206,原料31,原料31库,8501,
207,原料32,原料32库,8501,
208,原料33,原料33库,8501,
209,原料34,原料34库,8501,
210,原料24,原料24库,8501,
211,原料25,原料25库,8501,
212,原料26,原料26库,8501,
213,原料27,原料27库,8501,
214,原料28,原料28库,8501,
215,原料29,原料29库,8501,
216,原料30,原料30库,8501,
217,B1,B1,8501,
218,B2,B2,8501,
219,B3,B3,8501,
220,B4,B4,8501,
221,B5,B5,8501,
222,B6,B6,8501,
223,B7,B7,8501,
224,B8,B8,8501,
225,B9,B9,8501,
226,B10,B10,8501,
227,B11,B11,8501,
228,B12,B12,8501,
229,B13,B13,8501,
230,B14,B14,8501,
231,B15,B15,8501,
232,B16,B16,8501,
233,B17,B17,8501,
234,B18,B18,8501,
235,B19,B19,8501,
236,B20,B20,8501,
237,B21,B21,8501,
238,B22,B22,8501,
239,B23,B23,8501,
240,B24,B24,8501,
241,B25,B25,8501,
242,A1,A1,8501,
243,A2,A2,8501,
244,A3,A3,8501,
245,A4,A4,8501,
246,A5,A5,8501,
247,A6,A6,8501,
248,A7,A7,8501,
249,A8,A8,8501,
250,A9,A9,8501,
251,B25,B25,8501,
252,A1,A1,8501,
253,A2,A2,8501,
254,A3,A3,8501,
255,A4,A4,8501,
256,A5,A5,8501,
257,A6,A6,8501,
258,A7,A7,8501,
259,A8,A8,8501,
260,A9,A9,8501,
261,A20,A20,8501,
262,A21,A21,8501,
263,A22,A22,8501,
264,A23,A23,8501,
265,棚34-1库,棚34-1库,8521,
266,棚34-2库,棚34-2库,8521,
267,棚34-3库,棚34-3库,8521,
268,棚34-4库,棚34-4库,8521,
269,棚34-5库,棚34-5库,8521,
270,棚34-6库,棚34-6库,8521,
271,棚34-7库,棚34-7库,8521,
272,棚78-1库,棚78-1库,8521,
273,棚78-2库,棚78-2库,8521,
274,棚78-3库,棚78-3库,8521,
275,棚78-4库,棚78-4库,8521,
276,棚78-5库,棚78-5库,8521,
277,棚78-6库,棚78-6库,8521,
278,棚78-7库,棚78-7库,8521,
279,糖1B,糖1B,8501,
280,糖2B,糖2B,8501,
281,糖3B,糖3B,8501,
282,糖4B,糖4B,8501,
283,糖5B,糖5B,8501,
284,糖6B,糖6B,8501,
285,糖7B,糖7B,8501,
286,糖8B,糖8B,8501,
287,糖9B,糖9B,8501,
288,糖10B,糖10B,8501,
289,糖11B,糖11B,8501,
290,糖12B,糖12B,8501,
291,糖13B,糖13B,8501,
292,糖1A,糖1A,8501,
293,糖2A,糖2A,8501,
294,糖3A,糖3A,8501,
295,糖4A,糖4A,8501,
296,糖5A,糖5A,8501,
297,糖6A,糖6A,8501,
298,糖7A,糖7A,8501,
299,糖8A,糖8A,8501,
300,糖9A,糖9A,8501,
301,糖10A,糖10A,8501,
302,糖11A,糖11A,8501,
303,糖12A,糖12A,8501,
304,糖13A,糖13A,8501,
305,糖1B,糖1B,8511,
306,糖2B,糖2B,8511,
307,糖3B,糖3B,8511,
308,糖4B,糖4B,8511,
309,糖5B,糖5B,8511,
310,糖6B,糖6B,8511,
311,糖7B,糖7B,8511,
312,糖8B,糖8B,8511,
313,糖9B,糖9B,8511,
314,糖10B,糖10B,8511,
315,糖11B,糖11B,8511,
316,糖12B,糖12B,8511,
317,糖13B,糖13B,8511,
318,糖1A,糖1A,8511,
319,糖2A,糖2A,8511,
320,糖3A,糖3A,8511,
321,糖4A,糖4A,8511,
322,糖5A,糖5A,8511,
323,糖6A,糖6A,8511,
324,糖7A,糖7A,8511,
325,糖8A,糖8A,8511,
326,糖9A,糖9A,8511,
327,糖10A,糖10A,8511,
328,糖11A,糖11A,8511,
329,糖12A,糖12A,8511,
330,糖13A,糖13A,8511,
331,一仓散数区,26B后,8501,返工暂存区
332,一仓散数区,25B后,8501,返工暂存区
333,一仓散数区,24B后,8501,返工暂存区
334,二仓散数区,D13,8511,
335,二仓散数区,D12,8511,
336,二仓散数区,D11,8511,
337,A26,A26,8501,
338,A25,A25,8501,
339,A24,A24,8501,
340,棚A-1,棚A-1,8511,
341,棚A-2,棚A-2,8511,
342,棚A-3,棚A-3,8511,
343,棚A-4,棚A-4,8511,
344,棚A-5,棚A-5,8511,
345,棚A-6,棚A-6,8511,
346,棚A-7,棚A-7,8511,
347,棚C-1,棚C-1,8511,
348,棚C-2,棚C-2,8511,
349,棚C-3,棚C-3,8511,
350,棚C-4,棚C-4,8511,
351,棚C-5,棚C-5,8511,
352,棚C-6,棚C-6,8511,
353,棚C-7,棚C-7,8511,
354,糖13A,糖13A,8521,
355,糖12A,糖12A,8521,
356,糖11A,糖11A,8521,
357,糖10A,糖10A,8521,
358,糖9A,糖9A,8521,
359,糖8A,糖8A,8521,
360,糖7A,糖7A,8521,
361,糖6A,糖6A,8521,
362,糖5A,糖5A,8521,
363,糖4A,糖4A,8521,
364,糖3A,糖3A,8521,
365,糖2A,糖2A,8521,
366,糖1A,糖1A,8521,
367,棚B-1,棚B-1,8511,
368,棚B-2,棚B-2,8511,
369,棚B-3,棚B-3,8511,
370,棚B-4,棚B-4,8511,
371,棚B-5,棚B-5,8511,
372,棚B-6,棚B-6,8511,
373,棚B-7,棚B-7,8511,
374,棚D-1,棚D-1,8511,
375,棚D-2,棚D-2,8511,
376,棚D-3,棚D-3,8511,
377,棚D-4,棚D-4,8511,
378,棚D-5,棚D-5,8511,
379,棚D-6,棚D-6,8511,
380,棚D-7,棚D-7,8511,
381,糖13B,糖13B,8521,
382,糖12B,糖12B,8521,
383,糖11B,糖11B,8521,
384,糖10B,糖10B,8521,
385,糖9B,糖9B,8521,
386,糖8B,糖8B,8521,
387,糖7B,糖7B,8521,
388,糖6B,糖6B,8521,
389,糖5B,糖5B,8521,
390,糖4B,糖4B,8521,
391,糖3B,糖3B,8521,
392,糖2B,糖2B,8521,
393,糖1B,糖1B,8521,