使用状态,资产名称,资产类型,唯一码,资产编码,所属产线,使用位置,启用日期,责任部门,使用部门,使用负责人,点巡检配置,点巡检状态
正常,4KG干粉灭火器,消防器材>4KG干粉灭火器,YCJ-4K-62,,,一期生产,2026-05-07,生产部,生产部,成强,1个计划,无记录
正常,4KG干粉灭火器,消防器材>4KG干粉灭火器,YCJ-4K-61,,,一期生产,2026-05-07,生产部,生产部,成强,1个计划,无记录
正常,洗眼器,消防器材>应急设施,HWK-01,,,恒温库,2026-04-16,储运采购部,储运采购部,杨玲,1个计划,正常
正常,洗眼器,消防器材>应急设施,ZSJ-02,,,制水间,2026-04-16,生产部,生产部,邵计,1个计划,正常
正常,洗眼器,消防器材>应急设施,SCJ-04,,,三期生产,2026-04-16,生产部,生产部,陈真敬,1个计划,正常
正常,洗眼器,消防器材>应急设施,ECJ-04,,,二期生产,2026-04-16,生产部,生产部,何毓裕,1个计划,正常
正常,洗眼器,消防器材>应急设施,YCJ-04,,,一期生产,2026-04-16,生产部,生产部,成强,1个计划,正常
正常,洗眼器,消防器材>应急设施,YHY-01,,,一化验,2026-04-14,品管部,品管部,唐兴,1个计划,正常
正常,洗眼器,消防器材>应急设施,ZSJ-01,,,制水间,2026-04-14,生产部,生产部,邵计,1个计划,正常
正常,洗眼器,消防器材>应急设施,WSZ-01,,,污水车间,2026-04-14,生产部,生产部,邵计,1个计划,正常
正常,洗眼器,消防器材>应急设施,SCJ-03,,,三期生产,2026-04-14,生产部,生产部,陈真敬,1个计划,正常
正常,洗眼器,消防器材>应急设施,SCJ-02,,,三期生产,2026-04-14,生产部,生产部,陈真敬,1个计划,正常
正常,洗眼器,消防器材>应急设施,SCJ-01,,,三期生产,2026-04-14,生产部,生产部,陈真敬,1个计划,正常
正常,洗眼器,消防器材>应急设施,ECJ-03,,,二期生产,2026-04-14,生产部,生产部,何毓裕,1个计划,正常
正常,洗眼器,消防器材>应急设施,ECJ-02,,,二期生产,2026-04-14,生产部,生产部,何毓裕,1个计划,正常
正常,洗眼器,消防器材>应急设施,ECJ-01,,,二期生产,2026-04-14,生产部,生产部,何毓裕,1个计划,正常
正常,洗眼器,消防器材>应急设施,YCJ-03,,,一期生产,2026-04-14,生产部,生产部,成强,1个计划,正常
正常,洗眼器,消防器材>应急设施,YCJ-02,,,一期生产,2026-04-14,生产部,生产部,成强,1个计划,正常
正常,洗眼器,消防器材>应急设施,YCJ-01,,,一期生产,2026-03-24,生产部,生产部,成强,1个计划,正常
正常,室内消火栓,消防器材>室内消火栓,ECJ-XHS-30,,,二期生产/风机房二层,2026-03-09,生产部,生产部二车间,何毓裕,1个计划,正常
正常,二氧化碳灭火器,消防器材>二氧化碳灭火器,SCJ-MT3-4,,,三期生产/配电房门口一层,2025-03-15,生产部,生产部,张海波,1个计划,正常
正常,车载灭火器,消防器材>车载灭火器,SCK-1K-6,,,三仓库/鄂L02684,2026-03-09,储运采购部,储运采购部,吴维辉,1个计划,正常
正常,4KG干粉灭火器,消防器材>4KG干粉灭火器,WRC-4K-2,,,,2023-05-15,储运采购部,储运采购部三车间,冯薇薇,1个计划,正常
正常,4KG干粉灭火器,消防器材>4KG干粉灭火器,WRC-4K-1,,,,2023-05-15,储运采购部,储运采购部三车间,冯薇薇,1个计划,正常
正常,室内消火栓,消防器材>室内消火栓,WRC-XHS-2,,,,2026-01-05,储运采购部,储运采购部三车间,冯薇薇,1个计划,正常
正常,室内消火栓,消防器材>室内消火栓,WRC-XHS-1,,,,2026-01-05,储运采购部,储运采购部三车间,冯薇薇,1个计划,正常
正常,4KG干粉灭火器,消防器材>4KG干粉灭火器,BJK-4K-4,,,,2023-05-15,储运采购部,储运采购部一车间,冯薇薇,1个计划,正常
正常,4KG干粉灭火器,消防器材>4KG干粉灭火器,BJK-4K-3,,,,2023-05-15,储运采购部,储运采购部一车间,冯薇薇,1个计划,正常
正常,4KG干粉灭火器,消防器材>4KG干粉灭火器,BJK-4K-2,,,,2023-05-15,储运采购部,储运采购部一车间,冯薇薇,1个计划,正常
正常,4KG干粉灭火器,消防器材>4KG干粉灭火器,BJK-4K-1,,,,2023-05-15,储运采购部,储运采购部一车间,冯薇薇,1个计划,正常
正常,4KG干粉灭火器,消防器材>4KG干粉灭火器,WSZ-4K-8,,,污水车间/污水处理系统设备,2023-06-15,生产部,生产部,邵计,1个计划,正常
正常,4KG干粉灭火器,消防器材>4KG干粉灭火器,WSZ-4K-7,,,污水车间/污水在线监测设备,2023-06-15,生产部,生产部,邵计,1个计划,正常
正常,二氧化碳灭火器,消防器材>二氧化碳灭火器,SCJ-MT3-3,,,三期生产/配电房门口一层,2025-03-15,生产部,生产部,张海波,1个计划,正常
正常,二氧化碳灭火器,消防器材>二氧化碳灭火器,ECJ-MT3-6,,,二期生产/4线拆包,2023-03-02,生产部,生产部二车间,何毓裕,1个计划,正常
正常,二氧化碳灭火器,消防器材>二氧化碳灭火器,ECJ-MT3-5,,,二期生产/4线拆包,2023-03-02,生产部,生产部二车间,何毓裕,1个计划,正常
正常,二氧化碳灭火器,消防器材>二氧化碳灭火器,ECJ-MT3-4,,,二期生产/3线拆包,2023-03-02,生产部,生产部二车间,何毓裕,1个计划,正常
正常,二氧化碳灭火器,消防器材>二氧化碳灭火器,ECJ-MT3-3,,,二期生产/3线拆包,2023-03-02,生产部,生产部二车间,何毓裕,1个计划,正常
正常,4KG干粉灭火器,消防器材>4KG干粉灭火器,ECJ-4K-66,,,二期生产/物资库房,2023-03-02,生产部,生产部,王振,1个计划,正常
正常,4KG干粉灭火器,消防器材>4KG干粉灭火器,ECJ-4K-65,,,二期生产/物资库房,2023-03-02,生产部,生产部,王振,1个计划,正常
正常,4KG干粉灭火器,消防器材>4KG干粉灭火器,SCK-4K-80,,,三仓库/咖啡因库房,2025-06-15,储运采购部,储运采购部,杨玲,1个计划,正常
正常,4KG干粉灭火器,消防器材>4KG干粉灭火器,SCK-4K-79,,,三仓库/咖啡因库房,2025-06-15,储运采购部,储运采购部,杨玲,1个计划,正常
正常,4KG干粉灭火器,消防器材>4KG干粉灭火器,SCJ-4K-42,,,三期生产/劳保库房,2025-06-15,生产部,生产部,陈真敬,1个计划,正常
正常,4KG干粉灭火器,消防器材>4KG干粉灭火器,SCJ-4K-41,,,三期生产/劳保库房,2025-06-15,生产部,生产部,陈真敬,1个计划,正常
正常,室内消火栓,消防器材>室内消火栓,ECJ-XHS-29,,,二期生产/车间西侧通道一层,2025-06-15,生产部,生产部二车间,何毓裕,1个计划,正常
正常,室内消火栓,消防器材>室内消火栓,ECJ-XHS-28,,,二期生产/风机室二层,2025-08-04,生产部,生产部二车间,何毓裕,1个计划,正常
正常,4KG干粉灭火器,消防器材>4KG干粉灭火器,ECJ-4K-64,,,二期生产/在线化验室外一层,2025-03-13,生产部,生产部,王振,1个计划,正常
正常,4KG干粉灭火器,消防器材>4KG干粉灭火器,ECJ-4K-63,,,二期生产/在线化验室外一层,2025-03-13,生产部,生产部,王振,1个计划,正常
正常,室内消火栓,消防器材>室内消火栓,SHY-XHS-1,,,三化验/主化验室切割室门口,2025-06-15,品管部,品管部,赵晶晶,1个计划,正常
正常,室内消火栓,消防器材>室内消火栓,EHY-XHS-1,,,二化验/样品间,2025-06-15,品管部,品管部,赵晶晶,1个计划,正常
正常,室内消火栓,消防器材>室内消火栓,YHY-XHS-1,,,一化验/化验室门禁入口,2025-06-15,品管部,品管部,徐华维,1个计划,正常
正常,4KG干粉灭火器,消防器材>4KG干粉灭火器,SHY-4K-8,,,三化验/样品间,2025-06-15,品管部,品管部,赵晶晶,1个计划,正常
正常,4KG干粉灭火器,消防器材>4KG干粉灭火器,SHY-4K-7,,,三化验/样品间,2025-06-15,品管部,品管部,赵晶晶,1个计划,正常
正常,4KG干粉灭火器,消防器材>4KG干粉灭火器,SHY-4K-6,,,三化验/在线化验室,2025-06-15,品管部,品管部,赵晶晶,1个计划,正常
正常,4KG干粉灭火器,消防器材>4KG干粉灭火器,SHY-4K-5,,,三化验/在线化验室,2025-06-15,品管部,品管部,赵晶晶,1个计划,正常
正常,4KG干粉灭火器,消防器材>4KG干粉灭火器,SHY-4K-4,,,三化验/无菌室,2025-06-15,品管部,品管部,赵晶晶,1个计划,正常
正常,4KG干粉灭火器,消防器材>4KG干粉灭火器,SHY-4K-3,,,三化验/无菌室,2025-06-15,品管部,品管部,赵晶晶,1个计划,正常
正常,4KG干粉灭火器,消防器材>4KG干粉灭火器,SHY-4K-2,,,三化验/主化验室,2025-06-15,品管部,品管部,赵晶晶,1个计划,正常
正常,4KG干粉灭火器,消防器材>4KG干粉灭火器,SHY-4K-1,,,三化验/主化验室,2025-06-15,品管部,品管部,赵晶晶,1个计划,正常
正常,4KG干粉灭火器,消防器材>4KG干粉灭火器,EHY-4K-6,,,二化验/样品间,2025-06-15,品管部,品管部,唐兴,1个计划,正常
正常,4KG干粉灭火器,消防器材>4KG干粉灭火器,EHY-4K-5,,,二化验/样品间,2025-06-15,品管部,品管部,唐兴,1个计划,正常
正常,4KG干粉灭火器,消防器材>4KG干粉灭火器,EHY-4K-4,,,二化验/在线化验室,2025-06-15,品管部,品管部,唐兴,1个计划,正常
正常,4KG干粉灭火器,消防器材>4KG干粉灭火器,EHY-4K-3,,,二化验/在线化验室,2025-06-15,品管部,品管部,唐兴,1个计划,正常
正常,4KG干粉灭火器,消防器材>4KG干粉灭火器,EHY-4K-2,,,二化验/主化验室,2025-06-15,品管部,品管部,唐兴,1个计划,正常
正常,4KG干粉灭火器,消防器材>4KG干粉灭火器,EHY-4K-1,,,二化验/主化验室,2025-06-15,品管部,品管部,唐兴,1个计划,正常
正常,4KG干粉灭火器,消防器材>4KG干粉灭火器,YHY-4K-8,,,一化验/在线化验室,2025-06-15,品管部,品管部,徐华维,1个计划,正常
正常,4KG干粉灭火器,消防器材>4KG干粉灭火器,YHY-4K-7,,,一化验/在线化验室,2025-06-15,品管部,品管部,徐华维,1个计划,正常
正常,4KG干粉灭火器,消防器材>4KG干粉灭火器,YHY-4K-6,,,一化验/无菌室,2025-06-15,品管部,品管部,徐华维,1个计划,正常
正常,4KG干粉灭火器,消防器材>4KG干粉灭火器,YHY-4K-5,,,一化验/无菌室,2025-06-15,品管部,品管部,徐华维,1个计划,正常
正常,4KG干粉灭火器,消防器材>4KG干粉灭火器,YHY-4K-4,,,一化验/试剂室,2025-06-15,品管部,品管部,徐华维,1个计划,正常
正常,4KG干粉灭火器,消防器材>4KG干粉灭火器,YHY-4K-3,,,一化验/试剂室,2025-06-15,品管部,品管部,徐华维,1个计划,正常
正常,4KG干粉灭火器,消防器材>4KG干粉灭火器,YHY-4K-2,,,一化验/主化验室,2025-06-15,品管部,品管部,徐华维,1个计划,正常
正常,4KG干粉灭火器,消防器材>4KG干粉灭火器,YHY-4K-1,,,一化验/主化验室,2025-06-15,品管部,品管部,徐华维,1个计划,正常
正常,室内消火栓,消防器材>室内消火栓,HWK-XHS-2,,,恒温库/靠称量间一侧角落,2025-06-15,储运采购部,储运采购部,杨玲,1个计划,正常
正常,室内消火栓,消防器材>室内消火栓,HWK-XHS-1,,,恒温库/靠消防水泵房一侧角落,2025-06-15,储运采购部,储运采购部,杨玲,1个计划,正常
正常,推车干粉灭火器,消防器材>推车干粉灭火器,HWK-35K-2,,,恒温库/靠称量间一侧门口,2025-06-15,储运采购部,储运采购部,杨玲,1个计划,正常
正常,推车干粉灭火器,消防器材>推车干粉灭火器,HWK-35K-1,,,恒温库/靠预留地一侧门口,2025-06-15,储运采购部,储运采购部,杨玲,1个计划,正常
正常,4KG干粉灭火器,消防器材>4KG干粉灭火器,HWK-4K-4,,,恒温库/靠称量间一侧门口,2025-06-15,储运采购部,储运采购部,杨玲,1个计划,正常
正常,4KG干粉灭火器,消防器材>4KG干粉灭火器,HWK-4K-3,,,恒温库/靠称量间一侧门口,2025-06-15,储运采购部,储运采购部,杨玲,1个计划,正常
正常,4KG干粉灭火器,消防器材>4KG干粉灭火器,HWK-4K-2,,,恒温库/靠预留地一侧门口,2025-06-15,储运采购部,储运采购部,杨玲,1个计划,正常
正常,4KG干粉灭火器,消防器材>4KG干粉灭火器,HWK-4K-1,,,恒温库/靠预留地一侧门口,2025-06-15,储运采购部,储运采购部,杨玲,1个计划,正常
正常,车载灭火器,消防器材>车载灭火器,SCK-1K-5,,,三仓库/鄂L00249,2025-06-15,储运采购部,储运采购部,汪贤良,1个计划,正常
正常,车载灭火器,消防器材>车载灭火器,SCK-1K-4,,,一仓库/鄂L00509,2025-06-15,储运采购部,储运采购部,汪贤良,1个计划,正常
正常,车载灭火器,消防器材>车载灭火器,SCK-1K-3,,,三仓库/鄂L00248,2025-06-15,储运采购部,储运采购部,汪贤良,1个计划,正常
正常,车载灭火器,消防器材>车载灭火器,SCK-1K-2,,,三仓库/鄂L00254,2025-06-15,储运采购部,储运采购部,汪贤良,1个计划,正常
正常,车载灭火器,消防器材>车载灭火器,SCK-1K-1,,,三仓库/鄂L00253,2025-06-15,储运采购部,储运采购部,汪贤良,1个计划,正常
正常,室内消火栓,消防器材>室内消火栓,SCK-XHS-42,,,三仓库/仓库办公室门口,2025-06-15,储运采购部,储运采购部,杨玲,1个计划,正常
正常,室内消火栓,消防器材>室内消火栓,SCK-XHS-41,,,三仓库/纸皮区,2025-06-15,储运采购部,储运采购部,杨玲,1个计划,正常
正常,室内消火栓,消防器材>室内消火栓,SCK-XHS-40,,,三仓库/纸皮区,2025-06-15,储运采购部,储运采购部,杨玲,1个计划,正常
正常,室内消火栓,消防器材>室内消火栓,SCK-XHS-39,,,三仓库/空罐区,2025-06-15,储运采购部,储运采购部,杨玲,1个计划,正常
正常,室内消火栓,消防器材>室内消火栓,SCK-XHS-38,,,三仓库/热缩膜区,2025-06-15,储运采购部,储运采购部,杨玲,1个计划,正常
正常,室内消火栓,消防器材>室内消火栓,SCK-XHS-37,,,三仓库/内容物区,2025-06-15,储运采购部,储运采购部,杨玲,1个计划,正常
正常,室内消火栓,消防器材>室内消火栓,SCK-XHS-36,,,三仓库/内容物区,2025-06-15,储运采购部,储运采购部,杨玲,1个计划,正常
正常,室内消火栓,消防器材>室内消火栓,SCK-XHS-35,,,三仓库/内容物区,2025-06-15,储运采购部,储运采购部,杨玲,1个计划,正常
正常,室内消火栓,消防器材>室内消火栓,SCK-XHS-34,,,三仓库/内容物区,2025-06-15,储运采购部,储运采购部,杨玲,1个计划,正常
正常,室内消火栓,消防器材>室内消火栓,SCK-XHS-33,,,三仓库/成品库内,2025-06-15,储运采购部,储运采购部,杨玲,1个计划,正常
正常,室内消火栓,消防器材>室内消火栓,SCK-XHS-32,,,三仓库/成品库内,2025-06-15,储运采购部,储运采购部,杨玲,1个计划,正常
正常,室内消火栓,消防器材>室内消火栓,SCK-XHS-31,,,三仓库/成品库内,2025-06-15,储运采购部,储运采购部,杨玲,1个计划,正常
正常,室内消火栓,消防器材>室内消火栓,SCK-XHS-30,,,三仓库/成品库内,2025-06-15,储运采购部,储运采购部,杨玲,1个计划,正常
正常,室内消火栓,消防器材>室内消火栓,SCK-XHS-29,,,三仓库/成品库内,2025-06-15,储运采购部,储运采购部,杨玲,1个计划,正常
正常,室内消火栓,消防器材>室内消火栓,SCK-XHS-28,,,三仓库/成品库内,2025-06-15,储运采购部,储运采购部,杨玲,1个计划,正常
正常,室内消火栓,消防器材>室内消火栓,SCK-XHS-27,,,三仓库/成品库内,2025-06-15,储运采购部,储运采购部,杨玲,1个计划,正常
正常,室内消火栓,消防器材>室内消火栓,SCK-XHS-26,,,三仓库/成品库内,2025-06-15,储运采购部,储运采购部,杨玲,1个计划,正常
正常,室内消火栓,消防器材>室内消火栓,SCK-XHS-25,,,三仓库/成品库内,2025-06-15,储运采购部,储运采购部,杨玲,1个计划,正常
正常,室内消火栓,消防器材>室内消火栓,SCK-XHS-24,,,三仓库/成品库内,2025-06-15,储运采购部,储运采购部,杨玲,1个计划,正常
正常,室内消火栓,消防器材>室内消火栓,SCK-XHS-23,,,三仓库/成品库内,2025-06-15,储运采购部,储运采购部,杨玲,1个计划,正常
正常,室内消火栓,消防器材>室内消火栓,SCK-XHS-22,,,三仓库/成品库内,2025-06-15,储运采购部,储运采购部,杨玲,1个计划,正常
正常,室内消火栓,消防器材>室内消火栓,SCK-XHS-21,,,三仓库/成品库内,2025-06-15,储运采购部,储运采购部,杨玲,1个计划,正常
正常,室内消火栓,消防器材>室内消火栓,SCK-XHS-20,,,三仓库/成品库内,2025-06-15,储运采购部,储运采购部,杨玲,1个计划,正常
正常,室内消火栓,消防器材>室内消火栓,SCK-XHS-19,,,三仓库/成品库内,2025-06-15,储运采购部,储运采购部,杨玲,1个计划,正常
正常,室内消火栓,消防器材>室内消火栓,SCK-XHS-18,,,三仓库/成品发货区2号位,2025-06-15,储运采购部,储运采购部,杨玲,1个计划,正常
正常,室内消火栓,消防器材>室内消火栓,SCK-XHS-17,,,三仓库/成品发货区,2025-06-15,储运采购部,储运采购部,杨玲,1个计划,正常
正常,室内消火栓,消防器材>室内消火栓,SCK-XHS-16,,,三仓库/成品发货区,2025-06-15,储运采购部,储运采购部,杨玲,1个计划,正常
正常,室内消火栓,消防器材>室内消火栓,SCK-XHS-15,,,三仓库/成品发货区,2025-06-15,储运采购部,储运采购部,杨玲,1个计划,正常
正常,室内消火栓,消防器材>室内消火栓,SCK-XHS-14,,,三仓库/成品发货区,2025-06-15,储运采购部,储运采购部,杨玲,1个计划,正常
正常,室内消火栓,消防器材>室内消火栓,SCK-XHS-13,,,三仓库/成品发货区,2025-06-15,储运采购部,储运采购部,杨玲,1个计划,正常
正常,室内消火栓,消防器材>室内消火栓,SCK-XHS-12,,,三仓库/成品发货区5号位,2025-06-15,储运采购部,储运采购部,杨玲,1个计划,正常
正常,室内消火栓,消防器材>室内消火栓,SCK-XHS-11,,,三仓库/成品发货区五线大门旁,2025-06-15,储运采购部,储运采购部,杨玲,1个计划,正常
正常,室内消火栓,消防器材>室内消火栓,SCK-XHS-10,,,三仓库/成品发货区3号位,2025-06-15,储运采购部,储运采购部,杨玲,1个计划,正常
正常,室内消火栓,消防器材>室内消火栓,SCK-XHS-9,,,三仓库/成品发货区六线大门旁,2025-06-15,储运采购部,储运采购部,杨玲,1个计划,正常
正常,室内消火栓,消防器材>室内消火栓,SCK-XHS-8,,,三仓库/成品发货区1号位,2025-06-15,储运采购部,储运采购部,杨玲,1个计划,正常
正常,室内消火栓,消防器材>室内消火栓,SCK-XHS-7,,,三仓库/库外成品托盘区,2025-06-15,储运采购部,储运采购部,杨玲,1个计划,正常
正常,室内消火栓,消防器材>室内消火栓,SCK-XHS-6,,,三仓库/库外成品托盘区,2025-06-15,储运采购部,储运采购部,杨玲,1个计划,正常
正常,室内消火栓,消防器材>室内消火栓,SCK-XHS-5,,,三仓库/库外成品托盘区,2025-06-15,储运采购部,储运采购部,杨玲,1个计划,正常
正常,室内消火栓,消防器材>室内消火栓,SCK-XHS-4,,,三仓库/库外叉车存放处,2025-06-15,储运采购部,储运采购部,杨玲,1个计划,正常
正常,室内消火栓,消防器材>室内消火栓,SCK-XHS-3,,,三仓库/仓库大门旁,2025-06-15,储运采购部,储运采购部,杨玲,1个计划,正常
正常,室内消火栓,消防器材>室内消火栓,SCK-XHS-2,,,三仓库/库外纸皮托盘区,2025-06-15,储运采购部,储运采购部,杨玲,1个计划,正常
正常,室内消火栓,消防器材>室内消火栓,SCK-XHS-1,,,三仓库/库外塑料托盘区,2025-06-15,储运采购部,储运采购部,杨玲,1个计划,正常
正常,推车干粉灭火器,消防器材>推车干粉灭火器,SCK-35K-1,,,三仓库/充电间,2025-06-15,储运采购部,储运采购部,杨玲,1个计划,正常
正常,4KG干粉灭火器,消防器材>4KG干粉灭火器,SCK-4K-78,,,三仓库/仓库办公室门口,2025-06-15,储运采购部,储运采购部,杨玲,1个计划,正常
正常,4KG干粉灭火器,消防器材>4KG干粉灭火器,SCK-4K-77,,,三仓库/仓库办公室门口,2025-06-15,储运采购部,储运采购部,杨玲,1个计划,正常
正常,4KG干粉灭火器,消防器材>4KG干粉灭火器,SCK-4K-76,,,三仓库/热熔胶区,2025-06-15,储运采购部,储运采购部,杨玲,1个计划,正常
正常,4KG干粉灭火器,消防器材>4KG干粉灭火器,SCK-4K-75,,,三仓库/热熔胶区,2025-06-15,储运采购部,储运采购部,杨玲,1个计划,正常
正常,4KG干粉灭火器,消防器材>4KG干粉灭火器,SCK-4K-74,,,三仓库/纸皮区,2025-06-15,储运采购部,储运采购部,杨玲,1个计划,正常
正常,4KG干粉灭火器,消防器材>4KG干粉灭火器,SCK-4K-73,,,三仓库/纸皮区,2025-06-15,储运采购部,储运采购部,杨玲,1个计划,正常
正常,4KG干粉灭火器,消防器材>4KG干粉灭火器,SCK-4K-72,,,三仓库/纸皮区,2025-06-15,储运采购部,储运采购部,杨玲,1个计划,正常
正常,4KG干粉灭火器,消防器材>4KG干粉灭火器,SCK-4K-71,,,三仓库/纸皮区,2025-06-15,储运采购部,储运采购部,杨玲,1个计划,正常
正常,4KG干粉灭火器,消防器材>4KG干粉灭火器,SCK-4K-70,,,三仓库/空罐区,2025-06-15,储运采购部,储运采购部,杨玲,1个计划,正常
正常,4KG干粉灭火器,消防器材>4KG干粉灭火器,SCK-4K-69,,,三仓库/空罐区,2025-06-15,储运采购部,储运采购部,杨玲,1个计划,正常
正常,4KG干粉灭火器,消防器材>4KG干粉灭火器,SCK-4K-68,,,三仓库/热缩膜区,2025-06-15,储运采购部,储运采购部,杨玲,1个计划,正常
正常,4KG干粉灭火器,消防器材>4KG干粉灭火器,SCK-4K-67,,,三仓库/热缩膜区,2025-06-15,储运采购部,储运采购部,杨玲,1个计划,正常
正常,4KG干粉灭火器,消防器材>4KG干粉灭火器,SCK-4K-66,,,三仓库/白糖区,2025-06-15,储运采购部,储运采购部,杨玲,1个计划,正常
正常,4KG干粉灭火器,消防器材>4KG干粉灭火器,SCK-4K-65,,,三仓库/白糖区,2025-06-15,储运采购部,储运采购部,杨玲,1个计划,正常
正常,4KG干粉灭火器,消防器材>4KG干粉灭火器,SCK-4K-64,,,三仓库/白糖区,2025-06-15,储运采购部,储运采购部,杨玲,1个计划,正常
正常,4KG干粉灭火器,消防器材>4KG干粉灭火器,SCK-4K-63,,,三仓库/白糖区,2025-06-15,储运采购部,储运采购部,杨玲,1个计划,正常
正常,4KG干粉灭火器,消防器材>4KG干粉灭火器,SCK-4K-62,,,三仓库/内容物区,2025-06-15,储运采购部,储运采购部,杨玲,1个计划,正常
正常,4KG干粉灭火器,消防器材>4KG干粉灭火器,SCK-4K-61,,,三仓库/内容物区,2025-06-15,储运采购部,储运采购部,杨玲,1个计划,正常
正常,4KG干粉灭火器,消防器材>4KG干粉灭火器,SCK-4K-60,,,三仓库/内容物区,2025-06-15,储运采购部,储运采购部,杨玲,1个计划,正常
正常,4KG干粉灭火器,消防器材>4KG干粉灭火器,SCK-4K-59,,,三仓库/内容物区,2025-06-15,储运采购部,储运采购部,杨玲,1个计划,正常
正常,4KG干粉灭火器,消防器材>4KG干粉灭火器,SCK-4K-58,,,三仓库/成品库内,2025-06-15,储运采购部,储运采购部,杨玲,1个计划,正常
正常,4KG干粉灭火器,消防器材>4KG干粉灭火器,SCK-4K-57,,,三仓库/成品库内,2025-06-15,储运采购部,储运采购部,杨玲,1个计划,正常
正常,4KG干粉灭火器,消防器材>4KG干粉灭火器,SCK-4K-56,,,三仓库/成品库内,2025-06-15,储运采购部,储运采购部,杨玲,1个计划,正常
正常,4KG干粉灭火器,消防器材>4KG干粉灭火器,SCK-4K-55,,,三仓库/成品库内,2025-06-15,储运采购部,储运采购部,杨玲,1个计划,正常
正常,4KG干粉灭火器,消防器材>4KG干粉灭火器,SCK-4K-54,,,三仓库/成品库内,2025-06-15,储运采购部,储运采购部,杨玲,1个计划,正常
正常,4KG干粉灭火器,消防器材>4KG干粉灭火器,SCK-4K-53,,,三仓库/成品库内,2025-06-15,储运采购部,储运采购部,杨玲,1个计划,正常
正常,4KG干粉灭火器,消防器材>4KG干粉灭火器,SCK-4K-52,,,三仓库/成品库内,2025-06-15,储运采购部,储运采购部,杨玲,1个计划,正常
正常,4KG干粉灭火器,消防器材>4KG干粉灭火器,SCK-4K-51,,,三仓库/成品库内,2025-06-15,储运采购部,储运采购部,杨玲,1个计划,正常
正常,4KG干粉灭火器,消防器材>4KG干粉灭火器,SCK-4K-50,,,三仓库/成品库内,2025-06-15,储运采购部,储运采购部,杨玲,1个计划,正常
正常,4KG干粉灭火器,消防器材>4KG干粉灭火器,SCK-4K-49,,,三仓库/成品库内,2025-06-15,储运采购部,储运采购部,杨玲,1个计划,正常
正常,4KG干粉灭火器,消防器材>4KG干粉灭火器,SCK-4K-48,,,三仓库/成品库内,2025-06-15,储运采购部,储运采购部,杨玲,1个计划,正常
正常,4KG干粉灭火器,消防器材>4KG干粉灭火器,SCK-4K-47,,,三仓库/成品库内,2025-06-15,储运采购部,储运采购部,杨玲,1个计划,正常
正常,4KG干粉灭火器,消防器材>4KG干粉灭火器,SCK-4K-46,,,三仓库/成品库内,2025-06-15,储运采购部,储运采购部,杨玲,1个计划,正常
正常,4KG干粉灭火器,消防器材>4KG干粉灭火器,SCK-4K-45,,,三仓库/成品库内,2025-06-15,储运采购部,储运采购部,杨玲,1个计划,正常
正常,4KG干粉灭火器,消防器材>4KG干粉灭火器,SCK-4K-44,,,三仓库/成品库内,2025-06-15,储运采购部,储运采购部,杨玲,1个计划,正常
正常,4KG干粉灭火器,消防器材>4KG干粉灭火器,SCK-4K-43,,,三仓库/成品库内,2025-06-15,储运采购部,储运采购部,杨玲,1个计划,正常
正常,4KG干粉灭火器,消防器材>4KG干粉灭火器,SCK-4K-42,,,三仓库/成品库内,2025-06-15,储运采购部,储运采购部,杨玲,1个计划,正常
正常,4KG干粉灭火器,消防器材>4KG干粉灭火器,SCK-4K-41,,,三仓库/成品库内,2025-06-15,储运采购部,储运采购部,杨玲,1个计划,正常
正常,4KG干粉灭火器,消防器材>4KG干粉灭火器,SCK-4K-40,,,三仓库/成品库内,2025-06-15,储运采购部,储运采购部,杨玲,1个计划,正常
正常,4KG干粉灭火器,消防器材>4KG干粉灭火器,SCK-4K-39,,,三仓库/成品库内,2025-06-15,储运采购部,储运采购部,杨玲,1个计划,正常
正常,4KG干粉灭火器,消防器材>4KG干粉灭火器,SCK-4K-38,,,三仓库/成品库内,2025-06-15,储运采购部,储运采购部,杨玲,1个计划,正常
正常,4KG干粉灭火器,消防器材>4KG干粉灭火器,SCK-4K-37,,,三仓库/成品库内,2025-06-15,储运采购部,储运采购部,杨玲,1个计划,正常
正常,4KG干粉灭火器,消防器材>4KG干粉灭火器,SCK-4K-36,,,三仓库/成品库内,2025-06-15,储运采购部,储运采购部,杨玲,1个计划,正常
正常,4KG干粉灭火器,消防器材>4KG干粉灭火器,SCK-4K-35,,,三仓库/成品库内,2025-06-15,储运采购部,储运采购部,杨玲,1个计划,正常
正常,4KG干粉灭火器,消防器材>4KG干粉灭火器,SCK-4K-34,,,三仓库/成品库内,2025-06-15,储运采购部,储运采购部,杨玲,1个计划,正常
正常,4KG干粉灭火器,消防器材>4KG干粉灭火器,SCK-4K-33,,,三仓库/成品库内,2025-06-15,储运采购部,储运采购部,杨玲,1个计划,正常
正常,4KG干粉灭火器,消防器材>4KG干粉灭火器,SCK-4K-32,,,三仓库/成品发货区,2025-06-15,储运采购部,储运采购部,杨玲,1个计划,正常
正常,4KG干粉灭火器,消防器材>4KG干粉灭火器,SCK-4K-31,,,三仓库/成品发货区,2025-06-15,储运采购部,储运采购部,杨玲,1个计划,正常
正常,4KG干粉灭火器,消防器材>4KG干粉灭火器,SCK-4K-30,,,三仓库/成品发货区,2025-06-15,储运采购部,储运采购部,杨玲,1个计划,正常
正常,4KG干粉灭火器,消防器材>4KG干粉灭火器,SCK-4K-29,,,三仓库/成品发货区,2025-06-15,储运采购部,储运采购部,杨玲,1个计划,正常
正常,4KG干粉灭火器,消防器材>4KG干粉灭火器,SCK-4K-28,,,三仓库/成品发货区,2025-06-15,储运采购部,储运采购部,杨玲,1个计划,正常
正常,4KG干粉灭火器,消防器材>4KG干粉灭火器,SCK-4K-27,,,三仓库/成品发货区,2025-06-15,储运采购部,储运采购部,杨玲,1个计划,正常
正常,4KG干粉灭火器,消防器材>4KG干粉灭火器,SCK-4K-26,,,三仓库/成品发货区,2025-06-15,储运采购部,储运采购部,杨玲,1个计划,正常
正常,4KG干粉灭火器,消防器材>4KG干粉灭火器,SCK-4K-25,,,三仓库/成品发货区,2025-06-15,储运采购部,储运采购部,杨玲,1个计划,正常
正常,4KG干粉灭火器,消防器材>4KG干粉灭火器,SCK-4K-24,,,三仓库/成品发货区5号位,2025-06-15,储运采购部,储运采购部,杨玲,1个计划,正常
正常,4KG干粉灭火器,消防器材>4KG干粉灭火器,SCK-4K-23,,,三仓库/成品发货区5号位,2025-06-15,储运采购部,储运采购部,杨玲,1个计划,正常
正常,4KG干粉灭火器,消防器材>4KG干粉灭火器,SCK-4K-22,,,三仓库/成品发货区五线大门旁,2025-06-15,储运采购部,储运采购部,杨玲,1个计划,正常
正常,4KG干粉灭火器,消防器材>4KG干粉灭火器,SCK-4K-21,,,三仓库/成品发货区五线大门旁,2025-06-15,储运采购部,储运采购部,杨玲,1个计划,正常
正常,4KG干粉灭火器,消防器材>4KG干粉灭火器,SCK-4K-20,,,三仓库/成品发货区3号位,2025-06-15,储运采购部,储运采购部,杨玲,1个计划,正常
正常,4KG干粉灭火器,消防器材>4KG干粉灭火器,SCK-4K-19,,,三仓库/成品发货区3号位,2025-06-15,储运采购部,储运采购部,杨玲,1个计划,正常
正常,4KG干粉灭火器,消防器材>4KG干粉灭火器,SCK-4K-18,,,三仓库/成品发货区六线大门旁,2025-06-15,储运采购部,储运采购部,杨玲,1个计划,正常
正常,4KG干粉灭火器,消防器材>4KG干粉灭火器,SCK-4K-17,,,三仓库/成品发货区六线大门旁,2025-06-15,储运采购部,储运采购部,杨玲,1个计划,正常
正常,4KG干粉灭火器,消防器材>4KG干粉灭火器,SCK-4K-16,,,三仓库/成品发货区1号位,2025-06-15,储运采购部,储运采购部,杨玲,1个计划,正常
正常,4KG干粉灭火器,消防器材>4KG干粉灭火器,SCK-4K-15,,,三仓库/成品发货区1号位,2025-06-15,储运采购部,储运采购部,杨玲,1个计划,正常
正常,4KG干粉灭火器,消防器材>4KG干粉灭火器,SCK-4K-14,,,三仓库/库外成品托盘区,2025-06-15,储运采购部,储运采购部,杨玲,1个计划,正常
正常,4KG干粉灭火器,消防器材>4KG干粉灭火器,SCK-4K-13,,,三仓库/库外成品托盘区,2025-06-15,储运采购部,储运采购部,杨玲,1个计划,正常
正常,4KG干粉灭火器,消防器材>4KG干粉灭火器,SCK-4K-12,,,三仓库/库外成品托盘区,2025-06-15,储运采购部,储运采购部,杨玲,1个计划,正常
正常,4KG干粉灭火器,消防器材>4KG干粉灭火器,SCK-4K-11,,,三仓库/库外成品托盘区,2025-06-15,储运采购部,储运采购部,杨玲,1个计划,正常
正常,4KG干粉灭火器,消防器材>4KG干粉灭火器,SCK-4K-10,,,三仓库/库外成品托盘区,2025-06-15,储运采购部,储运采购部,杨玲,1个计划,正常
正常,4KG干粉灭火器,消防器材>4KG干粉灭火器,SCK-4K-9,,,三仓库/库外成品托盘区,2025-06-15,储运采购部,储运采购部,杨玲,1个计划,正常
正常,4KG干粉灭火器,消防器材>4KG干粉灭火器,SCK-4K-8,,,三仓库/库外叉车存放处,2025-06-15,储运采购部,储运采购部,杨玲,1个计划,正常
正常,4KG干粉灭火器,消防器材>4KG干粉灭火器,SCK-4K-7,,,三仓库/库外叉车存放处,2025-06-15,储运采购部,储运采购部,杨玲,1个计划,正常
正常,4KG干粉灭火器,消防器材>4KG干粉灭火器,SCK-4K-6,,,三仓库/库外原材料大门旁,2025-06-15,储运采购部,储运采购部,杨玲,1个计划,正常
正常,4KG干粉灭火器,消防器材>4KG干粉灭火器,SCK-4K-5,,,三仓库/库外原材料大门旁,2025-06-15,储运采购部,储运采购部,杨玲,1个计划,正常
正常,4KG干粉灭火器,消防器材>4KG干粉灭火器,SCK-4K-4,,,三仓库/库外纸皮托盘区,2025-06-15,储运采购部,储运采购部,杨玲,1个计划,正常
正常,4KG干粉灭火器,消防器材>4KG干粉灭火器,SCK-4K-3,,,三仓库/库外纸皮托盘区,2025-06-15,储运采购部,储运采购部,杨玲,1个计划,正常
正常,4KG干粉灭火器,消防器材>4KG干粉灭火器,SCK-4K-2,,,三仓库/库外塑料托盘区,2025-06-15,储运采购部,储运采购部,杨玲,1个计划,正常
正常,4KG干粉灭火器,消防器材>4KG干粉灭火器,SCK-4K-1,,,三仓库/库外塑料托盘区,2025-06-15,储运采购部,储运采购部,杨玲,1个计划,正常
正常,车载灭火器,消防器材>车载灭火器,ECK-1K-6,,,三仓库/鄂L00955,2025-06-15,储运采购部,储运采购部,汪贤良,1个计划,正常
正常,车载灭火器,消防器材>车载灭火器,ECK-1K-5,,,二仓库/鄂L02627,2025-06-15,储运采购部,储运采购部,汪贤良,1个计划,正常
正常,车载灭火器,消防器材>车载灭火器,ECK-1K-4,,,二仓库/鄂L02641,2025-06-15,储运采购部,储运采购部,汪贤良,1个计划,正常
正常,车载灭火器,消防器材>车载灭火器,ECK-1K-3,,,三仓库/鄂L02573,2025-06-15,储运采购部,储运采购部,汪贤良,1个计划,正常
正常,车载灭火器,消防器材>车载灭火器,ECK-1K-2,,,二仓库/鄂L00255,2025-06-15,储运采购部,储运采购部,汪贤良,1个计划,正常
正常,车载灭火器,消防器材>车载灭火器,ECK-1K-1,,,二仓库/鄂L00252,2025-06-15,储运采购部,储运采购部,汪贤良,1个计划,正常
正常,室内消火栓,消防器材>室内消火栓,ECK-XHS-30,,,二仓库/库外废品存放区墙面,2025-06-15,储运采购部,储运采购部,杨目娣,1个计划,正常
正常,室内消火栓,消防器材>室内消火栓,ECK-XHS-29,,,二仓库/原材料库大门口外侧,2025-06-15,储运采购部,储运采购部,杨目娣,1个计划,正常
正常,室内消火栓,消防器材>室内消火栓,ECK-XHS-28,,,二仓库/样品间门口,2025-06-15,储运采购部,储运采购部,杨目娣,1个计划,正常
正常,室内消火栓,消防器材>室内消火栓,ECK-XHS-27,,,二仓库/库外托盘区墙面,2025-06-15,储运采购部,储运采购部,杨目娣,1个计划,正常
正常,室内消火栓,消防器材>室内消火栓,ECK-XHS-26,,,二仓库/库外托盘区墙面,2025-06-15,储运采购部,储运采购部,杨目娣,1个计划,正常
正常,室内消火栓,消防器材>室内消火栓,ECK-XHS-25,,,二仓库/库外托盘区墙面,2025-06-15,储运采购部,储运采购部,杨目娣,1个计划,正常
正常,室内消火栓,消防器材>室内消火栓,ECK-XHS-24,,,二仓库/发货区墙面,2025-06-15,储运采购部,储运采购部,杨目娣,1个计划,正常
正常,室内消火栓,消防器材>室内消火栓,ECK-XHS-23,,,二仓库/发货区墙面,2025-06-15,储运采购部,储运采购部,杨目娣,1个计划,正常
正常,室内消火栓,消防器材>室内消火栓,ECK-XHS-22,,,二仓库/发货区墙面,2025-06-15,储运采购部,储运采购部,杨目娣,1个计划,正常
正常,室内消火栓,消防器材>室内消火栓,ECK-XHS-21,,,二仓库/成品库后端墙面,2025-06-15,储运采购部,储运采购部,杨目娣,1个计划,正常
正常,室内消火栓,消防器材>室内消火栓,ECK-XHS-20,,,二仓库/成品库前端墙面,2025-06-15,储运采购部,储运采购部,杨目娣,1个计划,正常
正常,室内消火栓,消防器材>室内消火栓,ECK-XHS-19,,,二仓库/成品库前端墙面,2025-06-15,储运采购部,储运采购部,杨目娣,1个计划,正常
正常,室内消火栓,消防器材>室内消火栓,ECK-XHS-18,,,二仓库/成品库B区侧面墙,2025-06-15,储运采购部,储运采购部,杨目娣,1个计划,正常
正常,室内消火栓,消防器材>室内消火栓,ECK-XHS-17,,,二仓库/成品库B区侧面墙,2025-06-15,储运采购部,储运采购部,杨目娣,1个计划,正常
正常,室内消火栓,消防器材>室内消火栓,ECK-XHS-16,,,二仓库/成品库B区侧面墙,2025-06-15,储运采购部,储运采购部,杨目娣,1个计划,正常
正常,室内消火栓,消防器材>室内消火栓,ECK-XHS-15,,,二仓库/成品库B区侧面墙,2025-06-15,储运采购部,储运采购部,杨目娣,1个计划,正常
正常,室内消火栓,消防器材>室内消火栓,ECK-XHS-14,,,二仓库/成品库B区侧面墙,2025-06-15,储运采购部,储运采购部,杨目娣,1个计划,正常
正常,室内消火栓,消防器材>室内消火栓,ECK-XHS-13,,,二仓库/成品库A区侧面墙,2025-06-15,储运采购部,储运采购部,杨目娣,1个计划,正常
正常,室内消火栓,消防器材>室内消火栓,ECK-XHS-12,,,二仓库/成品库A区侧面墙,2025-06-15,储运采购部,储运采购部,杨目娣,1个计划,正常
正常,室内消火栓,消防器材>室内消火栓,ECK-XHS-11,,,二仓库/成品库A区侧面墙,2025-06-15,储运采购部,储运采购部,杨目娣,1个计划,正常
正常,室内消火栓,消防器材>室内消火栓,ECK-XHS-10,,,二仓库/成品库A区侧面墙,2025-06-15,储运采购部,储运采购部,杨目娣,1个计划,正常
正常,室内消火栓,消防器材>室内消火栓,ECK-XHS-9,,,二仓库/成品库A区侧面墙,2025-06-15,储运采购部,储运采购部,杨目娣,1个计划,正常
正常,室内消火栓,消防器材>室内消火栓,ECK-XHS-8,,,二仓库/四线空罐后端墙面,2025-06-15,储运采购部,储运采购部,杨目娣,1个计划,正常
正常,室内消火栓,消防器材>室内消火栓,ECK-XHS-7,,,二仓库/不合格原材料区墙面,2025-06-15,储运采购部,储运采购部,杨目娣,1个计划,正常
正常,室内消火栓,消防器材>室内消火栓,ECK-XHS-6,,,二仓库/不合格原材料区墙面,2025-06-15,储运采购部,储运采购部,杨目娣,1个计划,正常
正常,室内消火栓,消防器材>室内消火栓,ECK-XHS-5,,,二仓库/AGV无人叉车托盘区墙面,2025-06-15,储运采购部,储运采购部,杨目娣,1个计划,正常
正常,室内消火栓,消防器材>室内消火栓,ECK-XHS-4,,,二仓库/新品区墙面,2025-06-15,储运采购部,储运采购部,杨目娣,1个计划,正常
正常,室内消火栓,消防器材>室内消火栓,ECK-XHS-3,,,二仓库/白糖区后端墙面,2025-06-15,储运采购部,储运采购部,杨目娣,1个计划,正常
正常,室内消火栓,消防器材>室内消火栓,ECK-XHS-2,,,二仓库/白糖区侧面墙,2025-06-15,储运采购部,储运采购部,杨目娣,1个计划,正常
正常,室内消火栓,消防器材>室内消火栓,ECK-XHS-1,,,二仓库/原材料大门口内侧,2025-06-15,储运采购部,储运采购部,杨目娣,1个计划,正常
正常,推车干粉灭火器,消防器材>推车干粉灭火器,ECK-35K-1,,,二仓库/充电间,2025-06-15,储运采购部,储运采购部,杨目娣,1个计划,正常
正常,4KG干粉灭火器,消防器材>4KG干粉灭火器,ECK-4K-47,,,二仓库/库外废品存放区墙面,2025-06-15,储运采购部,储运采购部,杨目娣,1个计划,正常
正常,4KG干粉灭火器,消防器材>4KG干粉灭火器,ECK-4K-46,,,二仓库/库外废品存放区墙面,2025-06-15,储运采购部,储运采购部,杨目娣,1个计划,正常
正常,4KG干粉灭火器,消防器材>4KG干粉灭火器,ECK-4K-45,,,二仓库/库外叉车停放区墙面,2025-06-15,储运采购部,储运采购部,杨目娣,1个计划,正常
正常,4KG干粉灭火器,消防器材>4KG干粉灭火器,ECK-4K-44,,,二仓库/库外叉车停放区墙面,2025-06-15,储运采购部,储运采购部,杨目娣,1个计划,正常
正常,4KG干粉灭火器,消防器材>4KG干粉灭火器,ECK-4K-43,,,二仓库/库外托盘区墙面,2025-06-15,储运采购部,储运采购部,杨目娣,1个计划,正常
正常,4KG干粉灭火器,消防器材>4KG干粉灭火器,ECK-4K-42,,,二仓库/库外托盘区墙面,2025-06-15,储运采购部,储运采购部,杨目娣,1个计划,正常
正常,4KG干粉灭火器,消防器材>4KG干粉灭火器,ECK-4K-41,,,二仓库/库外托盘区墙面,2025-06-15,储运采购部,储运采购部,杨目娣,1个计划,正常
正常,4KG干粉灭火器,消防器材>4KG干粉灭火器,ECK-4K-40,,,二仓库/库外托盘区墙面,2025-06-15,储运采购部,储运采购部,杨目娣,1个计划,正常
正常,4KG干粉灭火器,消防器材>4KG干粉灭火器,ECK-4K-39,,,二仓库/库外托盘区墙面,2025-06-15,储运采购部,储运采购部,杨目娣,1个计划,正常
正常,4KG干粉灭火器,消防器材>4KG干粉灭火器,ECK-4K-38,,,二仓库/库外托盘区墙面,2025-06-15,储运采购部,储运采购部,杨目娣,1个计划,正常
正常,4KG干粉灭火器,消防器材>4KG干粉灭火器,ECK-4K-37,,,二仓库/发货区大门口,2025-06-15,储运采购部,储运采购部,杨目娣,1个计划,正常
正常,4KG干粉灭火器,消防器材>4KG干粉灭火器,ECK-4K-36,,,二仓库/发货区大门口,2025-06-15,储运采购部,储运采购部,杨目娣,1个计划,正常
正常,4KG干粉灭火器,消防器材>4KG干粉灭火器,ECK-4K-35,,,二仓库/发货区大门口,2025-06-15,储运采购部,储运采购部,杨目娣,1个计划,正常
正常,4KG干粉灭火器,消防器材>4KG干粉灭火器,ECK-4K-34,,,二仓库/发货区大门口,2025-06-15,储运采购部,储运采购部,杨目娣,1个计划,正常
正常,4KG干粉灭火器,消防器材>4KG干粉灭火器,ECK-4K-33,,,二仓库/成品库前端墙面,2025-06-15,储运采购部,储运采购部,杨目娣,1个计划,正常
正常,4KG干粉灭火器,消防器材>4KG干粉灭火器,ECK-4K-32,,,二仓库/成品库前端墙面,2025-03-01,储运采购部,储运采购部,杨目娣,1个计划,正常
正常,4KG干粉灭火器,消防器材>4KG干粉灭火器,ECK-4K-31,,,二仓库/成品库前端墙面,2025-06-15,储运采购部,储运采购部,杨目娣,1个计划,正常
正常,4KG干粉灭火器,消防器材>4KG干粉灭火器,ECK-4K-30,,,二仓库/成品库前端墙面,2025-06-15,储运采购部,储运采购部,杨目娣,1个计划,正常
正常,4KG干粉灭火器,消防器材>4KG干粉灭火器,ECK-4K-29,,,二仓库/成品库B区侧面墙,2025-06-15,储运采购部,储运采购部,杨目娣,1个计划,正常
正常,4KG干粉灭火器,消防器材>4KG干粉灭火器,ECK-4K-28,,,二仓库/成品库B区侧面墙,2025-06-15,储运采购部,储运采购部,杨目娣,1个计划,正常
正常,4KG干粉灭火器,消防器材>4KG干粉灭火器,ECK-4K-27,,,二仓库/成品库B区侧面墙,2025-06-15,储运采购部,储运采购部,杨目娣,1个计划,正常
正常,4KG干粉灭火器,消防器材>4KG干粉灭火器,ECK-4K-26,,,二仓库/成品库B区侧面墙,2025-06-15,储运采购部,储运采购部,杨目娣,1个计划,正常
正常,4KG干粉灭火器,消防器材>4KG干粉灭火器,ECK-4K-25,,,二仓库/成品库B区侧面墙,2025-06-15,储运采购部,储运采购部,杨目娣,1个计划,正常
正常,4KG干粉灭火器,消防器材>4KG干粉灭火器,ECK-4K-24,,,二仓库/成品库B区侧面墙,2025-06-15,储运采购部,储运采购部,杨目娣,1个计划,正常
正常,4KG干粉灭火器,消防器材>4KG干粉灭火器,ECK-4K-23,,,二仓库/成品库A区侧面墙,2025-06-15,储运采购部,储运采购部,杨目娣,1个计划,正常
正常,4KG干粉灭火器,消防器材>4KG干粉灭火器,ECK-4K-22,,,二仓库/成品库A区侧面墙,2025-06-15,储运采购部,储运采购部,杨目娣,1个计划,正常
正常,4KG干粉灭火器,消防器材>4KG干粉灭火器,ECK-4K-21,,,二仓库/成品库A区侧面墙,2025-03-01,储运采购部,储运采购部,杨目娣,1个计划,正常
正常,4KG干粉灭火器,消防器材>4KG干粉灭火器,ECK-4K-20,,,二仓库/成品库A区侧面墙,2025-06-15,储运采购部,储运采购部,杨目娣,1个计划,正常
正常,4KG干粉灭火器,消防器材>4KG干粉灭火器,ECK-4K-19,,,二仓库/成品库A区侧面墙,2025-06-15,储运采购部,储运采购部,杨目娣,1个计划,正常
正常,4KG干粉灭火器,消防器材>4KG干粉灭火器,ECK-4K-18,,,二仓库/成品库A区侧面墙,2025-06-15,储运采购部,储运采购部,杨目娣,1个计划,正常
正常,4KG干粉灭火器,消防器材>4KG干粉灭火器,ECK-4K-17,,,二仓库/成品库A区侧面墙,2025-06-15,储运采购部,储运采购部,杨目娣,1个计划,正常
正常,4KG干粉灭火器,消防器材>4KG干粉灭火器,ECK-4K-16,,,二仓库/成品库A区侧面墙,2025-06-15,储运采购部,储运采购部,杨目娣,1个计划,正常
正常,4KG干粉灭火器,消防器材>4KG干粉灭火器,ECK-4K-15,,,二仓库/充电间门口墙面,2025-06-15,储运采购部,储运采购部,杨目娣,1个计划,正常
正常,4KG干粉灭火器,消防器材>4KG干粉灭火器,ECK-4K-14,,,二仓库/充电间门口墙面,2025-06-15,储运采购部,储运采购部,杨目娣,1个计划,正常
正常,4KG干粉灭火器,消防器材>4KG干粉灭火器,ECK-4K-13,,,二仓库/车间通道防火卷帘门旁,2025-06-15,储运采购部,储运采购部,杨目娣,1个计划,正常
正常,4KG干粉灭火器,消防器材>4KG干粉灭火器,ECK-4K-12,,,二仓库/车间通道防火卷帘门旁,2025-06-15,储运采购部,储运采购部,杨目娣,1个计划,正常
正常,4KG干粉灭火器,消防器材>4KG干粉灭火器,ECK-4K-11,,,二仓库/杂物房内,2025-06-15,储运采购部,储运采购部,杨目娣,1个计划,正常
正常,4KG干粉灭火器,消防器材>4KG干粉灭火器,ECK-4K-10,,,二仓库/四线纸皮区后端墙面,2025-06-15,储运采购部,储运采购部,杨目娣,1个计划,正常
正常,4KG干粉灭火器,消防器材>4KG干粉灭火器,ECK-4K-9,,,二仓库/四线纸皮区后端墙面,2025-06-15,储运采购部,储运采购部,杨目娣,1个计划,正常
正常,4KG干粉灭火器,消防器材>4KG干粉灭火器,ECK-4K-8,,,二仓库/不合格原材料区墙面,2025-06-15,储运采购部,储运采购部,杨目娣,1个计划,正常
正常,4KG干粉灭火器,消防器材>4KG干粉灭火器,ECK-4K-7,,,二仓库/不合格原材料区墙面,2025-06-15,储运采购部,储运采购部,杨目娣,1个计划,正常
正常,4KG干粉灭火器,消防器材>4KG干粉灭火器,ECK-4K-6,,,二仓库/次品区墙面,2025-06-15,储运采购部,储运采购部,杨目娣,1个计划,正常
正常,4KG干粉灭火器,消防器材>4KG干粉灭火器,ECK-4K-5,,,二仓库/次品区墙面,2025-03-01,储运采购部,储运采购部,杨目娣,1个计划,正常
正常,4KG干粉灭火器,消防器材>4KG干粉灭火器,ECK-4K-4,,,二仓库/柠檬酸区护栏,2025-06-15,储运采购部,储运采购部,杨目娣,1个计划,正常
正常,4KG干粉灭火器,消防器材>4KG干粉灭火器,ECK-4K-3,,,二仓库/柠檬酸区护栏,2025-06-15,储运采购部,储运采购部,杨目娣,1个计划,正常
正常,4KG干粉灭火器,消防器材>4KG干粉灭火器,ECK-4K-2,,,二仓库/白糖区侧面墙,2025-06-15,储运采购部,储运采购部,杨目娣,1个计划,正常
正常,4KG干粉灭火器,消防器材>4KG干粉灭火器,ECK-4K-1,,,二仓库/白糖区侧面墙,2025-06-15,储运采购部,储运采购部,杨目娣,1个计划,正常
正常,车载灭火器,消防器材>车载灭火器,YCK-1K-6,,,一仓库/鄂L00510,2025-06-15,储运采购部,储运采购部,汪贤良,1个计划,正常
正常,车载灭火器,消防器材>车载灭火器,YCK-1K-5,,,一仓库/鄂L00251,2025-06-15,储运采购部,储运采购部,汪贤良,1个计划,正常
正常,车载灭火器,消防器材>车载灭火器,YCK-1K-4,,,一仓库/鄂L00256,2025-06-15,储运采购部,储运采购部,汪贤良,1个计划,正常
正常,车载灭火器,消防器材>车载灭火器,YCK-1K-3,,,一仓库/鄂L00954,2025-06-15,储运采购部,储运采购部,汪贤良,1个计划,正常
正常,车载灭火器,消防器材>车载灭火器,YCK-1K-2,,,一仓库/鄂L00954,2025-06-15,储运采购部,储运采购部,汪贤良,1个计划,正常
正常,车载灭火器,消防器材>车载灭火器,YCK-1K-1,,,一仓库/鄂L00247,2025-06-15,储运采购部,储运采购部,汪贤良,1个计划,正常
正常,室内消火栓,消防器材>室内消火栓,YCK-XHS-18,,,一仓库/库外装卸工休息区,2025-06-15,储运采购部,储运采购部,李凯,1个计划,正常
正常,室内消火栓,消防器材>室内消火栓,YCK-XHS-17,,,一仓库/库外发货侧门成品托盘区,2025-06-15,储运采购部,储运采购部,李凯,1个计划,正常
正常,室内消火栓,消防器材>室内消火栓,YCK-XHS-16,,,一仓库/库外内容物托盘区,2025-06-15,储运采购部,储运采购部,李凯,1个计划,异常
正常,室内消火栓,消防器材>室内消火栓,YCK-XHS-15,,,一仓库/库外空罐卸货区,2025-06-15,储运采购部,储运采购部,李凯,1个计划,正常
正常,室内消火栓,消防器材>室内消火栓,YCK-XHS-14,,,一仓库/二线包材区,2025-06-15,储运采购部,储运采购部,李凯,1个计划,正常
正常,室内消火栓,消防器材>室内消火栓,YCK-XHS-13,,,一仓库/入库通道B区墙面,2025-06-15,储运采购部,储运采购部,李凯,1个计划,正常
正常,室内消火栓,消防器材>室内消火栓,YCK-XHS-12,,,一仓库/成品库B15后段,2025-06-15,储运采购部,储运采购部,李凯,1个计划,正常
正常,室内消火栓,消防器材>室内消火栓,YCK-XHS-11,,,一仓库/成品库B15中段,2025-06-15,储运采购部,储运采购部,李凯,1个计划,正常
正常,室内消火栓,消防器材>室内消火栓,YCK-XHS-10,,,一仓库/成品出库通道B区,2025-06-15,储运采购部,储运采购部,李凯,1个计划,正常
正常,室内消火栓,消防器材>室内消火栓,YCK-XHS-9,,,一仓库/成品出库大门右侧,2025-06-15,储运采购部,储运采购部,李凯,1个计划,正常
正常,室内消火栓,消防器材>室内消火栓,YCK-XHS-8,,,一仓库/成品库A15前段,2025-06-15,储运采购部,储运采购部,李凯,1个计划,正常
正常,室内消火栓,消防器材>室内消火栓,YCK-XHS-7,,,一仓库/成品库A15中段,2025-06-15,储运采购部,储运采购部,李凯,1个计划,正常
正常,室内消火栓,消防器材>室内消火栓,YCK-XHS-6,,,一仓库/成品库A15尾段,2025-06-15,储运采购部,储运采购部,李凯,1个计划,正常
正常,室内消火栓,消防器材>室内消火栓,YCK-XHS-5,,,一仓库/热缩膜区,2025-06-15,储运采购部,储运采购部,李凯,1个计划,正常
正常,室内消火栓,消防器材>室内消火栓,YCK-XHS-4,,,一仓库/拉环存放区,2025-06-15,储运采购部,储运采购部,李凯,1个计划,正常
正常,室内消火栓,消防器材>室内消火栓,YCK-XHS-3,,,一仓库/内容物尾端墙面,2025-06-15,储运采购部,储运采购部,李凯,1个计划,正常
正常,室内消火栓,消防器材>室内消火栓,YCK-XHS-2,,,一仓库/白糖区右侧墙面,2025-06-15,储运采购部,储运采购部,李凯,1个计划,正常
正常,室内消火栓,消防器材>室内消火栓,YCK-XHS-1,,,一仓库/原材大门左侧,2025-06-15,储运采购部,储运采购部,李凯,1个计划,正常
正常,推车干粉灭火器,消防器材>推车干粉灭火器,YCK-35K-2,,,一仓库/一二线包材区中间槽钢,2025-06-15,储运采购部,储运采购部,李凯,1个计划,正常
正常,推车干粉灭火器,消防器材>推车干粉灭火器,YCK-35K-1,,,一仓库/原材料大门右侧,2025-06-15,储运采购部,储运采购部,李凯,1个计划,正常
正常,4KG干粉灭火器,消防器材>4KG干粉灭火器,YCK-4K-40,,,一仓库/热熔胶区,2025-06-15,储运采购部,储运采购部,李凯,1个计划,正常
正常,4KG干粉灭火器,消防器材>4KG干粉灭火器,YCK-4K-39,,,一仓库/热熔胶区,2025-06-15,储运采购部,储运采购部,李凯,1个计划,正常
正常,4KG干粉灭火器,消防器材>4KG干粉灭火器,YCK-4K-38,,,一仓库/一线包材区,2025-06-15,储运采购部,储运采购部,李凯,1个计划,正常
正常,4KG干粉灭火器,消防器材>4KG干粉灭火器,YCK-4K-37,,,一仓库/一线包材区,2025-06-15,储运采购部,储运采购部,李凯,1个计划,正常
正常,4KG干粉灭火器,消防器材>4KG干粉灭火器,YCK-4K-36,,,一仓库/二线包材区,2025-06-15,储运采购部,储运采购部,李凯,1个计划,正常
正常,4KG干粉灭火器,消防器材>4KG干粉灭火器,YCK-4K-35,,,一仓库/二线包材区,2025-06-15,储运采购部,储运采购部,李凯,1个计划,正常
正常,4KG干粉灭火器,消防器材>4KG干粉灭火器,YCK-4K-34,,,一仓库/入库通道A区墙面,2025-06-15,储运采购部,储运采购部,李凯,1个计划,正常
正常,4KG干粉灭火器,消防器材>4KG干粉灭火器,YCK-4K-33,,,一仓库/入库通道A区墙面,2025-06-15,储运采购部,储运采购部,李凯,1个计划,正常
正常,4KG干粉灭火器,消防器材>4KG干粉灭火器,YCK-4K-32,,,一仓库/入库通道B区墙面,2025-06-15,储运采购部,储运采购部,李凯,1个计划,正常
正常,4KG干粉灭火器,消防器材>4KG干粉灭火器,YCK-4K-31,,,一仓库/入库通道B区墙面,2025-06-15,储运采购部,储运采购部,李凯,1个计划,正常
正常,4KG干粉灭火器,消防器材>4KG干粉灭火器,YCK-4K-30,,,一仓库/成品库B15后段,2025-06-15,储运采购部,储运采购部,李凯,1个计划,正常
正常,4KG干粉灭火器,消防器材>4KG干粉灭火器,YCK-4K-29,,,一仓库/成品库B15后段,2025-06-15,储运采购部,储运采购部,李凯,1个计划,正常
正常,4KG干粉灭火器,消防器材>4KG干粉灭火器,YCK-4K-28,,,一仓库/成品库B15中段,2025-06-15,储运采购部,储运采购部,李凯,1个计划,正常
正常,4KG干粉灭火器,消防器材>4KG干粉灭火器,YCK-4K-27,,,一仓库/成品库B15中段,2025-06-15,储运采购部,储运采购部,李凯,1个计划,正常
正常,4KG干粉灭火器,消防器材>4KG干粉灭火器,YCK-4K-26,,,一仓库/成品库B15前段,2025-06-15,储运采购部,储运采购部,李凯,1个计划,正常
正常,4KG干粉灭火器,消防器材>4KG干粉灭火器,YCK-4K-25,,,一仓库/成品库B15前段,2025-06-15,储运采购部,储运采购部,李凯,1个计划,正常
正常,4KG干粉灭火器,消防器材>4KG干粉灭火器,YCK-4K-24,,,一仓库/出库大门B区墙面,2025-06-15,储运采购部,储运采购部,李凯,1个计划,正常
正常,4KG干粉灭火器,消防器材>4KG干粉灭火器,YCK-4K-23,,,一仓库/出库大门B区墙面,2025-06-15,储运采购部,储运采购部,李凯,1个计划,正常
正常,4KG干粉灭火器,消防器材>4KG干粉灭火器,YCK-4K-22,,,一仓库/出库大门A区墙面,2025-06-15,储运采购部,储运采购部,李凯,1个计划,正常
正常,4KG干粉灭火器,消防器材>4KG干粉灭火器,YCK-4K-21,,,一仓库/出库大门A区墙面,2025-06-15,储运采购部,储运采购部,李凯,1个计划,正常
正常,4KG干粉灭火器,消防器材>4KG干粉灭火器,YCK-4K-20,,,一仓库/成品库A15前段,2025-06-15,储运采购部,储运采购部,李凯,1个计划,正常
正常,4KG干粉灭火器,消防器材>4KG干粉灭火器,YCK-4K-19,,,一仓库/成品库A15前段,2025-06-15,储运采购部,储运采购部,李凯,1个计划,正常
正常,4KG干粉灭火器,消防器材>4KG干粉灭火器,YCK-4K-18,,,一仓库/成品库A15中段,2025-06-15,储运采购部,储运采购部,李凯,1个计划,正常
正常,4KG干粉灭火器,消防器材>4KG干粉灭火器,YCK-4K-17,,,一仓库/成品库A15中段,2025-06-15,储运采购部,储运采购部,李凯,1个计划,正常
正常,4KG干粉灭火器,消防器材>4KG干粉灭火器,YCK-4K-16,,,一仓库/成品库A15中段,2025-06-15,储运采购部,储运采购部,李凯,1个计划,正常
正常,4KG干粉灭火器,消防器材>4KG干粉灭火器,YCK-4K-15,,,一仓库/成品库A15中段,2025-06-15,储运采购部,储运采购部,李凯,1个计划,正常
正常,4KG干粉灭火器,消防器材>4KG干粉灭火器,YCK-4K-14,,,一仓库/成品库A15尾段,2025-06-15,储运采购部,储运采购部,李凯,1个计划,正常
正常,4KG干粉灭火器,消防器材>4KG干粉灭火器,YCK-4K-13,,,一仓库/成品库A15尾段,2025-06-15,储运采购部,储运采购部,李凯,1个计划,正常
正常,4KG干粉灭火器,消防器材>4KG干粉灭火器,YCK-4K-12,,,一仓库/热缩膜区,2025-06-15,储运采购部,储运采购部,李凯,1个计划,正常
正常,4KG干粉灭火器,消防器材>4KG干粉灭火器,YCK-4K-11,,,一仓库/热缩膜区,2025-06-15,储运采购部,储运采购部,李凯,1个计划,正常
正常,4KG干粉灭火器,消防器材>4KG干粉灭火器,YCK-4K-10,,,一仓库/拉环存放区,2025-06-15,储运采购部,储运采购部,李凯,1个计划,正常
正常,4KG干粉灭火器,消防器材>4KG干粉灭火器,YCK-4K-9,,,一仓库/拉环存放区,2025-06-15,储运采购部,储运采购部,李凯,1个计划,正常
正常,4KG干粉灭火器,消防器材>4KG干粉灭火器,YCK-4K-8,,,一仓库/物资暂存区,2025-06-15,储运采购部,储运采购部,李凯,1个计划,正常
正常,4KG干粉灭火器,消防器材>4KG干粉灭火器,YCK-4K-7,,,一仓库/物资暂存区,2025-06-15,储运采购部,储运采购部,李凯,1个计划,正常
正常,4KG干粉灭火器,消防器材>4KG干粉灭火器,YCK-4K-6,,,一仓库/白糖区后墙面,2025-06-15,储运采购部,储运采购部,李凯,1个计划,正常
正常,4KG干粉灭火器,消防器材>4KG干粉灭火器,YCK-4K-5,,,一仓库/白糖区后墙面,2025-06-15,储运采购部,储运采购部,李凯,1个计划,正常
正常,4KG干粉灭火器,消防器材>4KG干粉灭火器,YCK-4K-4,,,一仓库/白糖区右侧墙面,2025-06-15,储运采购部,储运采购部,李凯,1个计划,正常
正常,4KG干粉灭火器,消防器材>4KG干粉灭火器,YCK-4K-3,,,一仓库/白糖区右侧墙面,2025-06-15,储运采购部,储运采购部,李凯,1个计划,正常
正常,4KG干粉灭火器,消防器材>4KG干粉灭火器,YCK-4K-2,,,一仓库/白糖区右侧墙面,2025-06-15,储运采购部,储运采购部,李凯,1个计划,正常
正常,4KG干粉灭火器,消防器材>4KG干粉灭火器,YCK-4K-1,,,一仓库/白糖区右侧墙面,2025-06-15,储运采购部,储运采购部,李凯,1个计划,正常
正常,二氧化碳灭火器,消防器材>二氧化碳灭火器,PDF-MT3-10,,,配电房/值班室,2025-06-15,生产部,生产部,张海波,1个计划,正常
正常,二氧化碳灭火器,消防器材>二氧化碳灭火器,PDF-MT3-9,,,配电房/值班室,2025-06-15,生产部,生产部,张海波,1个计划,正常
正常,二氧化碳灭火器,消防器材>二氧化碳灭火器,PDF-MT3-8,,,配电房/低压配电间靠主干道一侧不锈钢大门旁,2025-06-15,生产部,生产部,张海波,1个计划,正常
正常,二氧化碳灭火器,消防器材>二氧化碳灭火器,PDF-MT3-7,,,配电房/低压配电间靠主干道一侧不锈钢大门旁,2025-06-15,生产部,生产部,张海波,1个计划,正常
正常,二氧化碳灭火器,消防器材>二氧化碳灭火器,PDF-MT3-6,,,配电房/低压配电间进门左手边走道尽头,2025-06-15,生产部,生产部,张海波,1个计划,正常
正常,二氧化碳灭火器,消防器材>二氧化碳灭火器,PDF-MT3-5,,,配电房/低压配电间进门左手边走道尽头,2025-06-15,生产部,生产部,张海波,1个计划,正常
正常,二氧化碳灭火器,消防器材>二氧化碳灭火器,PDF-MT3-4,,,配电房/低压配电间进门左手边走道中间,2025-06-15,生产部,生产部,张海波,1个计划,正常
正常,二氧化碳灭火器,消防器材>二氧化碳灭火器,PDF-MT3-3,,,配电房/低压配电间进门左手边走道中间,2025-06-15,生产部,生产部,张海波,1个计划,正常
正常,二氧化碳灭火器,消防器材>二氧化碳灭火器,PDF-MT3-2,,,配电房/低压配电间进门左手边门口,2025-06-15,生产部,生产部,张海波,1个计划,正常
正常,二氧化碳灭火器,消防器材>二氧化碳灭火器,PDF-MT3-1,,,配电房/低压配电间进门左手边门口,2025-06-15,生产部,生产部,张海波,1个计划,正常
正常,室内消火栓,消防器材>室内消火栓,GLF-XHS-1,,,锅炉房/锅炉间靠清水池一侧,2025-06-15,生产部,生产部,高勇,1个计划,正常
正常,推车干粉灭火器,消防器材>推车干粉灭火器,GLF-35K-1,,,锅炉房/加油机旁,2025-06-15,生产部,生产部,高勇,1个计划,正常
正常,4KG干粉灭火器,消防器材>4KG干粉灭火器,GLF-4K-10,,,锅炉房/室外消防器材柜,2025-06-15,生产部,生产部,高勇,1个计划,正常
正常,4KG干粉灭火器,消防器材>4KG干粉灭火器,GLF-4K-9,,,锅炉房/室外消防器材柜,2025-06-15,生产部,生产部,高勇,1个计划,正常
正常,4KG干粉灭火器,消防器材>4KG干粉灭火器,GLF-4K-8,,,锅炉房/锅炉值班室,2025-06-15,生产部,生产部,高勇,1个计划,正常
正常,4KG干粉灭火器,消防器材>4KG干粉灭火器,GLF-4K-7,,,锅炉房/锅炉值班室,2025-06-15,生产部,生产部,高勇,1个计划,正常
正常,4KG干粉灭火器,消防器材>4KG干粉灭火器,GLF-4K-6,,,锅炉房/锅炉间大门右侧,2025-06-15,生产部,生产部,高勇,1个计划,正常
正常,4KG干粉灭火器,消防器材>4KG干粉灭火器,GLF-4K-5,,,锅炉房/锅炉间大门右侧,2025-06-15,生产部,生产部,高勇,1个计划,正常
正常,4KG干粉灭火器,消防器材>4KG干粉灭火器,GLF-4K-4,,,锅炉房/锅炉间大门右侧,2025-06-15,生产部,生产部,高勇,1个计划,正常
正常,4KG干粉灭火器,消防器材>4KG干粉灭火器,GLF-4K-3,,,锅炉房/锅炉间大门左侧,2025-06-15,生产部,生产部,高勇,1个计划,正常
正常,4KG干粉灭火器,消防器材>4KG干粉灭火器,GLF-4K-2,,,锅炉房/锅炉间大门左侧,2025-06-15,生产部,生产部,高勇,1个计划,正常
正常,4KG干粉灭火器,消防器材>4KG干粉灭火器,GLF-4K-1,,,锅炉房/锅炉间大门左侧,2025-06-15,生产部,生产部,高勇,1个计划,正常
正常,4KG干粉灭火器,消防器材>4KG干粉灭火器,WSZ-4K-6,,,污水车间/风机房,2025-06-15,生产部,生产部,邵计,1个计划,正常
正常,4KG干粉灭火器,消防器材>4KG干粉灭火器,WSZ-4K-5,,,污水车间/风机房,2025-06-15,生产部,生产部,邵计,1个计划,正常
正常,4KG干粉灭火器,消防器材>4KG干粉灭火器,WSZ-4K-4,,,污水车间/污水配电间,2025-06-15,生产部,生产部,邵计,1个计划,正常
正常,4KG干粉灭火器,消防器材>4KG干粉灭火器,WSZ-4K-3,,,污水车间/污水配电间,2025-06-15,生产部,生产部,邵计,1个计划,正常
正常,4KG干粉灭火器,消防器材>4KG干粉灭火器,WSZ-4K-2,,,污水车间/污水化验室,2025-03-13,生产部,生产部,邵计,1个计划,正常
正常,4KG干粉灭火器,消防器材>4KG干粉灭火器,WSZ-4K-1,,,污水车间/污水化验室,2025-06-15,生产部,生产部,邵计,1个计划,正常
正常,4KG干粉灭火器,消防器材>4KG干粉灭火器,ZSJ-4K-4,,,制水间/卷帘门出口,2025-06-15,生产部,生产部,邵计,1个计划,正常
正常,4KG干粉灭火器,消防器材>4KG干粉灭火器,ZSJ-4K-3,,,制水间/卷帘门出口,2025-06-15,生产部,生产部,邵计,1个计划,正常
正常,4KG干粉灭火器,消防器材>4KG干粉灭火器,ZSJ-4K-2,,,制水间/门禁出口,2025-06-15,生产部,生产部,邵计,1个计划,正常
正常,4KG干粉灭火器,消防器材>4KG干粉灭火器,ZSJ-4K-1,,,制水间/门禁出口,2025-06-15,生产部,生产部,邵计,1个计划,正常
正常,推车干粉灭火器,消防器材>推车干粉灭火器,CZJ-35K-1,,,称重间/称重操作间,2025-06-15,生产部,生产部,陈真敬,1个计划,正常
正常,4KG干粉灭火器,消防器材>4KG干粉灭火器,CZJ-4K-2,,,称重间/称重操作间,2025-06-15,生产部,生产部,王平,1个计划,正常
正常,4KG干粉灭火器,消防器材>4KG干粉灭火器,CZJ-4K-1,,,称重间/称重操作间,2025-06-15,生产部,生产部,王平,1个计划,正常
正常,室内消火栓,消防器材>室内消火栓,CLJ-XHS-1,,,称料间/领料平台,2025-06-15,生产部,生产部,王平,1个计划,正常
正常,二氧化碳灭火器,消防器材>二氧化碳灭火器,CLJ-MT7-4,,,称料间/称料间更衣室缓冲间,2025-06-15,生产部,生产部,王平,1个计划,正常
正常,二氧化碳灭火器,消防器材>二氧化碳灭火器,CLJ-MT6-3,,,称料间/称料间更衣室缓冲间,2025-06-15,生产部,生产部,王平,1个计划,正常
正常,二氧化碳灭火器,消防器材>二氧化碳灭火器,CLJ-MT5-2,,,称料间/称料操作间,2025-06-15,生产部,生产部,王平,1个计划,正常
正常,二氧化碳灭火器,消防器材>二氧化碳灭火器,CLJ-MT4-1,,,称料间/称料操作间,2025-06-15,生产部,生产部,王平,1个计划,正常
正常,二氧化碳灭火器,消防器材>二氧化碳灭火器,SCJ-MT3-2,,,三期生产/配料间二层,2025-06-15,生产部,生产部,陈真敬,1个计划,正常
正常,二氧化碳灭火器,消防器材>二氧化碳灭火器,SCJ-MT3-1,,,三期生产/配料间二层,2025-06-15,生产部,生产部,陈真敬,1个计划,正常
正常,室内消火栓,消防器材>室内消火栓,SCJ-XHS-29,,,三期生产/配料间二层,2025-06-15,生产部,生产部三车间,陈真敬,1个计划,正常
正常,室内消火栓,消防器材>室内消火栓,SCJ-XHS-28,,,三期生产/配料间二层,2025-06-15,生产部,生产部三车间,陈真敬,1个计划,正常
正常,室内消火栓,消防器材>室内消火栓,SCJ-XHS-27,,,三期生产/参观通道二楼4二层,2025-06-15,生产部,生产部三车间,陈真敬,1个计划,正常
正常,室内消火栓,消防器材>室内消火栓,SCJ-XHS-26,,,三期生产/参观通道二楼3二层,2025-06-15,生产部,生产部三车间,陈真敬,1个计划,正常
正常,室内消火栓,消防器材>室内消火栓,SCJ-XHS-25,,,三期生产/参观通道二楼2二层,2025-06-15,生产部,生产部三车间,陈真敬,1个计划,正常
正常,室内消火栓,消防器材>室内消火栓,SCJ-XHS-24,,,三期生产/参观通道二楼1二层,2025-06-15,生产部,生产部三车间,陈真敬,1个计划,正常
正常,室内消火栓,消防器材>室内消火栓,SCJ-XHS-23,,,三期生产/二楼库房内部4二层,2025-06-15,生产部,生产部三车间,陈真敬,1个计划,正常
正常,室内消火栓,消防器材>室内消火栓,SCJ-XHS-22,,,三期生产/二楼库房内部3二层,2025-06-15,生产部,生产部三车间,陈真敬,1个计划,正常
正常,室内消火栓,消防器材>室内消火栓,SCJ-XHS-21,,,三期生产/二楼库房内部2二层,2025-06-15,生产部,生产部三车间,陈真敬,1个计划,正常
正常,室内消火栓,消防器材>室内消火栓,SCJ-XHS-20,,,三期生产/二楼库房内部1二层,2025-06-15,生产部,生产部三车间,陈真敬,1个计划,正常
正常,室内消火栓,消防器材>室内消火栓,SCJ-XHS-19,,,三期生产/五、六线热缩区域过道一层,2025-06-15,生产部,生产部,陈真敬,1个计划,正常
正常,室内消火栓,消防器材>室内消火栓,SCJ-XHS-18,,,三期生产/五、六线包装区域过道一层,2025-06-15,生产部,生产部,陈真敬,1个计划,正常
正常,室内消火栓,消防器材>室内消火栓,SCJ-XHS-17,,,三期生产/五、六线机码区域过道一层,2025-06-15,生产部,生产部,陈真敬,1个计划,正常
正常,室内消火栓,消防器材>室内消火栓,SCJ-XHS-16,,,三期生产/车间办公室门口一层,2025-06-15,生产部,生产部,陈真敬,1个计划,正常
正常,室内消火栓,消防器材>室内消火栓,SCJ-XHS-15,,,三期生产/在线化验室门口一层,2025-06-15,生产部,生产部,陈真敬,1个计划,正常
正常,室内消火栓,消防器材>室内消火栓,SCJ-XHS-14,,,三期生产/电气配件室门口一层,2025-06-15,生产部,生产部,陈真敬,1个计划,正常
正常,室内消火栓,消防器材>室内消火栓,SCJ-XHS-13,,,三期生产/水暖管材库房门口一层,2025-06-15,生产部,生产部,陈真敬,1个计划,正常
正常,室内消火栓,消防器材>室内消火栓,SCJ-XHS-12,,,三期生产/空压机房门口一层,2025-06-15,生产部,生产部,陈真敬,1个计划,正常
正常,室内消火栓,消防器材>室内消火栓,SCJ-XHS-11,,,三期生产/机械备件库房门口一层,2025-06-15,生产部,生产部,陈真敬,1个计划,正常
正常,室内消火栓,消防器材>室内消火栓,SCJ-XHS-10,,,三期生产/六线打码区域2一层,2025-06-15,生产部,生产部,陈真敬,1个计划,正常
正常,室内消火栓,消防器材>室内消火栓,SCJ-XHS-9,,,三期生产/六线打码区域1一层,2025-06-15,生产部,生产部,陈真敬,1个计划,正常
正常,室内消火栓,消防器材>室内消火栓,SCJ-XHS-8,,,三期生产/六线灌装区域2一层,2025-06-15,生产部,生产部,陈真敬,1个计划,正常
正常,室内消火栓,消防器材>室内消火栓,SCJ-XHS-7,,,三期生产/六线灌装区域1一层,2025-06-15,生产部,生产部,陈真敬,1个计划,正常
正常,室内消火栓,消防器材>室内消火栓,SCJ-XHS-6,,,三期生产/六线拆包区域一层,2025-06-15,生产部,生产部,陈真敬,1个计划,正常
正常,室内消火栓,消防器材>室内消火栓,SCJ-XHS-5,,,三期生产/配料夹层门口一层,2025-06-15,生产部,生产部,陈真敬,1个计划,异常
正常,室内消火栓,消防器材>室内消火栓,SCJ-XHS-4,,,三期生产/电气备件库房门口一层,2025-06-15,生产部,生产部,陈真敬,1个计划,正常
正常,室内消火栓,消防器材>室内消火栓,SCJ-XHS-3,,,三期生产/化验室样品间门口一层,2025-06-15,生产部,生产部,陈真敬,1个计划,正常
正常,室内消火栓,消防器材>室内消火栓,SCJ-XHS-2,,,三期生产/参观通道洗手池一层,2025-06-15,生产部,生产部,陈真敬,1个计划,正常
正常,室内消火栓,消防器材>室内消火栓,SCJ-XHS-1,,,三期生产/男更衣室门口一层,2025-06-15,生产部,生产部,陈真敬,1个计划,正常
正常,4KG干粉灭火器,消防器材>4KG干粉灭火器,SCJ-4K-40,,,三期生产/有毒有害库房门口,2025-06-15,生产部,生产部,陈真敬,1个计划,正常
正常,4KG干粉灭火器,消防器材>4KG干粉灭火器,SCJ-4K-39,,,三期生产/有毒有害库房门口,2025-06-15,生产部,生产部,陈真敬,1个计划,正常
正常,4KG干粉灭火器,消防器材>4KG干粉灭火器,SCJ-4K-38,,,三期生产/清洁用品库房,2025-06-15,生产部,生产部,陈真敬,1个计划,正常
正常,4KG干粉灭火器,消防器材>4KG干粉灭火器,SCJ-4K-37,,,三期生产/清洁用品库房,2025-06-15,生产部,生产部,陈真敬,1个计划,正常
正常,4KG干粉灭火器,消防器材>4KG干粉灭火器,SCJ-4K-36,,,三期生产/机修间门口一层,2025-06-15,生产部,生产部,陈真敬,1个计划,正常
正常,4KG干粉灭火器,消防器材>4KG干粉灭火器,SCJ-4K-35,,,三期生产/机修间门口一层,2025-06-15,生产部,生产部,陈真敬,1个计划,正常
正常,4KG干粉灭火器,消防器材>4KG干粉灭火器,SCJ-4K-34,,,三期生产/五、六线热缩区域过道一层,2025-06-15,生产部,生产部,陈真敬,1个计划,正常
正常,4KG干粉灭火器,消防器材>4KG干粉灭火器,SCJ-4K-33,,,三期生产/五、六线热缩区域过道一层,2025-06-15,生产部,生产部,陈真敬,1个计划,正常
正常,4KG干粉灭火器,消防器材>4KG干粉灭火器,SCJ-4K-32,,,三期生产/五、六线机码区域过道一层,2025-06-15,生产部,生产部,陈真敬,1个计划,正常
正常,4KG干粉灭火器,消防器材>4KG干粉灭火器,SCJ-4K-31,,,三期生产/五、六线机码区域过道一层,2025-06-15,生产部,生产部,陈真敬,1个计划,正常
正常,4KG干粉灭火器,消防器材>4KG干粉灭火器,SCJ-4K-30,,,三期生产/车间办公室门口一层,2025-06-15,生产部,生产部,陈真敬,1个计划,正常
正常,4KG干粉灭火器,消防器材>4KG干粉灭火器,SCJ-4K-29,,,三期生产/车间办公室门口一层,2025-06-15,生产部,生产部,陈真敬,1个计划,正常
正常,4KG干粉灭火器,消防器材>4KG干粉灭火器,SCJ-4K-28,,,三期生产/在线化验室门口一层,2025-06-15,生产部,生产部,陈真敬,1个计划,正常
正常,4KG干粉灭火器,消防器材>4KG干粉灭火器,SCJ-4K-27,,,三期生产/在线化验室门口一层,2025-06-15,生产部,生产部,陈真敬,1个计划,正常
正常,4KG干粉灭火器,消防器材>4KG干粉灭火器,SCJ-4K-26,,,三期生产/电气配件室门口一层,2025-06-15,生产部,生产部,陈真敬,1个计划,正常
正常,4KG干粉灭火器,消防器材>4KG干粉灭火器,SCJ-4K-25,,,三期生产/电气配件室门口一层,2025-06-15,生产部,生产部,陈真敬,1个计划,正常
正常,4KG干粉灭火器,消防器材>4KG干粉灭火器,SCJ-4K-24,,,三期生产/水暖管材库房门口一层,2025-06-15,生产部,生产部,陈真敬,1个计划,正常
正常,4KG干粉灭火器,消防器材>4KG干粉灭火器,SCJ-4K-23,,,三期生产/水暖管材库房门口一层,2025-06-15,生产部,生产部,陈真敬,1个计划,正常
正常,4KG干粉灭火器,消防器材>4KG干粉灭火器,SCJ-4K-22,,,三期生产/空压机房门口一层,2025-06-15,生产部,生产部,陈真敬,1个计划,正常
正常,4KG干粉灭火器,消防器材>4KG干粉灭火器,SCJ-4K-21,,,三期生产/空压机房门口一层,2025-06-15,生产部,生产部,陈真敬,1个计划,正常
正常,4KG干粉灭火器,消防器材>4KG干粉灭火器,SCJ-4K-20,,,三期生产/机械备件库房门口一层,2025-06-15,生产部,生产部,陈真敬,1个计划,正常
正常,4KG干粉灭火器,消防器材>4KG干粉灭火器,SCJ-4K-19,,,三期生产/机械备件库房门口一层,2025-06-15,生产部,生产部,陈真敬,1个计划,正常
正常,4KG干粉灭火器,消防器材>4KG干粉灭火器,SCJ-4K-18,,,三期生产/六线打码区域2一层,2025-06-15,生产部,生产部,陈真敬,1个计划,正常
正常,4KG干粉灭火器,消防器材>4KG干粉灭火器,SCJ-4K-17,,,三期生产/六线打码区域2一层,2025-06-15,生产部,生产部,陈真敬,1个计划,正常
正常,4KG干粉灭火器,消防器材>4KG干粉灭火器,SCJ-4K-16,,,三期生产/六线打码区域1一层,2025-06-15,生产部,生产部,陈真敬,1个计划,正常
正常,4KG干粉灭火器,消防器材>4KG干粉灭火器,SCJ-4K-15,,,三期生产/六线打码区域1一层,2025-06-15,生产部,生产部,陈真敬,1个计划,正常
正常,4KG干粉灭火器,消防器材>4KG干粉灭火器,SCJ-4K-14,,,三期生产/六线灌装区域一层,2025-06-15,生产部,生产部,陈真敬,1个计划,正常
正常,4KG干粉灭火器,消防器材>4KG干粉灭火器,SCJ-4K-13,,,三期生产/六线灌装区域一层,2025-06-15,生产部,生产部,陈真敬,1个计划,正常
正常,4KG干粉灭火器,消防器材>4KG干粉灭火器,SCJ-4K-12,,,三期生产/六线拆包区域一层,2025-06-15,生产部,生产部,陈真敬,1个计划,正常
正常,4KG干粉灭火器,消防器材>4KG干粉灭火器,SCJ-4K-11,,,三期生产/六线拆包区域一层,2025-06-15,生产部,生产部,陈真敬,1个计划,正常
正常,4KG干粉灭火器,消防器材>4KG干粉灭火器,SCJ-4K-10,,,三期生产/配料夹层门口一层,2025-06-15,生产部,生产部,陈真敬,1个计划,正常
正常,4KG干粉灭火器,消防器材>4KG干粉灭火器,SCJ-4K-9,,,三期生产/配料夹层门口一层,2025-06-15,生产部,生产部,陈真敬,1个计划,正常
正常,4KG干粉灭火器,消防器材>4KG干粉灭火器,SCJ-4K-8,,,三期生产/电气备件库房门口一层,2025-06-15,生产部,生产部,陈真敬,1个计划,正常
正常,4KG干粉灭火器,消防器材>4KG干粉灭火器,SCJ-4K-7,,,三期生产/电气备件库房门口一层,2025-06-15,生产部,生产部,陈真敬,1个计划,正常
正常,4KG干粉灭火器,消防器材>4KG干粉灭火器,SCJ-4K-6,,,三期生产/化验室样品间门口一层,2025-06-15,生产部,生产部,陈真敬,1个计划,正常
正常,4KG干粉灭火器,消防器材>4KG干粉灭火器,SCJ-4K-5,,,三期生产/化验室样品间门口一层,2025-06-15,生产部,生产部,陈真敬,1个计划,正常
正常,4KG干粉灭火器,消防器材>4KG干粉灭火器,SCJ-4K-4,,,三期生产/参观通道洗手池一层,2025-06-15,生产部,生产部,陈真敬,1个计划,正常
正常,4KG干粉灭火器,消防器材>4KG干粉灭火器,SCJ-4K-3,,,三期生产/参观通道洗手池一层,2025-06-15,生产部,生产部,陈真敬,1个计划,正常
正常,4KG干粉灭火器,消防器材>4KG干粉灭火器,SCJ-4K-2,,,三期生产/男更衣室门口一层,2025-06-15,生产部,生产部,陈真敬,1个计划,正常
正常,4KG干粉灭火器,消防器材>4KG干粉灭火器,SCJ-4K-1,,,三期生产/男更衣室门口一层,2025-06-15,生产部,生产部,陈真敬,1个计划,正常
正常,室内消火栓,消防器材>室内消火栓,ECJ-XHS-27,,,二期生产/风机室二层,2025-06-15,生产部,生产部二车间,何毓裕,1个计划,正常
正常,室内消火栓,消防器材>室内消火栓,ECJ-XHS-26,,,二期生产/化验室门口二层,2025-06-15,生产部,生产部二车间,何毓裕,1个计划,正常
正常,室内消火栓,消防器材>室内消火栓,ECJ-XHS-25,,,二期生产/化验室门口二层,2025-06-15,生产部,生产部二车间,何毓裕,1个计划,正常
正常,室内消火栓,消防器材>室内消火栓,ECJ-XHS-24,,,二期生产/更衣室一层,2025-06-15,生产部,生产部二车间,何毓裕,1个计划,正常
正常,室内消火栓,消防器材>室内消火栓,ECJ-XHS-23,,,二期生产/更衣室一层,2025-06-15,生产部,生产部二车间,何毓裕,1个计划,正常
正常,室内消火栓,消防器材>室内消火栓,ECJ-XHS-22,,,二期生产/参观通道二层,2025-06-15,生产部,生产部二车间,何毓裕,1个计划,正常
正常,室内消火栓,消防器材>室内消火栓,ECJ-XHS-21,,,二期生产/参观通道二层,2025-06-15,生产部,生产部二车间,何毓裕,1个计划,正常
正常,室内消火栓,消防器材>室内消火栓,ECJ-XHS-20,,,二期生产/参观通道二层,2025-06-15,生产部,生产部,王振,1个计划,正常
正常,室内消火栓,消防器材>室内消火栓,ECJ-XHS-19,,,二期生产/参观通道二层,2025-06-15,生产部,生产部,王振,1个计划,正常
正常,室内消火栓,消防器材>室内消火栓,ECJ-XHS-18,,,二期生产/参观通道二层,2025-06-15,生产部,生产部,王振,1个计划,正常
正常,室内消火栓,消防器材>室内消火栓,ECJ-XHS-17,,,二期生产/车间西侧通道一层,2025-06-15,生产部,生产部,王振,1个计划,正常
正常,室内消火栓,消防器材>室内消火栓,ECJ-XHS-16,,,二期生产/车间西侧通道一层,2025-06-15,生产部,生产部,王振,1个计划,正常
正常,室内消火栓,消防器材>室内消火栓,ECJ-XHS-15,,,二期生产/车间西侧通道一层,2025-06-15,生产部,生产部,王振,1个计划,正常
正常,室内消火栓,消防器材>室内消火栓,ECJ-XHS-14,,,二期生产/车间西侧通道一层,2025-06-15,生产部,生产部,王振,1个计划,正常
正常,室内消火栓,消防器材>室内消火栓,ECJ-XHS-13,,,二期生产/车间西侧通道一层,2025-06-15,生产部,生产部,王振,1个计划,正常
正常,室内消火栓,消防器材>室内消火栓,ECJ-XHS-12,,,二期生产/车间南侧通道一层,2025-06-15,生产部,生产部,王振,1个计划,正常
正常,室内消火栓,消防器材>室内消火栓,ECJ-XHS-11,,,二期生产/车间南侧通道一层,2025-06-15,生产部,生产部,王振,1个计划,正常
正常,室内消火栓,消防器材>室内消火栓,ECJ-XHS-10,,,二期生产/车间南侧通道一层,2025-06-15,生产部,生产部,王振,1个计划,正常
正常,室内消火栓,消防器材>室内消火栓,ECJ-XHS-9,,,二期生产/车间东侧通道一层,2025-06-15,生产部,生产部,王振,1个计划,正常
正常,室内消火栓,消防器材>室内消火栓,ECJ-XHS-8,,,二期生产/车间东侧通道一层,2025-06-15,生产部,生产部,王振,1个计划,正常
正常,室内消火栓,消防器材>室内消火栓,ECJ-XHS-7,,,二期生产/车间东侧通道一层,2025-06-15,生产部,生产部,王振,1个计划,正常
正常,室内消火栓,消防器材>室内消火栓,ECJ-XHS-6,,,二期生产/车间东侧通道一层,2025-06-15,生产部,生产部,王振,1个计划,正常
正常,室内消火栓,消防器材>室内消火栓,ECJ-XHS-5,,,二期生产/车间东侧通道一层,2025-06-15,生产部,生产部,王振,1个计划,正常
正常,室内消火栓,消防器材>室内消火栓,ECJ-XHS-4,,,二期生产/上糖通道一层,2025-06-15,生产部,生产部,王振,1个计划,正常
正常,室内消火栓,消防器材>室内消火栓,ECJ-XHS-3,,,二期生产/上糖通道一层,2025-06-15,生产部,生产部,王振,1个计划,正常
正常,室内消火栓,消防器材>室内消火栓,ECJ-XHS-2,,,二期生产/备品室二层,2025-06-15,生产部,生产部,王振,1个计划,正常
正常,室内消火栓,消防器材>室内消火栓,ECJ-XHS-1,,,二期生产/配料间二层,2025-06-15,生产部,生产部,王振,1个计划,正常
正常,二氧化碳灭火器,消防器材>二氧化碳灭火器,ECJ-MT3-2,,,二期生产/配料间二层,2025-06-15,生产部,生产部二车间,何毓裕,1个计划,正常
正常,二氧化碳灭火器,消防器材>二氧化碳灭火器,ECJ-MT3-1,,,二期生产/配料间二层,2025-06-15,生产部,生产部二车间,何毓裕,1个计划,正常
正常,4KG干粉灭火器,消防器材>4KG干粉灭火器,ECJ-4K-62,,,二期生产/化验室门口二层,2025-06-15,生产部,生产部,王振,1个计划,正常
正常,4KG干粉灭火器,消防器材>4KG干粉灭火器,ECJ-4K-61,,,二期生产/化验室门口二层,2025-06-15,生产部,生产部,王振,1个计划,正常
正常,4KG干粉灭火器,消防器材>4KG干粉灭火器,ECJ-4K-60,,,二期生产/化验室门口二层,2025-06-15,生产部,生产部,王振,1个计划,正常
正常,4KG干粉灭火器,消防器材>4KG干粉灭火器,ECJ-4K-59,,,二期生产/化验室门口二层,2025-06-15,生产部,生产部,王振,1个计划,正常
正常,4KG干粉灭火器,消防器材>4KG干粉灭火器,ECJ-4K-58,,,二期生产/更衣室一层,2025-06-15,生产部,生产部,王振,1个计划,正常
正常,4KG干粉灭火器,消防器材>4KG干粉灭火器,ECJ-4K-57,,,二期生产/更衣室一层,2025-06-15,生产部,生产部,王振,1个计划,正常
正常,4KG干粉灭火器,消防器材>4KG干粉灭火器,ECJ-4K-56,,,二期生产/更衣室一层,2025-06-15,生产部,生产部,王振,1个计划,正常
正常,4KG干粉灭火器,消防器材>4KG干粉灭火器,ECJ-4K-55,,,二期生产/更衣室一层,2025-06-15,生产部,生产部,王振,1个计划,正常
正常,4KG干粉灭火器,消防器材>4KG干粉灭火器,ECJ-4K-54,,,二期生产/三四线中间通道一层,2025-06-15,生产部,生产部,王振,1个计划,正常
正常,4KG干粉灭火器,消防器材>4KG干粉灭火器,ECJ-4K-53,,,二期生产/三四线中间通道一层,2025-03-13,生产部,生产部,王振,1个计划,正常
正常,4KG干粉灭火器,消防器材>4KG干粉灭火器,ECJ-4K-52,,,二期生产/三四线中间通道一层,2025-03-01,生产部,生产部,王振,1个计划,正常
正常,4KG干粉灭火器,消防器材>4KG干粉灭火器,ECJ-4K-51,,,二期生产/三四线中间通道一层,2025-03-01,生产部,生产部,王振,1个计划,正常
正常,4KG干粉灭火器,消防器材>4KG干粉灭火器,ECJ-4K-50,,,二期生产/三四线中间通道一层,2025-03-13,生产部,生产部,王振,1个计划,正常
正常,4KG干粉灭火器,消防器材>4KG干粉灭火器,ECJ-4K-49,,,二期生产/三四线中间通道一层,2025-06-15,生产部,生产部,王振,1个计划,正常
正常,4KG干粉灭火器,消防器材>4KG干粉灭火器,ECJ-4K-48,,,二期生产/三四线中间通道一层,2025-06-15,生产部,生产部,王振,1个计划,正常
正常,4KG干粉灭火器,消防器材>4KG干粉灭火器,ECJ-4K-47,,,二期生产/三四线中间通道一层,2025-06-15,生产部,生产部,王振,1个计划,正常
正常,4KG干粉灭火器,消防器材>4KG干粉灭火器,ECJ-4K-46,,,二期生产/4线灌装间顶部一层,2025-06-15,生产部,生产部,王振,1个计划,正常
正常,4KG干粉灭火器,消防器材>4KG干粉灭火器,ECJ-4K-45,,,二期生产/3线灌装间顶部一层,2025-06-15,生产部,生产部,王振,1个计划,正常
正常,4KG干粉灭火器,消防器材>4KG干粉灭火器,ECJ-4K-44,,,二期生产/化学品库房一层,2025-06-15,生产部,生产部,王振,1个计划,正常
正常,4KG干粉灭火器,消防器材>4KG干粉灭火器,ECJ-4K-43,,,二期生产/化学品库房一层,2025-06-15,生产部,生产部,王振,1个计划,正常
正常,4KG干粉灭火器,消防器材>4KG干粉灭火器,ECJ-4K-42,,,二期生产/库房四门口一层,2025-06-15,生产部,生产部,王振,1个计划,正常
正常,4KG干粉灭火器,消防器材>4KG干粉灭火器,ECJ-4K-41,,,二期生产/库房四门口一层,2025-06-15,生产部,生产部,王振,1个计划,正常
正常,4KG干粉灭火器,消防器材>4KG干粉灭火器,ECJ-4K-40,,,二期生产/电气备品室门口一层,2025-03-13,生产部,生产部,王振,1个计划,正常
正常,4KG干粉灭火器,消防器材>4KG干粉灭火器,ECJ-4K-39,,,二期生产/电气备品室门口一层,2025-06-15,生产部,生产部,王振,1个计划,正常
正常,4KG干粉灭火器,消防器材>4KG干粉灭火器,ECJ-4K-38,,,二期生产/会议室门口一层,2025-06-15,生产部,生产部,王振,1个计划,正常
正常,4KG干粉灭火器,消防器材>4KG干粉灭火器,ECJ-4K-37,,,二期生产/会议室门口一层,2025-06-15,生产部,生产部,王振,1个计划,正常
正常,4KG干粉灭火器,消防器材>4KG干粉灭火器,ECJ-4K-36,,,二期生产/办公室门口一层,2025-06-15,生产部,生产部二车间,何毓裕,1个计划,正常
正常,4KG干粉灭火器,消防器材>4KG干粉灭火器,ECJ-4K-35,,,二期生产/办公室门口一层,2025-06-15,生产部,生产部二车间,何毓裕,1个计划,正常
正常,4KG干粉灭火器,消防器材>4KG干粉灭火器,ECJ-4K-34,,,二期生产/车间北侧通道一层,2025-06-15,生产部,生产部二车间,何毓裕,1个计划,正常
正常,4KG干粉灭火器,消防器材>4KG干粉灭火器,ECJ-4K-33,,,二期生产/车间北侧通道一层,2025-06-15,生产部,生产部二车间,何毓裕,1个计划,正常
正常,4KG干粉灭火器,消防器材>4KG干粉灭火器,ECJ-4K-32,,,二期生产/车间北侧通道一层,2025-06-15,生产部,生产部二车间,何毓裕,1个计划,正常
正常,4KG干粉灭火器,消防器材>4KG干粉灭火器,ECJ-4K-31,,,二期生产/车间北侧通道一层,2025-06-15,生产部,生产部二车间,何毓裕,1个计划,正常
正常,4KG干粉灭火器,消防器材>4KG干粉灭火器,ECJ-4K-30,,,二期生产/车间北侧通道一层,2025-06-15,生产部,生产部二车间,何毓裕,1个计划,正常
正常,4KG干粉灭火器,消防器材>4KG干粉灭火器,ECJ-4K-29,,,二期生产/车间北侧通道一层,2025-06-15,生产部,生产部二车间,何毓裕,1个计划,正常
正常,4KG干粉灭火器,消防器材>4KG干粉灭火器,ECJ-4K-28,,,二期生产/参观通道二层,2025-06-15,生产部,生产部二车间,何毓裕,1个计划,正常
正常,4KG干粉灭火器,消防器材>4KG干粉灭火器,ECJ-4K-27,,,二期生产/参观通道二层,2025-06-15,生产部,生产部二车间,何毓裕,1个计划,正常
正常,4KG干粉灭火器,消防器材>4KG干粉灭火器,ECJ-4K-26,,,二期生产/参观通道二层,2025-06-15,生产部,生产部,王振,1个计划,正常
正常,4KG干粉灭火器,消防器材>4KG干粉灭火器,ECJ-4K-25,,,二期生产/参观通道二层,2025-06-15,生产部,生产部,王振,1个计划,正常
正常,4KG干粉灭火器,消防器材>4KG干粉灭火器,ECJ-4K-24,,,二期生产/参观通道二层,2025-06-15,生产部,生产部,王振,1个计划,正常
正常,4KG干粉灭火器,消防器材>4KG干粉灭火器,ECJ-4K-23,,,二期生产/参观通道二层,2025-06-15,生产部,生产部,王振,1个计划,正常
正常,4KG干粉灭火器,消防器材>4KG干粉灭火器,ECJ-4K-22,,,二期生产/参观通道二层,2025-06-15,生产部,生产部,王振,1个计划,正常
正常,4KG干粉灭火器,消防器材>4KG干粉灭火器,ECJ-4K-21,,,二期生产/参观通道二层,2025-06-15,生产部,生产部,王振,1个计划,正常
正常,4KG干粉灭火器,消防器材>4KG干粉灭火器,ECJ-4K-20,,,二期生产/风机房二层,2025-06-15,生产部,生产部,王振,1个计划,正常
正常,4KG干粉灭火器,消防器材>4KG干粉灭火器,ECJ-4K-19,,,二期生产/风机房二层,2025-06-15,生产部,生产部,王振,1个计划,正常
正常,4KG干粉灭火器,消防器材>4KG干粉灭火器,ECJ-4K-18,,,二期生产/风机房二层,2025-06-15,生产部,生产部,王振,1个计划,正常
正常,4KG干粉灭火器,消防器材>4KG干粉灭火器,ECJ-4K-17,,,二期生产/风机房二层,2025-06-15,生产部,生产部,王振,1个计划,正常
正常,4KG干粉灭火器,消防器材>4KG干粉灭火器,ECJ-4K-16,,,二期生产/3线打码一层,2025-06-15,生产部,生产部,王振,1个计划,正常
正常,4KG干粉灭火器,消防器材>4KG干粉灭火器,ECJ-4K-15,,,二期生产/3线打码一层,2025-06-15,生产部,生产部,王振,1个计划,正常
正常,4KG干粉灭火器,消防器材>4KG干粉灭火器,ECJ-4K-14,,,二期生产/4线打码一层,2025-06-15,生产部,生产部,王振,1个计划,正常
正常,4KG干粉灭火器,消防器材>4KG干粉灭火器,ECJ-4K-13,,,二期生产/4线打码一层,2025-03-13,生产部,生产部,王振,1个计划,正常
正常,4KG干粉灭火器,消防器材>4KG干粉灭火器,ECJ-4K-12,,,二期生产/4线打码一层,2025-06-15,生产部,生产部,王振,1个计划,正常
正常,4KG干粉灭火器,消防器材>4KG干粉灭火器,ECJ-4K-11,,,二期生产/4线打码一层,2025-06-15,生产部,生产部,王振,1个计划,正常
正常,4KG干粉灭火器,消防器材>4KG干粉灭火器,ECJ-4K-10,,,二期生产/4线打码一层,2025-03-13,生产部,生产部,王振,1个计划,正常
正常,4KG干粉灭火器,消防器材>4KG干粉灭火器,ECJ-4K-9,,,二期生产/4线打码一层,2025-03-13,生产部,生产部,王振,1个计划,正常
正常,4KG干粉灭火器,消防器材>4KG干粉灭火器,ECJ-4K-8,,,二期生产/空调控制柜一层,2025-06-15,生产部,生产部,王振,1个计划,正常
正常,4KG干粉灭火器,消防器材>4KG干粉灭火器,ECJ-4K-7,,,二期生产/空调控制柜一层,2025-06-15,生产部,生产部,王振,1个计划,正常
正常,4KG干粉灭火器,消防器材>4KG干粉灭火器,ECJ-4K-6,,,二期生产/机修间通道一层,2025-06-15,生产部,生产部,王振,1个计划,正常
正常,4KG干粉灭火器,消防器材>4KG干粉灭火器,ECJ-4K-5,,,二期生产/机修间通道一层,2025-06-15,生产部,生产部,王振,1个计划,正常
正常,4KG干粉灭火器,消防器材>4KG干粉灭火器,ECJ-4K-4,,,二期生产/机修间一层,2025-06-15,生产部,生产部,王振,1个计划,正常
正常,4KG干粉灭火器,消防器材>4KG干粉灭火器,ECJ-4K-3,,,二期生产/机修间一层,2025-06-15,生产部,生产部,王振,1个计划,正常
正常,4KG干粉灭火器,消防器材>4KG干粉灭火器,ECJ-4K-2,,,二期生产/配电室一层,2025-06-15,生产部,生产部,王振,1个计划,正常
正常,4KG干粉灭火器,消防器材>4KG干粉灭火器,ECJ-4K-1,,,二期生产/配电室一层,2025-06-15,生产部,生产部,王振,1个计划,正常
正常,二氧化碳灭火器,消防器材>二氧化碳灭火器,YCJ-MT3-2,,,一期生产/配料储料间,2025-06-15,生产部,生产部一车间,成强,1个计划,正常
正常,二氧化碳灭火器,消防器材>二氧化碳灭火器,YCJ-MT3-1,,,一期生产/配料储料间,2025-06-15,生产部,生产部一车间,成强,1个计划,正常
正常,室内消火栓,消防器材>室内消火栓,YCJ-XHS-24,,,一期生产/机修备件库北面一层,2025-06-15,生产部,生产部一车间,成强,1个计划,正常
正常,室内消火栓,消防器材>室内消火栓,YCJ-XHS-23,,,一期生产/化验室门口二层,2025-06-15,生产部,生产部一车间,成强,1个计划,正常
正常,室内消火栓,消防器材>室内消火栓,YCJ-XHS-22,,,一期生产/参观通道出口一层,2025-06-15,生产部,生产部一车间,成强,1个计划,正常
正常,室内消火栓,消防器材>室内消火栓,YCJ-XHS-21,,,一期生产/参观通道南面7二层,2025-06-15,生产部,生产部一车间,成强,1个计划,正常
正常,室内消火栓,消防器材>室内消火栓,YCJ-XHS-20,,,一期生产/参观通道南面6二层,2025-06-15,生产部,生产部一车间,成强,1个计划,正常
正常,室内消火栓,消防器材>室内消火栓,YCJ-XHS-19,,,一期生产/参观通道南面5二层,2025-06-15,生产部,生产部一车间,成强,1个计划,正常
正常,室内消火栓,消防器材>室内消火栓,YCJ-XHS-18,,,一期生产/参观通道西面4二层,2025-06-15,生产部,生产部一车间,成强,1个计划,正常
正常,室内消火栓,消防器材>室内消火栓,YCJ-XHS-17,,,一期生产/参观通道西面3二层,2025-06-15,生产部,生产部一车间,成强,1个计划,正常
正常,室内消火栓,消防器材>室内消火栓,YCJ-XHS-16,,,一期生产/参观通道西面2二层,2025-06-15,生产部,生产部一车间,成强,1个计划,正常
正常,室内消火栓,消防器材>室内消火栓,YCJ-XHS-15,,,一期生产/参观通道西面1二层,2025-06-15,生产部,生产部一车间,成强,1个计划,正常
正常,室内消火栓,消防器材>室内消火栓,YCJ-XHS-14,,,一期生产/参观通道入口一层,2025-06-15,生产部,生产部,张志华,1个计划,正常
正常,室内消火栓,消防器材>室内消火栓,YCJ-XHS-13,,,一期生产/配料夹一层门口,2025-06-15,生产部,生产部,张志华,1个计划,异常
正常,室内消火栓,消防器材>室内消火栓,YCJ-XHS-12,,,一期生产/上糖区域一层,2025-06-15,生产部,生产部,张志华,1个计划,正常
正常,室内消火栓,消防器材>室内消火栓,YCJ-XHS-11,,,一期生产/机修间门口一层,2025-06-15,生产部,生产部,张志华,1个计划,正常
正常,室内消火栓,消防器材>室内消火栓,YCJ-XHS-10,,,一期生产/二线拆包区域一层,2025-06-15,生产部,生产部,张志华,1个计划,正常
正常,室内消火栓,消防器材>室内消火栓,YCJ-XHS-9,,,一期生产/二线查罐区域一层,2025-06-15,生产部,生产部,张志华,1个计划,正常
正常,室内消火栓,消防器材>室内消火栓,YCJ-XHS-8,,,一期生产/二线冷却机一层,2025-06-15,生产部,生产部,张志华,1个计划,正常
正常,室内消火栓,消防器材>室内消火栓,YCJ-XHS-7,,,一期生产/二线环保空调后段一层,2025-06-15,生产部,生产部,张志华,1个计划,正常
正常,室内消火栓,消防器材>室内消火栓,YCJ-XHS-6,,,一期生产/二线打码一层,2025-06-15,生产部,生产部,张志华,1个计划,正常
正常,室内消火栓,消防器材>室内消火栓,YCJ-XHS-5,,,一期生产/车间南卷帘门口一层,2025-06-15,生产部,生产部,张志华,1个计划,正常
正常,室内消火栓,消防器材>室内消火栓,YCJ-XHS-4,,,一期生产/一线打码一层,2025-06-15,生产部,生产部,张志华,1个计划,正常
正常,室内消火栓,消防器材>室内消火栓,YCJ-XHS-3,,,一期生产/备件库房门口一层,2025-06-15,生产部,生产部,张志华,1个计划,正常
正常,室内消火栓,消防器材>室内消火栓,YCJ-XHS-2,,,一期生产/清洁库房门口一层,2025-06-15,生产部,生产部,张志华,1个计划,正常
正常,室内消火栓,消防器材>室内消火栓,YCJ-XHS-1,,,一期生产/车间办公室门口一层,2025-06-15,生产部,生产部,张志华,1个计划,正常
正常,4KG干粉灭火器,消防器材>4KG干粉灭火器,YCJ-4K-60,,,一期生产/配电室一层,2025-06-15,生产部,生产部一车间,成强,1个计划,正常
正常,4KG干粉灭火器,消防器材>4KG干粉灭火器,YCJ-4K-59,,,一期生产/配电室一层,2025-06-15,生产部,生产部一车间,成强,1个计划,正常
正常,4KG干粉灭火器,消防器材>4KG干粉灭火器,YCJ-4K-58,,,一期生产/空压机一层,2025-06-15,生产部,生产部一车间,成强,1个计划,正常
正常,4KG干粉灭火器,消防器材>4KG干粉灭火器,YCJ-4K-57,,,一期生产/空压机一层,2025-06-15,生产部,生产部一车间,成强,1个计划,正常
正常,4KG干粉灭火器,消防器材>4KG干粉灭火器,YCJ-4K-56,,,一期生产/机修间一层,2025-06-15,生产部,生产部一车间,成强,1个计划,正常
正常,4KG干粉灭火器,消防器材>4KG干粉灭火器,YCJ-4K-55,,,一期生产/机修间一层,2025-06-15,生产部,生产部一车间,成强,1个计划,正常
正常,4KG干粉灭火器,消防器材>4KG干粉灭火器,YCJ-4K-54,,,一期生产/备件库房一层,2025-06-15,生产部,生产部一车间,成强,1个计划,正常
正常,4KG干粉灭火器,消防器材>4KG干粉灭火器,YCJ-4K-53,,,一期生产/备件库房一层,2025-06-15,生产部,生产部一车间,成强,1个计划,正常
正常,4KG干粉灭火器,消防器材>4KG干粉灭火器,YCJ-4K-52,,,一期生产/有毒有害库房一层,2025-06-15,生产部,生产部一车间,成强,1个计划,正常
正常,4KG干粉灭火器,消防器材>4KG干粉灭火器,YCJ-4K-51,,,一期生产/有毒有害库房一层,2025-06-15,生产部,生产部一车间,成强,1个计划,正常
正常,4KG干粉灭火器,消防器材>4KG干粉灭火器,YCJ-4K-50,,,一期生产/清洁库房一层,2025-06-15,生产部,生产部,张志华,1个计划,正常
正常,4KG干粉灭火器,消防器材>4KG干粉灭火器,YCJ-4K-49,,,一期生产/清洁库房一层,2025-06-15,生产部,生产部,张志华,1个计划,正常
正常,4KG干粉灭火器,消防器材>4KG干粉灭火器,YCJ-4K-48,,,一期生产/劳保库房一层,2025-06-15,生产部,生产部,张志华,1个计划,正常
正常,4KG干粉灭火器,消防器材>4KG干粉灭火器,YCJ-4K-47,,,一期生产/劳保库房一层,2025-06-15,生产部,生产部,张志华,1个计划,正常
正常,4KG干粉灭火器,消防器材>4KG干粉灭火器,YCJ-4K-46,,,一期生产/化验室门口二层,2025-06-15,生产部,生产部,张志华,1个计划,正常
正常,4KG干粉灭火器,消防器材>4KG干粉灭火器,YCJ-4K-45,,,一期生产/化验室门口二层,2025-06-15,生产部,生产部,张志华,1个计划,正常
正常,4KG干粉灭火器,消防器材>4KG干粉灭火器,YCJ-4K-44,,,一期生产/参观通道出口一层,2025-06-15,生产部,生产部,张志华,1个计划,正常
正常,4KG干粉灭火器,消防器材>4KG干粉灭火器,YCJ-4K-43,,,一期生产/参观通道出口一层,2025-06-15,生产部,生产部,张志华,1个计划,正常
正常,4KG干粉灭火器,消防器材>4KG干粉灭火器,YCJ-4K-42,,,一期生产/参观通道南面7二层,2025-06-15,生产部,生产部,张志华,1个计划,正常
正常,4KG干粉灭火器,消防器材>4KG干粉灭火器,YCJ-4K-41,,,一期生产/参观通道南面7二层,2025-06-15,生产部,生产部,张志华,1个计划,正常
正常,4KG干粉灭火器,消防器材>4KG干粉灭火器,YCJ-4K-40,,,一期生产/参观通道南面6二层,2025-06-15,生产部,生产部,张志华,1个计划,正常
正常,4KG干粉灭火器,消防器材>4KG干粉灭火器,YCJ-4K-39,,,一期生产/参观通道南面6二层,2025-06-15,生产部,生产部,张志华,1个计划,正常
正常,4KG干粉灭火器,消防器材>4KG干粉灭火器,YCJ-4K-38,,,一期生产/参观通道南面5二层,2025-06-15,生产部,生产部,张志华,1个计划,正常
正常,4KG干粉灭火器,消防器材>4KG干粉灭火器,YCJ-4K-37,,,一期生产/参观通道南面5二层,2025-06-15,生产部,生产部,张志华,1个计划,正常
正常,4KG干粉灭火器,消防器材>4KG干粉灭火器,YCJ-4K-36,,,一期生产/参观通道西面4二层,2025-06-15,生产部,生产部,张志华,1个计划,正常
正常,4KG干粉灭火器,消防器材>4KG干粉灭火器,YCJ-4K-35,,,一期生产/参观通道西面4二层,2025-06-15,生产部,生产部,张志华,1个计划,正常
正常,4KG干粉灭火器,消防器材>4KG干粉灭火器,YCJ-4K-34,,,一期生产/参观通道西面3二层,2025-06-15,生产部,生产部,张志华,1个计划,正常
正常,4KG干粉灭火器,消防器材>4KG干粉灭火器,YCJ-4K-33,,,一期生产/参观通道西面3二层,2025-06-15,生产部,生产部,张志华,1个计划,正常
正常,4KG干粉灭火器,消防器材>4KG干粉灭火器,YCJ-4K-32,,,一期生产/参观通道西面2二层,2025-06-15,生产部,生产部,张志华,1个计划,正常
正常,4KG干粉灭火器,消防器材>4KG干粉灭火器,YCJ-4K-31,,,一期生产/参观通道西面2二层,2025-06-15,生产部,生产部,张志华,1个计划,正常
正常,4KG干粉灭火器,消防器材>4KG干粉灭火器,YCJ-4K-30,,,一期生产/参观通道西面1二层,2025-06-15,生产部,生产部一车间,成强,1个计划,正常
正常,4KG干粉灭火器,消防器材>4KG干粉灭火器,YCJ-4K-29,,,一期生产/参观通道西面1二层,2025-06-15,生产部,生产部一车间,成强,1个计划,异常
正常,4KG干粉灭火器,消防器材>4KG干粉灭火器,YCJ-4K-28,,,一期生产/参观通道入口一层,2025-06-15,生产部,生产部一车间,成强,1个计划,正常
正常,4KG干粉灭火器,消防器材>4KG干粉灭火器,YCJ-4K-27,,,一期生产/参观通道入口一层,2025-06-15,生产部,生产部一车间,成强,1个计划,正常
正常,4KG干粉灭火器,消防器材>4KG干粉灭火器,YCJ-4K-26,,,一期生产/配料夹层门口一层,2025-06-15,生产部,生产部一车间,成强,1个计划,正常
正常,4KG干粉灭火器,消防器材>4KG干粉灭火器,YCJ-4K-25,,,一期生产/配料夹层门口一层,2025-06-15,生产部,生产部一车间,成强,1个计划,正常
正常,4KG干粉灭火器,消防器材>4KG干粉灭火器,YCJ-4K-24,,,一期生产/上糖区域一层,2025-06-15,生产部,生产部一车间,成强,1个计划,正常
正常,4KG干粉灭火器,消防器材>4KG干粉灭火器,YCJ-4K-23,,,一期生产/上糖区域一层,2025-06-15,生产部,生产部一车间,成强,1个计划,正常
正常,4KG干粉灭火器,消防器材>4KG干粉灭火器,YCJ-4K-22,,,一期生产/机修间门口一层,2025-06-15,生产部,生产部一车间,成强,1个计划,正常
正常,4KG干粉灭火器,消防器材>4KG干粉灭火器,YCJ-4K-21,,,一期生产/机修间门口一层,2025-06-15,生产部,生产部一车间,成强,1个计划,正常
正常,4KG干粉灭火器,消防器材>4KG干粉灭火器,YCJ-4K-20,,,一期生产/二线拆包区域一层,2025-06-15,生产部,生产部,张志华,1个计划,正常
正常,4KG干粉灭火器,消防器材>4KG干粉灭火器,YCJ-4K-19,,,一期生产/二线拆包区域一层,2025-06-15,生产部,生产部,张志华,1个计划,正常
正常,4KG干粉灭火器,消防器材>4KG干粉灭火器,YCJ-4K-18,,,一期生产/二线查罐区域一层,2025-06-15,生产部,生产部,张志华,1个计划,正常
正常,4KG干粉灭火器,消防器材>4KG干粉灭火器,YCJ-4K-17,,,一期生产/二线查罐区域一层,2025-06-15,生产部,生产部,张志华,1个计划,正常
正常,4KG干粉灭火器,消防器材>4KG干粉灭火器,YCJ-4K-16,,,一期生产/二线冷却机一层,2025-06-15,生产部,生产部,张志华,1个计划,正常
正常,4KG干粉灭火器,消防器材>4KG干粉灭火器,YCJ-4K-15,,,一期生产/二线冷却机一层,2025-06-15,生产部,生产部,张志华,1个计划,正常
正常,4KG干粉灭火器,消防器材>4KG干粉灭火器,YCJ-4K-14,,,一期生产/二线环保空调后段一层,2025-06-15,生产部,生产部,张志华,1个计划,正常
正常,4KG干粉灭火器,消防器材>4KG干粉灭火器,YCJ-4K-13,,,一期生产/二线环保空调后段一层,2025-06-15,生产部,生产部,张志华,1个计划,正常
正常,4KG干粉灭火器,消防器材>4KG干粉灭火器,YCJ-4K-12,,,一期生产/二线打码一层,2025-06-15,生产部,生产部,张志华,1个计划,正常
正常,4KG干粉灭火器,消防器材>4KG干粉灭火器,YCJ-4K-11,,,一期生产/二线打码一层,2025-06-15,生产部,生产部,张志华,1个计划,正常
正常,4KG干粉灭火器,消防器材>4KG干粉灭火器,YCJ-4K-10,,,一期生产/车间南卷帘门口一层,2025-06-15,生产部,生产部,张志华,1个计划,正常
正常,4KG干粉灭火器,消防器材>4KG干粉灭火器,YCJ-4K-9,,,一期生产/车间南卷帘门口一层,2025-06-15,生产部,生产部,张志华,1个计划,正常
正常,4KG干粉灭火器,消防器材>4KG干粉灭火器,YCJ-4K-8,,,一期生产/一线打码一层,2025-06-15,生产部,生产部,张志华,1个计划,正常
正常,4KG干粉灭火器,消防器材>4KG干粉灭火器,YCJ-4K-7,,,一期生产/一线打码一层,2025-06-15,生产部,生产部,张志华,1个计划,正常
正常,4KG干粉灭火器,消防器材>4KG干粉灭火器,YCJ-4K-6,,,一期生产/备件库房门口一层,2025-06-15,生产部,生产部,张志华,1个计划,正常
正常,4KG干粉灭火器,消防器材>4KG干粉灭火器,YCJ-4K-5,,,一期生产/备件库房门口一层,2025-06-15,生产部,生产部,张志华,1个计划,正常
正常,4KG干粉灭火器,消防器材>4KG干粉灭火器,YCJ-4K-4,,,一期生产/清洁库房门口一层,2025-06-15,生产部,生产部,张志华,1个计划,正常
正常,4KG干粉灭火器,消防器材>4KG干粉灭火器,YCJ-4K-3,,,一期生产/清洁库房门口一层,2025-06-15,生产部,生产部,张志华,1个计划,正常
正常,4KG干粉灭火器,消防器材>4KG干粉灭火器,YCJ-4K-2,,,一期生产/车间办公室门口一层,2025-06-15,生产部,生产部,张志华,1个计划,正常
正常,4KG干粉灭火器,消防器材>4KG干粉灭火器,YCJ-4K-1,,,一期生产/车间办公室门口一层,2025-06-15,生产部,生产部,张志华,1个计划,正常
正常,4KG干粉灭火器,消防器材>4KG干粉灭火器,WFJ-4K-2,,,危废间/危废间入口右侧,2025-06-15,安全管理部,安全管理部,郑亮,1个计划,正常
正常,4KG干粉灭火器,消防器材>4KG干粉灭火器,WFJ-4K-1,,,危废间/危废间入口右侧,2025-06-15,安全管理部,安全管理部,郑亮,1个计划,正常
正常,4KG干粉灭火器,消防器材>4KG干粉灭火器,TCP-4K-2,,,停车棚/食堂对面停车棚靠主干道路口处消防器材柜,2025-06-15,人事行政部,人事行政部,张登枢,未配置,正常
正常,4KG干粉灭火器,消防器材>4KG干粉灭火器,TCP-4K-1,,,停车棚/食堂对面停车棚靠主干道路口处消防器材柜,2025-06-15,人事行政部,人事行政部,张登枢,未配置,正常
正常,4KG干粉灭火器,消防器材>4KG干粉灭火器,XS-4K-14,,,山体/危废库进入山体广告牌路口,2025-06-15,人事行政部,人事行政部,张登枢,未配置,正常
正常,4KG干粉灭火器,消防器材>4KG干粉灭火器,XS-4K-13,,,山体/危废库进入山体广告牌路口,2025-06-15,人事行政部,人事行政部,张登枢,未配置,正常
正常,4KG干粉灭火器,消防器材>4KG干粉灭火器,XS-4K-12,,,山体/山顶雨棚往二车间方向,2025-06-15,人事行政部,人事行政部,张登枢,未配置,正常
正常,4KG干粉灭火器,消防器材>4KG干粉灭火器,XS-4K-11,,,山体/山顶雨棚往二车间方向,2025-06-15,人事行政部,人事行政部,张登枢,未配置,正常
正常,4KG干粉灭火器,消防器材>4KG干粉灭火器,XS-4K-10,,,山体/山顶雨棚往动力区方向约30米处,2025-06-15,人事行政部,人事行政部,张登枢,未配置,正常
正常,4KG干粉灭火器,消防器材>4KG干粉灭火器,XS-4K-9,,,山体/山顶雨棚往动力区方向约30米处,2025-06-15,人事行政部,人事行政部,张登枢,未配置,正常
正常,4KG干粉灭火器,消防器材>4KG干粉灭火器,XS-4K-8,,,山体/山顶雨棚休息处,2025-06-15,人事行政部,人事行政部,张登枢,未配置,正常
正常,4KG干粉灭火器,消防器材>4KG干粉灭火器,XS-4K-7,,,山体/山顶雨棚休息处,2025-06-15,人事行政部,人事行政部,张登枢,未配置,正常
正常,4KG干粉灭火器,消防器材>4KG干粉灭火器,XS-4K-6,,,山体/山体南侧分岔口往二车间方向小路,2025-06-15,人事行政部,人事行政部,张登枢,未配置,正常
正常,4KG干粉灭火器,消防器材>4KG干粉灭火器,XS-4K-5,,,山体/山体南侧分岔口往二车间方向小路,2025-06-15,人事行政部,人事行政部,张登枢,未配置,正常
正常,4KG干粉灭火器,消防器材>4KG干粉灭火器,XS-4K-4,,,山体/山体南侧分岔口往动力区方向小路,2025-06-15,人事行政部,人事行政部,张登枢,未配置,正常
正常,4KG干粉灭火器,消防器材>4KG干粉灭火器,XS-4K-3,,,山体/山体南侧分岔口往动力区方向小路,2025-06-15,人事行政部,人事行政部,张登枢,未配置,正常
正常,4KG干粉灭火器,消防器材>4KG干粉灭火器,XS-4K-2,,,山体/生活区进入山体入口小路分岔口,2025-06-15,人事行政部,人事行政部,张登枢,未配置,正常
正常,4KG干粉灭火器,消防器材>4KG干粉灭火器,XS-4K-1,,,山体/生活区进入山体入口小路分岔口,2025-06-15,人事行政部,人事行政部,张登枢,未配置,正常
正常,室内消火栓,消防器材>室内消火栓,BMG-4K-2,,,北门岗/值班室消防器材柜,2025-06-15,人事行政部,人事行政部,张登枢,未配置,正常
正常,室内消火栓,消防器材>室内消火栓,BMG-4K-1,,,北门岗/值班室消防器材柜,2025-06-15,人事行政部,人事行政部,张登枢,未配置,正常
正常,室内消火栓,消防器材>室内消火栓,WLG-4K-2,,,物流岗/值班室消防器材柜,2025-06-15,人事行政部,人事行政部,张登枢,未配置,正常
正常,室内消火栓,消防器材>室内消火栓,WLG-4K-1,,,物流岗/值班室消防器材柜,2025-06-15,人事行政部,人事行政部,张登枢,未配置,正常
正常,室内消火栓,消防器材>室内消火栓,SHG-4K-2,,,生活岗/值班室消防器材柜,2025-06-15,人事行政部,人事行政部,张登枢,未配置,正常
正常,室内消火栓,消防器材>室内消火栓,SHG-4K-1,,,生活岗/值班室消防器材柜,2025-06-15,人事行政部,人事行政部,张登枢,未配置,正常
正常,4KG干粉灭火器,消防器材>4KG干粉灭火器,DMG-4K-2,,,大门岗/值班室消防器材柜,2025-06-15,人事行政部,人事行政部,张登枢,未配置,正常
正常,4KG干粉灭火器,消防器材>4KG干粉灭火器,DMG-4K-1,,,大门岗/值班室消防器材柜,2025-06-15,人事行政部,人事行政部,张登枢,未配置,正常
正常,室内消火栓,消防器材>室内消火栓,SSL-XHS-15,,,宿舍六/五层走道508室对面,2025-06-15,人事行政部,人事行政部,张登枢,未配置,正常
正常,室内消火栓,消防器材>室内消火栓,SSL-XHS-14,,,宿舍六/五层走道505室旁,2025-06-15,人事行政部,人事行政部,张登枢,未配置,正常
正常,室内消火栓,消防器材>室内消火栓,SSL-XHS-13,,,宿舍六/五层楼梯间,2025-06-15,人事行政部,人事行政部,张登枢,未配置,正常
正常,室内消火栓,消防器材>室内消火栓,SSL-XHS-12,,,宿舍六/四层走道408室对面,2025-06-15,人事行政部,人事行政部,张登枢,未配置,正常
正常,室内消火栓,消防器材>室内消火栓,SSL-XHS-11,,,宿舍六/四层走道405室旁,2025-06-15,人事行政部,人事行政部,张登枢,未配置,正常
正常,室内消火栓,消防器材>室内消火栓,SSL-XHS-10,,,宿舍六/四层楼梯间,2025-06-15,人事行政部,人事行政部,张登枢,未配置,正常
正常,室内消火栓,消防器材>室内消火栓,SSL-XHS-9,,,宿舍六/三层走道308室对面,2025-06-15,人事行政部,人事行政部,张登枢,未配置,正常
正常,室内消火栓,消防器材>室内消火栓,SSL-XHS-8,,,宿舍六/三层走道305室旁,2025-06-15,人事行政部,人事行政部,张登枢,未配置,正常
正常,室内消火栓,消防器材>室内消火栓,SSL-XHS-7,,,宿舍六/三层楼梯间,2025-06-15,人事行政部,人事行政部,张登枢,未配置,正常
正常,室内消火栓,消防器材>室内消火栓,SSL-XHS-6,,,宿舍六/二层走道208室对面,2025-06-15,人事行政部,人事行政部,张登枢,未配置,正常
正常,室内消火栓,消防器材>室内消火栓,SSL-XHS-5,,,宿舍六/二层走道205室旁,2025-06-15,人事行政部,人事行政部,张登枢,未配置,正常
正常,室内消火栓,消防器材>室内消火栓,SSL-XHS-4,,,宿舍六/二层楼梯间,2025-06-15,人事行政部,人事行政部,张登枢,未配置,正常
正常,室内消火栓,消防器材>室内消火栓,SSL-XHS-3,,,宿舍六/一层走道108室对面,2025-06-15,人事行政部,人事行政部,张登枢,未配置,正常
正常,室内消火栓,消防器材>室内消火栓,SSL-XHS-2,,,宿舍六/一层走道105室旁,2025-06-15,人事行政部,人事行政部,张登枢,未配置,正常
正常,室内消火栓,消防器材>室内消火栓,SSL-XHS-1,,,宿舍六/一层入口楼梯间,2025-06-15,人事行政部,人事行政部,张登枢,未配置,正常
正常,4KG干粉灭火器,消防器材>4KG干粉灭火器,SSL-4K-30,,,宿舍六/五层走道508室对面,2025-06-15,人事行政部,人事行政部,张登枢,未配置,正常
正常,4KG干粉灭火器,消防器材>4KG干粉灭火器,SSL-4K-29,,,宿舍六/五层走道508室对面,2025-06-15,人事行政部,人事行政部,张登枢,未配置,正常
正常,4KG干粉灭火器,消防器材>4KG干粉灭火器,SSL-4K-28,,,宿舍六/五层走道505室旁,2025-06-15,人事行政部,人事行政部,张登枢,未配置,正常
正常,4KG干粉灭火器,消防器材>4KG干粉灭火器,SSL-4K-27,,,宿舍六/五层走道505室旁,2025-06-15,人事行政部,人事行政部,张登枢,未配置,正常
正常,4KG干粉灭火器,消防器材>4KG干粉灭火器,SSL-4K-26,,,宿舍六/五层楼梯间503室对面,2025-06-15,人事行政部,人事行政部,张登枢,未配置,正常
正常,4KG干粉灭火器,消防器材>4KG干粉灭火器,SSL-4K-25,,,宿舍六/五层楼梯间503室对面,2025-06-15,人事行政部,人事行政部,张登枢,未配置,正常
正常,4KG干粉灭火器,消防器材>4KG干粉灭火器,SSL-4K-24,,,宿舍六/四层走道408室对面,2025-06-15,人事行政部,人事行政部,张登枢,未配置,正常
正常,4KG干粉灭火器,消防器材>4KG干粉灭火器,SSL-4K-23,,,宿舍六/四层走道408室对面,2025-06-15,人事行政部,人事行政部,张登枢,未配置,正常
正常,4KG干粉灭火器,消防器材>4KG干粉灭火器,SSL-4K-22,,,宿舍六/四层走道405室旁,2025-06-15,人事行政部,人事行政部,张登枢,未配置,正常
正常,4KG干粉灭火器,消防器材>4KG干粉灭火器,SSL-4K-21,,,宿舍六/四层走道405室旁,2025-06-15,人事行政部,人事行政部,张登枢,未配置,正常
正常,4KG干粉灭火器,消防器材>4KG干粉灭火器,SSL-4K-20,,,宿舍六/四层楼梯间403室对面,2025-06-15,人事行政部,人事行政部,张登枢,未配置,正常
正常,4KG干粉灭火器,消防器材>4KG干粉灭火器,SSL-4K-19,,,宿舍六/四层楼梯间403室对面,2025-06-15,人事行政部,人事行政部,张登枢,未配置,正常
正常,4KG干粉灭火器,消防器材>4KG干粉灭火器,SSL-4K-18,,,宿舍六/三层走道308室对面,2025-06-15,人事行政部,人事行政部,张登枢,未配置,正常
正常,4KG干粉灭火器,消防器材>4KG干粉灭火器,SSL-4K-17,,,宿舍六/三层走道308室对面,2025-06-15,人事行政部,人事行政部,张登枢,未配置,正常
正常,4KG干粉灭火器,消防器材>4KG干粉灭火器,SSL-4K-16,,,宿舍六/三层走道305室旁,2025-06-15,人事行政部,人事行政部,张登枢,未配置,正常
正常,4KG干粉灭火器,消防器材>4KG干粉灭火器,SSL-4K-15,,,宿舍六/三层走道305室旁,2025-06-15,人事行政部,人事行政部,张登枢,未配置,正常
正常,4KG干粉灭火器,消防器材>4KG干粉灭火器,SSL-4K-14,,,宿舍六/三层楼梯间303室对面,2025-06-15,人事行政部,人事行政部,张登枢,未配置,正常
正常,4KG干粉灭火器,消防器材>4KG干粉灭火器,SSL-4K-13,,,宿舍六/三层楼梯间303室对面,2025-06-15,人事行政部,人事行政部,张登枢,未配置,正常
正常,4KG干粉灭火器,消防器材>4KG干粉灭火器,SSL-4K-12,,,宿舍六/二层走道208室对面,2025-06-15,人事行政部,人事行政部,张登枢,未配置,正常
正常,4KG干粉灭火器,消防器材>4KG干粉灭火器,SSL-4K-11,,,宿舍六/二层走道208室对面,2025-06-15,人事行政部,人事行政部,张登枢,未配置,正常
正常,4KG干粉灭火器,消防器材>4KG干粉灭火器,SSL-4K-10,,,宿舍六/二层走道205室旁,2025-06-15,人事行政部,人事行政部,张登枢,未配置,正常
正常,4KG干粉灭火器,消防器材>4KG干粉灭火器,SSL-4K-9,,,宿舍六/二层走道205室旁,2025-06-15,人事行政部,人事行政部,张登枢,未配置,正常
正常,4KG干粉灭火器,消防器材>4KG干粉灭火器,SSL-4K-8,,,宿舍六/二层楼梯间203室对面,2025-06-15,人事行政部,人事行政部,张登枢,未配置,正常
正常,4KG干粉灭火器,消防器材>4KG干粉灭火器,SSL-4K-7,,,宿舍六/二层楼梯间203室对面,2025-06-15,人事行政部,人事行政部,张登枢,未配置,正常
正常,4KG干粉灭火器,消防器材>4KG干粉灭火器,SSL-4K-6,,,宿舍六/一层108室对面,2025-06-15,人事行政部,人事行政部,张登枢,未配置,正常
正常,4KG干粉灭火器,消防器材>4KG干粉灭火器,SSL-4K-5,,,宿舍六/一层108室对面,2025-06-15,人事行政部,人事行政部,张登枢,未配置,正常
正常,4KG干粉灭火器,消防器材>4KG干粉灭火器,SSL-4K-4,,,宿舍六/一层105室旁,2025-06-15,人事行政部,人事行政部,张登枢,未配置,正常
正常,4KG干粉灭火器,消防器材>4KG干粉灭火器,SSL-4K-3,,,宿舍六/一层105室旁,2025-06-15,人事行政部,人事行政部,张登枢,未配置,正常
正常,4KG干粉灭火器,消防器材>4KG干粉灭火器,SSL-4K-2,,,宿舍六/一层入口楼梯间103室对面,2025-06-15,人事行政部,人事行政部,张登枢,未配置,正常
正常,4KG干粉灭火器,消防器材>4KG干粉灭火器,SSL-4K-1,,,宿舍六/一层入口楼梯间103室对面,2025-06-15,人事行政部,人事行政部,张登枢,未配置,正常
正常,4KG干粉灭火器,消防器材>4KG干粉灭火器,SSW-4K-20,,,宿舍五/三层走道308室对面,2025-06-15,人事行政部,人事行政部,张登枢,未配置,正常
正常,4KG干粉灭火器,消防器材>4KG干粉灭火器,SSW-4K-19,,,宿舍五/三层走道308室对面,2025-06-15,人事行政部,人事行政部,张登枢,未配置,正常
正常,4KG干粉灭火器,消防器材>4KG干粉灭火器,SSW-4K-18,,,宿舍五/五层楼梯间303室对面,2025-06-15,人事行政部,人事行政部,张登枢,未配置,正常
正常,4KG干粉灭火器,消防器材>4KG干粉灭火器,SSW-4K-17,,,宿舍五/五层楼梯间303室对面,2025-06-15,人事行政部,人事行政部,张登枢,未配置,正常
正常,4KG干粉灭火器,消防器材>4KG干粉灭火器,SSW-4K-16,,,宿舍五/四层走道308室对面,2025-06-15,人事行政部,人事行政部,张登枢,未配置,正常
正常,4KG干粉灭火器,消防器材>4KG干粉灭火器,SSW-4K-15,,,宿舍五/四层走道308室对面,2025-06-15,人事行政部,人事行政部,张登枢,未配置,正常
正常,4KG干粉灭火器,消防器材>4KG干粉灭火器,SSW-4K-14,,,宿舍五/四层楼梯间303室对面,2025-06-15,人事行政部,人事行政部,张登枢,未配置,正常
正常,4KG干粉灭火器,消防器材>4KG干粉灭火器,SSW-4K-13,,,宿舍五/四层楼梯间303室对面,2025-06-15,人事行政部,人事行政部,张登枢,未配置,正常
正常,4KG干粉灭火器,消防器材>4KG干粉灭火器,SSW-4K-12,,,宿舍五/三层走道308室对面,2025-06-15,人事行政部,人事行政部,张登枢,未配置,正常
正常,4KG干粉灭火器,消防器材>4KG干粉灭火器,SSW-4K-11,,,宿舍五/三层走道308室对面,2025-06-15,人事行政部,人事行政部,张登枢,未配置,正常
正常,4KG干粉灭火器,消防器材>4KG干粉灭火器,SSW-4K-10,,,宿舍五/三层楼梯间303室对面,2025-06-15,人事行政部,人事行政部,张登枢,未配置,正常
正常,4KG干粉灭火器,消防器材>4KG干粉灭火器,SSW-4K-9,,,宿舍五/三层楼梯间303室对面,2025-06-15,人事行政部,人事行政部,张登枢,未配置,正常
正常,4KG干粉灭火器,消防器材>4KG干粉灭火器,SSW-4K-8,,,宿舍五/二层走道208室对面,2025-06-15,人事行政部,人事行政部,张登枢,未配置,正常
正常,4KG干粉灭火器,消防器材>4KG干粉灭火器,SSW-4K-7,,,宿舍五/二层走道208室对面,2025-06-15,人事行政部,人事行政部,张登枢,未配置,正常
正常,4KG干粉灭火器,消防器材>4KG干粉灭火器,SSW-4K-6,,,宿舍五/二层楼梯间203室对面,2025-06-15,人事行政部,人事行政部,张登枢,未配置,正常
正常,4KG干粉灭火器,消防器材>4KG干粉灭火器,SSW-4K-5,,,宿舍五/二层楼梯间203室对面,2025-06-15,人事行政部,人事行政部,张登枢,未配置,正常
正常,4KG干粉灭火器,消防器材>4KG干粉灭火器,SSW-4K-4,,,宿舍五/一层走道108室对面,2025-06-15,人事行政部,人事行政部,张登枢,未配置,正常
正常,4KG干粉灭火器,消防器材>4KG干粉灭火器,SSW-4K-3,,,宿舍五/一层走道108室对面,2025-06-15,人事行政部,人事行政部,张登枢,未配置,正常
正常,4KG干粉灭火器,消防器材>4KG干粉灭火器,SSW-4K-2,,,宿舍五/一层入口楼梯间103室对面,2025-06-15,人事行政部,人事行政部,张登枢,未配置,正常
正常,4KG干粉灭火器,消防器材>4KG干粉灭火器,SSW-4K-1,,,宿舍五/一层入口楼梯间103室对面,2025-06-15,人事行政部,人事行政部,张登枢,未配置,正常
正常,4KG干粉灭火器,消防器材>4KG干粉灭火器,SSY-4K-12,,,宿舍一/三层走道尽头309室旁,2025-06-15,人事行政部,人事行政部,张登枢,未配置,正常
正常,4KG干粉灭火器,消防器材>4KG干粉灭火器,SSY-4K-11,,,宿舍一/三层走道尽头309室旁,2025-06-15,人事行政部,人事行政部,张登枢,未配置,正常
正常,4KG干粉灭火器,消防器材>4KG干粉灭火器,SSY-4K-10,,,宿舍一/三层楼梯间303室对面,2025-06-15,人事行政部,人事行政部,张登枢,未配置,正常
正常,4KG干粉灭火器,消防器材>4KG干粉灭火器,SSY-4K-9,,,宿舍一/三层楼梯间303室对面,2025-06-15,人事行政部,人事行政部,张登枢,未配置,正常
正常,4KG干粉灭火器,消防器材>4KG干粉灭火器,SSY-4K-8,,,宿舍一/二层走道尽头209室旁,2025-06-15,人事行政部,人事行政部,张登枢,未配置,正常
正常,4KG干粉灭火器,消防器材>4KG干粉灭火器,SSY-4K-7,,,宿舍一/二层走道尽头209室旁,2025-06-15,人事行政部,人事行政部,张登枢,未配置,正常
正常,4KG干粉灭火器,消防器材>4KG干粉灭火器,SSY-4K-6,,,宿舍一/二层楼梯间203室对面,2025-06-15,人事行政部,人事行政部,张登枢,未配置,正常
正常,4KG干粉灭火器,消防器材>4KG干粉灭火器,SSY-4K-5,,,宿舍一/二层楼梯间203室对面,2025-06-15,人事行政部,人事行政部,张登枢,未配置,正常
正常,4KG干粉灭火器,消防器材>4KG干粉灭火器,SSY-4K-4,,,宿舍一/一层走道尽头109室旁,2025-06-15,人事行政部,人事行政部,张登枢,未配置,正常
正常,4KG干粉灭火器,消防器材>4KG干粉灭火器,SSY-4K-3,,,宿舍一/一层走道尽头109室旁,2025-06-15,人事行政部,人事行政部,张登枢,未配置,正常
正常,4KG干粉灭火器,消防器材>4KG干粉灭火器,SSY-4K-2,,,宿舍一/一层入口楼梯间103室对面,2025-06-15,人事行政部,人事行政部,张登枢,未配置,正常
正常,4KG干粉灭火器,消防器材>4KG干粉灭火器,SSY-4K-1,,,宿舍一/一层入口楼梯间103室对面,2025-06-15,人事行政部,人事行政部,张登枢,未配置,正常
正常,4KG干粉灭火器,消防器材>4KG干粉灭火器,GYG-4K-1,,,公寓G/一层与二层楼梯间,2025-06-15,人事行政部,人事行政部,张登枢,未配置,正常
正常,4KG干粉灭火器,消防器材>4KG干粉灭火器,GYG-4K-2,,,公寓G/一层与二层楼梯间,2025-06-15,人事行政部,人事行政部,张登枢,未配置,正常
正常,4KG干粉灭火器,消防器材>4KG干粉灭火器,GYG-4K-3,,,公寓G/二层与三层楼梯间,2025-06-15,人事行政部,人事行政部,张登枢,未配置,正常
正常,4KG干粉灭火器,消防器材>4KG干粉灭火器,GYG-4K-4,,,公寓G/二层与三层楼梯间,2025-06-15,人事行政部,人事行政部,张登枢,未配置,正常
正常,4KG干粉灭火器,消防器材>4KG干粉灭火器,GYG-4K-5,,,公寓G/三层与四层楼梯间,2025-06-15,人事行政部,人事行政部,张登枢,未配置,正常
正常,4KG干粉灭火器,消防器材>4KG干粉灭火器,GYG-4K-6,,,公寓G/三层与四层楼梯间,2025-06-15,人事行政部,人事行政部,张登枢,未配置,正常
正常,4KG干粉灭火器,消防器材>4KG干粉灭火器,GYF-4K-1,,,公寓F/一层与二层楼梯间,2025-06-15,人事行政部,人事行政部,张登枢,未配置,正常
正常,4KG干粉灭火器,消防器材>4KG干粉灭火器,GYF-4K-2,,,公寓F/一层与二层楼梯间,2025-06-15,人事行政部,人事行政部,张登枢,未配置,正常
正常,4KG干粉灭火器,消防器材>4KG干粉灭火器,GYF-4K-3,,,公寓F/二层与三层楼梯间,2025-06-15,人事行政部,人事行政部,张登枢,未配置,正常
正常,4KG干粉灭火器,消防器材>4KG干粉灭火器,GYF-4K-4,,,公寓F/二层与三层楼梯间,2025-06-15,人事行政部,人事行政部,张登枢,未配置,正常
正常,4KG干粉灭火器,消防器材>4KG干粉灭火器,GYF-4K-5,,,公寓F/楼顶入口,2025-06-15,人事行政部,人事行政部,张登枢,未配置,正常
正常,4KG干粉灭火器,消防器材>4KG干粉灭火器,GYF-4K-6,,,公寓F/楼顶入口,2025-06-15,人事行政部,人事行政部,张登枢,未配置,正常
正常,4KG干粉灭火器,消防器材>4KG干粉灭火器,GYE-4K-1,,,公寓E/一层与二层楼梯间,2025-06-15,人事行政部,人事行政部,张登枢,未配置,正常
正常,4KG干粉灭火器,消防器材>4KG干粉灭火器,GYE-4K-2,,,公寓E/一层与二层楼梯间,2025-06-15,人事行政部,人事行政部,张登枢,未配置,正常
正常,4KG干粉灭火器,消防器材>4KG干粉灭火器,GYD-4K-1,,,公寓D/一层与二层楼梯间,2025-06-15,人事行政部,人事行政部,张登枢,未配置,正常
正常,4KG干粉灭火器,消防器材>4KG干粉灭火器,GYD-4K-2,,,公寓D/一层与二层楼梯间,2025-06-15,人事行政部,人事行政部,张登枢,未配置,正常
正常,4KG干粉灭火器,消防器材>4KG干粉灭火器,GYC-4K-1,,,公寓C/一层与二层楼梯间,2025-06-15,人事行政部,人事行政部,张登枢,未配置,正常
正常,4KG干粉灭火器,消防器材>4KG干粉灭火器,GYC-4K-2,,,公寓C/一层与二层楼梯间,2025-06-15,人事行政部,人事行政部,张登枢,未配置,正常
正常,4KG干粉灭火器,消防器材>4KG干粉灭火器,GYB-4K-1,,,公寓B/一层与二层楼梯间,2025-06-15,人事行政部,人事行政部,张登枢,未配置,正常
正常,4KG干粉灭火器,消防器材>4KG干粉灭火器,GYB-4K-2,,,公寓B/一层与二层楼梯间,2025-06-15,人事行政部,人事行政部,张登枢,未配置,正常
正常,4KG干粉灭火器,消防器材>4KG干粉灭火器,GYA-4K-1,,,公寓A/一层与二层楼梯间,2025-06-15,人事行政部,人事行政部,张登枢,未配置,正常
正常,4KG干粉灭火器,消防器材>4KG干粉灭火器,GYA-4K-2,,,公寓A/一层与二层楼梯间,2025-06-15,人事行政部,人事行政部,张登枢,未配置,正常
正常,室内消火栓,消防器材>室内消火栓,ST-XHS-13,,,食堂/食堂小餐厅西侧楼道口,2025-06-15,人事行政部,人事行政部,黄志祥,1个计划,正常
正常,室内消火栓,消防器材>室内消火栓,ST-XHS-12,,,食堂/食堂小餐厅东侧楼道口,2025-06-15,人事行政部,人事行政部,黄志祥,1个计划,正常
正常,室内消火栓,消防器材>室内消火栓,ST-XHS-11,,,食堂/食堂操作间调料库门口左侧,2025-06-15,人事行政部,人事行政部,黄志祥,1个计划,正常
正常,室内消火栓,消防器材>室内消火栓,ST-XHS-10,,,食堂/食堂操作间物流门左侧,2025-06-15,人事行政部,人事行政部,黄志祥,1个计划,正常
正常,室内消火栓,消防器材>室内消火栓,ST-XHS-9,,,食堂/食堂操作间白案间门口右侧,2025-06-15,人事行政部,人事行政部,黄志祥,1个计划,正常
正常,室内消火栓,消防器材>室内消火栓,ST-XHS-8,,,食堂/食堂一层用餐大厅西侧,2025-06-15,人事行政部,人事行政部,黄志祥,1个计划,正常
正常,室内消火栓,消防器材>室内消火栓,ST-XHS-7,,,食堂/食堂一层用餐大厅洗手间门口,2025-06-15,人事行政部,人事行政部,黄志祥,1个计划,正常
正常,室内消火栓,消防器材>室内消火栓,ST-XHS-6,,,食堂/多功能厅洗手间门口,2025-06-15,人事行政部,人事行政部,黄志祥,1个计划,正常
正常,室内消火栓,消防器材>室内消火栓,ST-XHS-5,,,食堂/多功能厅吸烟室,2025-06-15,人事行政部,人事行政部,黄志祥,1个计划,正常
正常,室内消火栓,消防器材>室内消火栓,ST-XHS-4,,,食堂/多功能厅大厅外右侧,2025-06-15,人事行政部,人事行政部,黄志祥,1个计划,正常
正常,室内消火栓,消防器材>室内消火栓,ST-XHS-3,,,食堂/多功能厅大厅外左侧,2025-06-15,人事行政部,人事行政部,黄志祥,1个计划,正常
正常,室内消火栓,消防器材>室内消火栓,ST-XHS-2,,,食堂/食堂一层用餐大厅外右侧,2025-06-15,人事行政部,人事行政部,黄志祥,1个计划,正常
正常,室内消火栓,消防器材>室内消火栓,ST-XHS-1,,,食堂/食堂一层用餐大厅外左侧,2025-06-15,人事行政部,人事行政部,黄志祥,1个计划,正常
正常,二氧化碳灭火器,消防器材>二氧化碳灭火器,ST-MT3-2,,,食堂/食堂弱电室,2025-06-15,人事行政部,人事行政部,黄志祥,1个计划,正常
正常,二氧化碳灭火器,消防器材>二氧化碳灭火器,ST-MT3-1,,,食堂/食堂弱电室,2025-06-15,人事行政部,人事行政部,黄志祥,1个计划,正常
正常,4KG干粉灭火器,消防器材>4KG干粉灭火器,ST-4K-26,,,食堂/食堂小餐厅西侧楼道口,2025-06-15,人事行政部,人事行政部,黄志祥,1个计划,正常
正常,4KG干粉灭火器,消防器材>4KG干粉灭火器,ST-4K-25,,,食堂/食堂小餐厅西侧楼道口,2025-06-15,人事行政部,人事行政部,黄志祥,1个计划,正常
正常,4KG干粉灭火器,消防器材>4KG干粉灭火器,ST-4K-24,,,食堂/食堂小餐厅东侧楼道口,2025-06-15,人事行政部,人事行政部,黄志祥,1个计划,正常
正常,4KG干粉灭火器,消防器材>4KG干粉灭火器,ST-4K-23,,,食堂/食堂小餐厅东侧楼道口,2025-06-15,人事行政部,人事行政部,黄志祥,1个计划,正常
正常,4KG干粉灭火器,消防器材>4KG干粉灭火器,ST-4K-22,,,食堂/食堂操作间调料库门口左侧,2025-06-15,人事行政部,人事行政部,黄志祥,1个计划,正常
正常,4KG干粉灭火器,消防器材>4KG干粉灭火器,ST-4K-21,,,食堂/食堂操作间调料库门口左侧,2025-06-15,人事行政部,人事行政部,黄志祥,1个计划,正常
正常,4KG干粉灭火器,消防器材>4KG干粉灭火器,ST-4K-20,,,食堂/食堂操作间物流门左侧,2025-06-15,人事行政部,人事行政部,黄志祥,1个计划,正常
正常,4KG干粉灭火器,消防器材>4KG干粉灭火器,ST-4K-19,,,食堂/食堂操作间物流门左侧,2025-06-15,人事行政部,人事行政部,黄志祥,1个计划,正常
正常,4KG干粉灭火器,消防器材>4KG干粉灭火器,ST-4K-18,,,食堂/食堂操作间白案间右侧,2025-06-15,人事行政部,人事行政部,黄志祥,1个计划,正常
正常,4KG干粉灭火器,消防器材>4KG干粉灭火器,ST-4K-17,,,食堂/食堂操作间白案间右侧,2025-06-15,人事行政部,人事行政部,黄志祥,1个计划,正常
正常,4KG干粉灭火器,消防器材>4KG干粉灭火器,ST-4K-16,,,食堂/食堂一层用餐大厅洗手间门口,2025-06-15,人事行政部,人事行政部,黄志祥,1个计划,正常
正常,4KG干粉灭火器,消防器材>4KG干粉灭火器,ST-4K-15,,,食堂/食堂一层用餐大厅洗手间门口,2025-06-15,人事行政部,人事行政部,黄志祥,1个计划,正常
正常,4KG干粉灭火器,消防器材>4KG干粉灭火器,ST-4K-14,,,食堂/食堂一层用餐大厅西侧,2025-06-15,人事行政部,人事行政部,黄志祥,1个计划,正常
正常,4KG干粉灭火器,消防器材>4KG干粉灭火器,ST-4K-13,,,食堂/食堂一层用餐大厅西侧,2025-06-15,人事行政部,人事行政部,黄志祥,1个计划,正常
正常,4KG干粉灭火器,消防器材>4KG干粉灭火器,ST-4K-12,,,食堂/多功能厅洗手间门口,2025-06-15,人事行政部,人事行政部,黄志祥,1个计划,正常
正常,4KG干粉灭火器,消防器材>4KG干粉灭火器,ST-4K-11,,,食堂/多功能厅洗手间门口,2025-06-15,人事行政部,人事行政部,黄志祥,1个计划,正常
正常,4KG干粉灭火器,消防器材>4KG干粉灭火器,ST-4K-10,,,食堂/多功能厅吸烟室,2025-06-15,人事行政部,人事行政部,黄志祥,1个计划,正常
正常,4KG干粉灭火器,消防器材>4KG干粉灭火器,ST-4K-9,,,食堂/多功能厅吸烟室,2025-06-15,人事行政部,人事行政部,黄志祥,1个计划,正常
正常,4KG干粉灭火器,消防器材>4KG干粉灭火器,ST-4K-8,,,食堂/多功能厅大厅外右侧,2025-06-15,人事行政部,人事行政部,黄志祥,1个计划,正常
正常,4KG干粉灭火器,消防器材>4KG干粉灭火器,ST-4K-7,,,食堂/多功能厅大厅外右侧,2025-06-15,人事行政部,人事行政部,黄志祥,1个计划,正常
正常,4KG干粉灭火器,消防器材>4KG干粉灭火器,ST-4K-6,,,食堂/多功能厅大厅外左侧,2025-06-15,人事行政部,人事行政部,黄志祥,1个计划,正常
正常,4KG干粉灭火器,消防器材>4KG干粉灭火器,ST-4K-5,,,食堂/多功能厅大厅外左侧,2025-06-15,人事行政部,人事行政部,黄志祥,1个计划,正常
正常,4KG干粉灭火器,消防器材>4KG干粉灭火器,ST-4K-4,,,食堂/食堂一层用餐大厅外右侧,2025-06-15,人事行政部,人事行政部,黄志祥,1个计划,正常
正常,4KG干粉灭火器,消防器材>4KG干粉灭火器,ST-4K-3,,,食堂/食堂一层用餐大厅外右侧,2025-06-15,人事行政部,人事行政部,黄志祥,1个计划,正常
正常,4KG干粉灭火器,消防器材>4KG干粉灭火器,ST-4K-2,,,食堂/食堂一层用餐大厅外左侧,2025-06-15,人事行政部,人事行政部,黄志祥,1个计划,正常
正常,4KG干粉灭火器,消防器材>4KG干粉灭火器,ST-4K-1,,,食堂/食堂一层用餐大厅外左侧,2025-06-15,人事行政部,人事行政部,黄志祥,1个计划,正常
正常,二氧化碳灭火器,消防器材>二氧化碳灭火器,BGL-MT3-6,,,办公楼/小文档室,2025-06-15,人事行政部,人事行政部,佘茜,1个计划,正常
正常,二氧化碳灭火器,消防器材>二氧化碳灭火器,BGL-MT3-5,,,办公楼/小文档室,2025-06-15,人事行政部,人事行政部,佘茜,1个计划,正常
正常,二氧化碳灭火器,消防器材>二氧化碳灭火器,BGL-MT3-4,,,办公楼/大文档室,2025-06-15,人事行政部,人事行政部,罗莲芳,1个计划,正常
正常,二氧化碳灭火器,消防器材>二氧化碳灭火器,BGL-MT3-3,,,办公楼/大文档室,2025-06-15,人事行政部,人事行政部,罗莲芳,1个计划,正常
正常,二氧化碳灭火器,消防器材>二氧化碳灭火器,BGL-MT3-2,,,办公楼/中控室,2025-06-15,人事行政部,人事行政部,徐龙,1个计划,正常
正常,二氧化碳灭火器,消防器材>二氧化碳灭火器,BGL-MT3-1,,,办公楼/中控室,2025-06-15,人事行政部,人事行政部,徐龙,1个计划,正常
正常,4KG干粉灭火器,消防器材>4KG干粉灭火器,BGL-4K-8,,,办公楼/办公区二层,2025-06-15,人事行政部,人事行政部,张登枢,未配置,正常
正常,4KG干粉灭火器,消防器材>4KG干粉灭火器,BGL-4K-7,,,办公楼/办公区二层,2025-06-15,人事行政部,人事行政部,张登枢,未配置,正常
正常,4KG干粉灭火器,消防器材>4KG干粉灭火器,BGL-4K-6,,,办公楼/办公区二层,2025-06-15,人事行政部,人事行政部,张登枢,未配置,正常
正常,4KG干粉灭火器,消防器材>4KG干粉灭火器,BGL-4K-5,,,办公楼/办公区二层,2025-06-15,人事行政部,人事行政部,张登枢,未配置,正常
正常,4KG干粉灭火器,消防器材>4KG干粉灭火器,BGL-4K-4,,,办公楼/办公区一层,2025-06-15,人事行政部,人事行政部,张登枢,未配置,正常
正常,4KG干粉灭火器,消防器材>4KG干粉灭火器,BGL-4K-3,,,办公楼/办公区一层,2025-06-15,人事行政部,人事行政部,张登枢,未配置,正常
正常,4KG干粉灭火器,消防器材>4KG干粉灭火器,BGL-4K-2,,,办公楼/办公区一层,2025-06-15,人事行政部,人事行政部,张登枢,未配置,正常
正常,4KG干粉灭火器,消防器材>4KG干粉灭火器,BGL-4K-1,,,办公楼/办公区一层,2025-06-15,人事行政部,人事行政部,张登枢,未配置,正常
