使用状态,资产名称,资产类型,唯一码,资产编码,使用位置,资本化日期,维修费用(元),保养费用(元),责任部门,使用部门,使用负责人,点巡检配置,点巡检状态,设备注册代码,证书编号,产品(出厂)编号,登记状态,使用截止日期,检定日期,下次检验日期,使用证,使用标志,检验单位,维保单位
正常,电瓶叉车-（海斯特）J3.0UT（鄂L02684）,特种设备,5010000016,14000169,,2025-10-22,0.00,665.0000,储运采购部,储运采购部,汪贤良,未配置,无记录,51104212022025093007,车11鄂L30230(25),A3C4A07208Z,已登记,,,,,,,
正常,杂物电梯,特种设备,34304212002022030007,,食堂,2022-02-01,0.00,0.0000,人事行政部,人事行政部,黄志祥,未配置,无记录,34304212002022030007,梯43鄂L09620(22),TCHT211118-1#,已登记,,,2026-03-31 00:00:00,,,,
正常,一车间储气罐,特种设备,21704212012023020005,,,2025-12-26,0.00,0.0000,生产部,生产部,江桥,未配置,无记录,21704212012023020005,容17鄂L02765(23),S22-3564,已登记,,,,,,,
正常,二车间储气罐,特种设备,21704212002017040032,,,2025-12-26,0.00,0.0000,生产部,生产部,江桥,未配置,无记录,21704212002017040032,容17鄂L0032（17）,Y09088-2,已登记,,,,,,,
正常,电瓶叉车-（海斯特）J3.0UT（鄂L02641）,特种设备,5010000015,14000157,,2025-11-27,1900.00,665.0000,储运采购部,储运采购部,汪贤良,未配置,无记录,51104212012024080035,车11鄂L01999(24),A3C4A06064Y,已登记,,,,,,,
正常,电瓶叉车-（海斯特）J3.0UT（鄂L02627）,特种设备,5010000014,14000156,,2025-11-27,1900.00,0.0000,储运采购部,储运采购部,汪贤良,未配置,无记录,51104212012024080034,车11鄂L01998(24),A3C4A06063Y,已登记,,,,,,,
正常,海斯特蓄电池平衡重式电叉车00954,特种设备,5010000013,14000135,,2025-11-27,8181.00,665.0000,储运采购部,储运采购部,汪贤良,未配置,无记录,51104212002019091333,车11鄂L00256(19),A401U03659T,已登记,,,,,,,
正常,海斯特内燃平衡重式柴油叉车02573,特种设备,5010000012,14000138,,2025-11-27,3424.00,0.0000,储运采购部,储运采购部,汪贤良,未配置,无记录,51104212002020070135,车11鄂L00354(20),B475R04401M,已登记,,,,,,,
正常,海斯特内燃平衡重式柴油叉车00955,特种设备,5010000011,14000136,,2025-11-27,23540.00,2380.0000,储运采购部,储运采购部,汪贤良,未配置,无记录,51104212002019091334,车11鄂L00257(19),D466R08523T,已登记,,,,,,,
正常,海斯特内燃平衡重式柴油叉车00953,特种设备,5010000010,14000134,,2025-11-27,14425.00,2380.0000,储运采购部,储运采购部,汪贤良,未配置,无记录,51104212002019091332,车11鄂L00255(19),B475R04400M,已登记,,,,,,,
正常,海斯特内燃平衡重式柴油叉车00510,特种设备,5010000009,14000126,,2025-11-27,8883.00,0.0000,储运采购部,储运采购部,汪贤良,未配置,无记录,51104212002017040015,车11鄂L0015(17),D466R02203P,已登记,,,,,,,
正常,海斯特内燃平衡重式柴油叉车00509,特种设备,5010000008,14000125,,2025-11-27,14122.00,0.0000,储运采购部,储运采购部,汪贤良,未配置,无记录,51104212002017040016,车11鄂L0016(17),D466R02195P,已登记,,,,,,,
正常,海斯特蓄电池平衡重式电叉车00256,特种设备,5000000081,14000041,,2025-11-27,2699.00,665.0000,储运采购部,储运采购部,汪贤良,未配置,无记录,51104212002017040017,车11鄂L0017(17),A401U01531K,已登记,,,,,,,
正常,海斯特蓄电池平衡重式电叉车00255,特种设备,5000000080,14000040,,2025-11-27,11289.00,1330.0000,储运采购部,储运采购部,汪贤良,未配置,无记录,51104212002017040018,车11鄂L0018(17),A401U01532K,已登记,,,,,,,
正常,海斯特蓄电池平衡重式电叉车00254,特种设备,5000000079,14000039,,2025-11-27,10764.10,1330.0000,储运采购部,储运采购部,汪贤良,未配置,无记录,51104212002017040031,车11鄂L0031(17),A401101529K,已登记,,,,,,,
正常,海斯特蓄电池平衡重式电叉车00253,特种设备,5000000078,14000038,,2025-11-27,12542.00,1330.0000,储运采购部,储运采购部,汪贤良,未配置,无记录,51104212002017040019,车11鄂L0019(17),A401U01530K,已登记,,,,,,,
正常,海斯特内燃平衡重式柴油叉车00251,特种设备,5000000077,14000037,,2025-11-27,2411.00,0.0000,储运采购部,储运采购部,汪贤良,未配置,无记录,51104212012023040021,车11鄂L01435(23),B466R11614K,已登记,,,,,,,
正常,海斯特内燃平衡重式柴油叉车00249,特种设备,5000000076,14000036,,2025-11-27,1535.00,2380.0000,储运采购部,储运采购部,汪贤良,未配置,无记录,51104212002017040022,车11鄂L0022(17),B466R11613K,已登记,,,,,,,
正常,海斯特内燃平衡重式柴油叉车00248,特种设备,5000000075,14000035,,2025-11-27,1713.00,2380.0000,储运采购部,储运采购部,汪贤良,未配置,无记录,51104212002017040023,车11鄂L0023(17),B475R03903K,已登记,,,,,,,
正常,海斯特内燃平衡重式柴油叉车00247,特种设备,5000000074,14000034,,2025-11-27,7345.00,0.0000,储运采购部,储运采购部,汪贤良,未配置,无记录,51104212002017040024,车11鄂L0024(17),B475R03902K,已登记,,,,,,,
正常,海斯特内燃平衡重式柴油叉车00252,特种设备,5000000073,14000033,,2025-11-27,4550.00,2380.0000,储运采购部,储运采购部,汪贤良,未配置,无记录,51104212002017040020,车11鄂L0020(17),B475R03899K,已登记,,,,,,,
正常,三车间液氮罐,生产设备>三车间,3109000452,11000930,,2025-08-03,0.00,0.0000,生产部,生产部,孙天豪,未配置,无记录,21504212002017040035,容15鄂L0035(17),16DG6A-01,已登记,,,,,,,
正常,污水处理系统,生产设备>污水处理车间,4000000466,,,2025-08-03,0.00,0.0000,生产部,生产部,孙天豪,未配置,无记录,42704212002018080073,起27鄂L00174(18),120610,已登记,,,,,,,
正常,污水处理系统设备,生产设备>污水处理车间,4000000469,11000745,,2025-08-03,0.00,0.0000,生产部,生产部,孙天豪,未配置,无记录,,,,,,,,,,,
正常,1T膜吊装行吊,生产设备>污水处理车间,4000000473,,,2025-08-03,0.00,0.0000,生产部,生产部,孙天豪,未配置,无记录,42704212002018080073,起27鄂L00174(18),120610,已登记,,,,,,,
正常,调节池设备,生产设备>污水处理车间,4000000470,,,2025-08-03,0.00,0.0000,生产部,生产部,孙天豪,未配置,无记录,,,,,,,,,,,
正常,污泥格栅,生产设备>污水处理车间,4000000471,,,2025-08-03,0.00,0.0000,生产部,生产部,孙天豪,未配置,无记录,,,,,,,,,,,
正常,超声波式液位开关,生产设备>污水处理车间,4000000472,,,2025-08-03,0.00,0.0000,生产部,生产部,孙天豪,未配置,无记录,,,,,,,,,,,
正常,自吸式离心产水泵A,生产设备>污水处理车间,4000000474,,,2025-08-03,0.00,0.0000,生产部,生产部,孙天豪,未配置,无记录,,,,,,,,,,,
正常,自吸式离心产水泵B,生产设备>污水处理车间,4000000475,,,2025-08-03,0.00,0.0000,生产部,生产部,孙天豪,未配置,无记录,,,,,,,,,,,
正常,反冲洗泵A,生产设备>污水处理车间,4000000476,,,2025-08-03,0.00,0.0000,生产部,生产部,孙天豪,未配置,无记录,,,,,,,,,,,
正常,反冲洗泵B,生产设备>污水处理车间,4000000477,,,2025-08-03,0.00,0.0000,生产部,生产部,孙天豪,未配置,无记录,,,,,,,,,,,
正常,PE-1M3加药箱清洗,生产设备>污水处理车间,4000000478,,,2025-08-03,0.00,0.0000,生产部,生产部,孙天豪,未配置,无记录,,,,,,,,,,,
正常,上位机,生产设备>污水处理车间,4000000479,,,2025-08-03,0.00,0.0000,生产部,生产部,孙天豪,未配置,无记录,,,,,,,,,,,
正常,加碱装置设备,生产设备>污水处理车间,4000000480,,,2025-08-03,0.00,0.0000,生产部,生产部,孙天豪,未配置,无记录,,,,,,,,,,,
正常,三叶罗茨式鼓风机,生产设备>污水处理车间,4000000481,,,2025-08-03,0.00,0.0000,生产部,生产部,孙天豪,未配置,无记录,,,,,,,,,,,
正常,在线式溶解氧仪1,生产设备>污水处理车间,4000000482,,,2025-08-03,0.00,0.0000,生产部,生产部,孙天豪,未配置,无记录,,,,,,,,,,,
正常,在线式溶解氧仪2,生产设备>污水处理车间,4000000483,,,2025-08-03,0.00,0.0000,生产部,生产部,孙天豪,未配置,无记录,,,,,,,,,,,
正常,MBR分离膜机配套设备1,生产设备>污水处理车间,4000000484,,,2025-08-03,0.00,0.0000,生产部,生产部,孙天豪,未配置,无记录,,,,,,,,,,,
正常,MBR分离膜机配套设备2,生产设备>污水处理车间,4000000485,,,2025-08-03,0.00,0.0000,生产部,生产部,孙天豪,未配置,无记录,,,,,,,,,,,
正常,MBR分离膜机配套设备3,生产设备>污水处理车间,4000000486,,,2025-08-03,0.00,0.0000,生产部,生产部,孙天豪,未配置,无记录,,,,,,,,,,,
正常,MBR分离膜机配套设备4,生产设备>污水处理车间,4000000487,,,2025-08-03,0.00,0.0000,生产部,生产部,孙天豪,未配置,无记录,,,,,,,,,,,
正常,污泥回流气提设备装置,生产设备>污水处理车间,4000000488,,,2025-08-03,0.00,0.0000,生产部,生产部,孙天豪,未配置,无记录,,,,,,,,,,,
正常,三车间空压系统,生产设备>三车间>空压机房,4000000459,,,2025-08-03,0.00,0.0000,生产部,生产部,田爱国,未配置,无记录,,,,,,,,,,,
正常,三车间储气罐,生产设备>三车间>空压机房,4000000464,11000650,,2025-08-03,0.00,0.0000,生产部,生产部,孙天豪,未配置,无记录,21704212002017040033,容17鄂L0033(17),11FB746,已登记,,,,,,,
正常,蒸汽系统,生产设备>锅炉房,4000000420,,,2025-08-03,0.00,0.0000,生产部,生产部,孙天豪,未配置,无记录,,,,,,,,,,,
正常,燃气蒸汽锅炉4#,生产设备>锅炉房,4000000433,11000794,,2025-08-03,0.00,0.0000,生产部,生产部,孙天豪,未配置,无记录,11004212012014120007,锅鄂L0007,0849644,已登记,,,,,,,
正常,油气两用锅炉3#,生产设备>锅炉房,4000000429,11000481,,2025-08-03,0.00,0.0000,生产部,生产部,孙天豪,未配置,无记录,11004212012014120006,锅鄂L0006,8184,已登记,,,,,,,
正常,油气两用锅炉2#,生产设备>锅炉房,4000000428,11000480,,2025-08-03,0.00,0.0000,生产部,生产部,孙天豪,未配置,无记录,11004212012014120005,锅鄂L0005,8146,已登记,,,,,,,
正常,油气两用锅炉1#,生产设备>锅炉房,4000000426,11000478,,2025-08-03,0.00,0.0000,生产部,生产部,孙天豪,未配置,无记录,11004212012014120004,锅鄂L0004,8145,已登记,,,,,,,
正常,分汽缸,生产设备>锅炉房,4000000421,11000129,,2025-08-03,0.00,0.0000,生产部,生产部,孙天豪,未配置,无记录,21704212012024110060,容17鄂L04316(24),C416-02223,已登记,,,,,,,
正常,二车间液氮罐,生产设备>二车间,3109000451,11000929,,2025-08-03,0.00,0.0000,生产部,生产部,孙天豪,未配置,无记录,21504212002017040036,容15鄂L0036(17),16DG6A-02,已登记,,,,,,,
正常,一车间液氮罐,生产设备>一车间,3109000450,11000928,,2025-08-03,0.00,0.0000,生产部,生产部,孙天豪,未配置,无记录,21504212002017040034,容15鄂L0034(17),15DG10A-02,已登记,,,,,,,
正常,一车间储气罐2,生产设备>一车间,3100002273,11000100,,2025-08-03,0.00,0.0000,生产部,生产部,孙天豪,未配置,无记录,,,,,,,,,,,
正常,一车间储气罐1,生产设备>一车间,3100002272,11000100,,2025-08-03,0.00,0.0000,生产部,生产部,孙天豪,未配置,无记录,,,,,,,,,,,
